# https://github.com/mikedh/trimesh
v 0.09184301 0.65938795 -0.05811268
v 0.09578007 0.65809035 -0.05927220
v 0.09656271 0.65949798 -0.05953076
v 0.09224136 0.66068411 -0.05858652
v 0.10431661 0.65918875 -0.04890501
v 0.10472851 0.66273558 -0.05273338
v 0.10466819 0.66555214 -0.05294205
v 0.10451821 0.66535616 -0.04994756
v 0.05777586 0.62335086 0.00547044
v 0.04284903 0.62516522 0.01024045
v 0.04208124 0.61480844 0.00711580
v 0.05563965 0.61039972 0.00054541
v 0.07263011 0.58579838 -0.02293301
v 0.06789777 0.59408665 -0.01613005
v 0.06636535 0.58311808 -0.01411374
v 0.07526059 0.57759070 -0.02635586
v 0.07307316 0.72440588 -0.14476915
v 0.08034002 0.72203147 -0.13929187
v 0.07849007 0.71617186 -0.14303863
v -0.03128948 0.66971743 -0.05555706
v -0.03540813 0.66906118 -0.05645882
v -0.03594611 0.67047191 -0.05673568
v -0.03155170 0.67102706 -0.05595537
v -0.04331324 0.67150509 -0.04568746
v -0.04305962 0.67499006 -0.04934068
v -0.04241775 0.67776477 -0.04948980
v -0.04215666 0.67750931 -0.04656257
v 0.07144721 0.71773589 -0.14731880
v 0.12601757 0.67912138 -0.03740501
v 0.12590599 0.67633557 -0.03612129
v 0.12580189 0.67481172 -0.03807850
v 0.12592459 0.67726386 -0.03913920
v 0.12044556 0.66087055 -0.03946856
v 0.12089637 0.66831899 -0.03777013
v 0.12235311 0.67084706 -0.03698561
v 0.12238914 0.66866767 -0.03786224
v 0.11941458 0.65047228 -0.04307693
v 0.11841039 0.65127361 -0.04353538
v 0.12038644 0.65564370 -0.04157926
v 0.12145801 0.65515876 -0.04081550
v 0.10218897 0.63353884 -0.06671868
v 0.10517703 0.63538671 -0.06478320
v 0.10539650 0.63291490 -0.06357135
v 0.10071082 0.63192856 -0.06518108
v 0.09789279 0.63357067 -0.06426371
v 0.10227074 0.63232243 -0.06000650
v 0.10210167 0.63539481 -0.05900218
v 0.09860978 0.63596714 -0.06244198
v 0.12148601 0.68990517 -0.05204358
v 0.12159854 0.68654239 -0.05264905
v 0.11973412 0.68590641 -0.05507427
v 0.11956057 0.68941581 -0.05485766
v 0.10428475 0.65795600 -0.04352960
v 0.10209098 0.65192568 -0.04588731
v 0.10892020 0.65575564 -0.04274160
v 0.10962258 0.65843523 -0.04204897
v 0.11876313 0.67931020 -0.04472842
v 0.11994410 0.68001962 -0.04138441
v 0.12019210 0.67772067 -0.04019042
v 0.11885704 0.67635775 -0.04283314
v 0.12255928 0.68117714 -0.03629616
v 0.12255420 0.67806423 -0.03490472
v 0.10110473 0.64283526 -0.06822938
v 0.10038920 0.64663911 -0.06902698
v 0.10105009 0.64809906 -0.06763949
v 0.10144546 0.64688241 -0.06629394
v 0.10307256 0.65919769 -0.05244572
v 0.10515511 0.66329288 -0.05426270
v 0.11448249 0.64052653 -0.04852060
v 0.11450433 0.64261174 -0.04945310
v 0.11701925 0.64630198 -0.04595741
v 0.11711673 0.64478934 -0.04471184
v 0.11159115 0.64546824 -0.05115949
v 0.11403980 0.64770389 -0.04757332
v 0.11522333 0.64815855 -0.04579653
v 0.11402323 0.64619517 -0.04795220
v 0.12216078 0.68226826 -0.04526096
v 0.12026908 0.68475878 -0.04990334
v 0.12130746 0.68418753 -0.05017189
v 0.12316902 0.68164849 -0.04541576
v 0.11263935 0.67015135 -0.04196259
v 0.11186531 0.67535830 -0.04369313
v 0.11073886 0.67480063 -0.04392342
v 0.11162078 0.67030895 -0.04235761
v 0.12224267 0.67864716 -0.03847634
v 0.12230664 0.67593586 -0.03746318
v 0.12044223 0.67498314 -0.03894242
v 0.10828163 0.67806804 -0.05617004
v 0.10920672 0.67887473 -0.05487680
v 0.10944231 0.67723119 -0.05443143
v 0.10887928 0.67604196 -0.05557018
v 0.10502779 0.63158393 -0.06017474
v 0.09958550 0.64337671 -0.05206734
v 0.10160819 0.64367151 -0.05042554
v 0.10485873 0.64735353 -0.04746100
v 0.10348436 0.64868891 -0.04713659
v 0.09793802 0.63558042 -0.06873681
v 0.10096569 0.63558316 -0.06876639
v 0.10167091 0.63422537 -0.06767273
v 0.09857200 0.63369679 -0.06736474
v 0.11186776 0.68216670 -0.05457609
v 0.11413009 0.68131530 -0.05249009
v 0.11207353 0.68053019 -0.05318223
v 0.11065365 0.68099129 -0.05486374
v 0.11948903 0.66655815 -0.03953662
v 0.11902755 0.67342019 -0.04122289
v 0.11812288 0.65756011 -0.04531429
v 0.11810814 0.65764880 -0.04238461
v 0.11710101 0.65365899 -0.04385939
v 0.00052997 0.62823498 0.00689005
v 0.01643099 0.62719798 0.01092045
v 0.01520907 0.61702108 0.00781794
v -0.00020845 0.61526561 0.00187362
v 0.11707333 0.65367675 -0.04673055
v 0.11836302 0.66564202 -0.04512028
v 0.11884462 0.66553938 -0.04171785
v 0.12318483 0.67432368 -0.03958638
v 0.12282763 0.66814947 -0.03929373
v 0.12282355 0.67487347 -0.03873269
v 0.10965774 0.67899907 -0.04575122
v 0.10974098 0.68202162 -0.04163429
v 0.10849471 0.67527020 -0.04020727
v 0.10964979 0.67637694 -0.04457971
v 0.10196497 0.65195739 -0.06691980
v 0.10355164 0.65389442 -0.06558356
v 0.10223962 0.65158856 -0.06408390
v 0.10123321 0.64943027 -0.06473075
v 0.10536870 0.64531755 -0.04878420
v 0.10231654 0.64255095 -0.05131139
v 0.10282471 0.64199913 -0.05205891
v 0.10574380 0.64357078 -0.05030832
v 0.11669890 0.68221617 -0.05031558
v 0.11641039 0.67707980 -0.04957846
v 0.11468434 0.67723787 -0.05105524
v 0.10746628 0.64762449 -0.05932918
v 0.10828148 0.64875972 -0.05737269
v 0.10934361 0.64555728 -0.05572715
v 0.10853406 0.64372492 -0.05750176
v 0.10981390 0.63457406 -0.05453097
v 0.10744983 0.63454151 -0.05390390
v 0.10492421 0.63307142 -0.05724984
v 0.10740330 0.63259840 -0.05750236
v 0.10140014 0.64840901 -0.06562133
v 0.10131916 0.64946866 -0.06730101
v 0.11467754 0.67020190 -0.03992051
v 0.11425655 0.67649794 -0.04203814
v 0.11806944 0.67488611 -0.04522137
v 0.11815712 0.67228496 -0.04381994
v 0.10577114 0.66392839 -0.06114471
v 0.10341815 0.66460371 -0.05982666
v 0.10325830 0.66376877 -0.05985246
v 0.10615445 0.66227102 -0.06132431
v 0.10617795 0.66395593 -0.06258056
v 0.10649278 0.66229367 -0.06272440
v 0.10609119 0.66221237 -0.06392185
v 0.10582493 0.66317034 -0.06404456
v 0.10258225 0.66488564 -0.05929168
v 0.10284320 0.66458488 -0.05961088
v 0.10323179 0.66512203 -0.05927089
v 0.10775680 0.66699290 -0.04695300
v 0.10786276 0.65902495 -0.04555132
v 0.10564677 0.65901995 -0.04647081
v 0.10556917 0.66608238 -0.04815691
v 0.11914728 0.65856695 -0.04059829
v 0.11586213 0.68616998 -0.05907596
v 0.11439647 0.68854225 -0.05895441
v 0.11745587 0.69156015 -0.05453882
v 0.10269678 0.65040553 -0.05492329
v 0.10551343 0.65121841 -0.05785458
v 0.10404722 0.65115023 -0.05934951
v 0.10226810 0.65021849 -0.05674532
v 0.10208336 0.65560555 -0.06124361
v 0.09985552 0.65247273 -0.06201586
v 0.10408168 0.65398109 -0.06278162
v 0.10652565 0.66998208 -0.06273736
v 0.10474148 0.66611564 -0.06006325
v 0.10556470 0.66502655 -0.06141779
v 0.10599469 0.66549253 -0.06277581
v 0.11938458 0.64964199 -0.04168185
v 0.12138435 0.65468276 -0.03921569
v 0.11970375 0.65457702 -0.03757761
v 0.11773117 0.64917982 -0.04011855
v 0.09893244 0.63935888 -0.07003574
v 0.09590268 0.63701534 -0.06723429
v 0.09858738 0.64276409 -0.07067929
v 0.12571649 0.68612432 -0.04303051
v 0.12235817 0.68864560 -0.04244538
v 0.12267667 0.68644273 -0.04004403
v 0.12611017 0.68399155 -0.04074082
v 0.10401241 0.67101490 -0.05376469
v 0.10394371 0.66898930 -0.05429418
v 0.10429168 0.67042232 -0.05567817
v 0.10424848 0.67233860 -0.05539714
v 0.08327302 0.63525319 -0.01223386
v 0.09119081 0.63555872 -0.03184481
v 0.09544104 0.64878201 -0.02311415
v 0.08844517 0.64828181 -0.00683174
v 0.11093780 0.63751137 -0.05513376
v 0.10965598 0.63563502 -0.05785106
v 0.10850373 0.67753685 -0.06368065
v 0.10787800 0.67977774 -0.06488721
v 0.10940763 0.68506634 -0.06318567
v 0.10993469 0.68154895 -0.06318018
v 0.12254561 0.66981709 -0.03377538
v 0.12530209 0.66885614 -0.03538456
v 0.11134614 0.68277681 -0.05622182
v 0.11505756 0.68573880 -0.05306782
v 0.11275845 0.68352342 -0.05416962
v 0.11094937 0.68224561 -0.05587341
v 0.10986073 0.67456639 -0.05848928
v 0.11066604 0.67581701 -0.05883310
v 0.10897900 0.67681396 -0.05858822
v 0.10781739 0.67550731 -0.05839618
v 0.10756365 0.68489063 -0.06580876
v 0.10984060 0.68940914 -0.06234419
v 0.09752146 0.64325213 -0.05286079
v 0.11008838 0.67610800 -0.06120811
v 0.11119547 0.67866409 -0.06153005
v 0.11172065 0.67738914 -0.05911217
v -0.02271826 0.59390104 -0.02032046
v -0.01628740 0.60134339 -0.01412510
v -0.01665493 0.59034908 -0.01168888
v -0.02652387 0.58651400 -0.02345274
v 0.09974714 0.64782739 -0.07114666
v 0.10068854 0.64930630 -0.06894846
v 0.11016565 0.68140709 -0.05606066
v 0.10934001 0.68025506 -0.05610496
v 0.10748924 0.67662573 -0.05705453
v 0.10793857 0.67454505 -0.05571107
v 0.11400197 0.66723251 -0.04876911
v 0.11509139 0.65859258 -0.04743015
v 0.09802134 0.64999890 -0.03742390
v 0.09334411 0.63673615 -0.05241035
v 0.10786887 0.67722285 -0.05833744
v 0.10783947 0.67758930 -0.05807997
v 0.10696827 0.67671359 -0.05769388
v 0.10688681 0.67617381 -0.05806893
v 0.10819851 0.63421774 -0.06036480
v 0.11306942 0.67380869 -0.05096243
v 0.10981797 0.67215729 -0.05301064
v 0.11077437 0.67433321 -0.05363567
v 0.12215316 0.65998900 -0.04046664
v 0.12386568 0.66793835 -0.03945699
v 0.12542030 0.66816461 -0.03775532
v 0.12346873 0.65970397 -0.03915725
v 0.09641241 0.63521111 -0.06593020
v 0.10397296 0.66821170 -0.05339667
v 0.10501043 0.66648328 -0.05420861
v 0.10543580 0.67343521 -0.05517303
v 0.10575340 0.67511344 -0.05701337
v 0.10126685 0.65227592 -0.06925192
v 0.12162346 0.68284190 -0.04127077
v 0.12198386 0.68087077 -0.03981628
v 0.11989409 0.68165648 -0.04264748
v 0.11964069 0.68293226 -0.04426229
v 0.11893832 0.68477547 -0.04735466
v 0.11917203 0.68626213 -0.04777677
v 0.12093538 0.68465149 -0.04326601
v 0.10869016 0.67331767 -0.05446466
v 0.10982004 0.67491400 -0.05476934
v 0.10682821 0.64657557 -0.06083575
v 0.10726164 0.64057004 -0.06026186
v 0.11558473 0.65039814 -0.04623576
v 0.11524417 0.65117264 -0.04918527
v 0.11755869 0.66061771 -0.03660182
v 0.11805568 0.66985726 -0.03571741
v 0.11626166 0.66988420 -0.03799547
v 0.11626794 0.66108501 -0.03815818
v 0.10988799 0.66428769 -0.04175029
v 0.10643960 0.66537547 -0.04202981
v 0.10549399 0.66434848 -0.06453845
v 0.10504282 0.66835618 -0.06647644
v 0.10484013 0.67287004 -0.05515150
v 0.10527483 0.67450893 -0.05694066
v 0.10983270 0.64730442 -0.04611497
v 0.10499226 0.64075768 -0.05369558
v 0.10970303 0.64516747 -0.04793271
v 0.10075778 0.64066637 -0.05587802
v 0.10031112 0.63977683 -0.05821430
v 0.10294347 0.63933837 -0.05650377
v 0.11183824 0.64742231 -0.05204848
v 0.11385882 0.64831245 -0.04931271
v 0.10216045 0.66464078 -0.05868683
v 0.10034567 0.66320968 -0.05750467
v 0.10114697 0.66447508 -0.05918673
v 0.11712354 0.66617334 -0.04738555
v 0.11728811 0.65807343 -0.04697552
v 0.11063688 0.67804027 -0.05851382
v 0.10763236 0.66837823 -0.05822110
v 0.10883266 0.67187941 -0.06010709
v 0.11437532 0.68107069 -0.05884302
v 0.11252809 0.67954385 -0.05814792
v 0.11172529 0.67878878 -0.05843664
v 0.11284655 0.67920792 -0.05929676
v 0.09446622 0.65563095 -0.05862710
v 0.09748446 0.65372324 -0.06030033
v 0.09930986 0.65677214 -0.06048161
v 0.11807300 0.68602896 -0.04941548
v 0.11827089 0.68393517 -0.04827186
v 0.11580490 0.67687750 -0.03996426
v 0.11009595 0.67904377 -0.05385114
v 0.11039850 0.67748713 -0.05299266
v 0.11248334 0.69048822 -0.04669581
v 0.11175368 0.68875730 -0.05021874
v 0.11184146 0.68914962 -0.05154913
v 0.11288419 0.69324493 -0.05123436
v 0.09925503 0.63728201 -0.06138062
v 0.10206550 0.63719869 -0.05862054
v 0.10194745 0.63839996 -0.05815324
v 0.09983192 0.63855839 -0.06013286
v 0.10334235 0.65089524 -0.06002721
v 0.10200918 0.65007389 -0.05778131
v 0.11705292 0.65145361 -0.04343855
v 0.11611413 0.65076089 -0.04449097
v 0.11770146 0.65452862 -0.04230094
v 0.11885829 0.65565050 -0.04134089
v 0.10522275 0.67151678 -0.05125038
v 0.10436861 0.67058504 -0.05155407
v 0.11167272 0.68282783 -0.04938036
v 0.11420370 0.68487120 -0.04796673
v 0.11331137 0.68794596 -0.05138482
v 0.11146735 0.68603778 -0.05149007
v 0.11748835 0.67742956 -0.03780916
v 0.11031085 0.67603981 -0.05342822
v 0.11099955 0.67613709 -0.05230877
v 0.10989325 0.67652011 -0.05391691
v 0.10703820 0.67464924 -0.05814948
v 0.10901957 0.67342937 -0.05795057
v 0.11383938 0.68117821 -0.05733112
v 0.11789211 0.68419623 -0.05429922
v 0.11686452 0.68437552 -0.05401146
v 0.11332534 0.68192732 -0.05698906
v 0.10842444 0.67906809 -0.05723705
v 0.04526484 0.63621175 0.01635183
v 0.04786902 0.64550066 0.02347954
v -0.00502143 0.73054421 -0.14331813
v -0.01243847 0.72939301 -0.13745408
v -0.01151921 0.72326171 -0.14121290
v -0.00446839 0.72376072 -0.14589782
v 0.11226447 0.68884110 -0.05895691
v 0.11326949 0.69029689 -0.05494989
v 0.11444805 0.69102848 -0.05460159
v 0.11294061 0.68950570 -0.05800161
v 0.11926661 0.68176782 -0.04482438
v 0.12285443 0.67745483 -0.03968893
v 0.10599494 0.66495740 -0.05589638
v 0.10235232 0.66232610 -0.05598206
v 0.09215906 0.66195631 -0.05709361
v 0.09262906 0.66312671 -0.05712568
v 0.09313019 0.66265070 -0.05589374
v 0.09267114 0.66136050 -0.05564625
v 0.09524359 0.65644670 -0.05520349
v 0.09791554 0.65516293 -0.05658489
v 0.09696631 0.65339041 -0.05800612
v 0.09441198 0.65438592 -0.05583408
v 0.09132224 0.65888131 -0.05663162
v 0.09174708 0.66045940 -0.05695654
v 0.09234294 0.65966666 -0.05540358
v 0.09205811 0.65781379 -0.05490820
v 0.11738325 0.68611825 -0.05158243
v 0.11931681 0.68581188 -0.04989240
v 0.12424611 0.67645550 -0.04067706
v 0.12419783 0.67416799 -0.03966993
v 0.12260096 0.68154657 -0.04258885
v 0.12278296 0.67966509 -0.04109617
v 0.10413800 0.65655935 -0.06561781
v 0.10518979 0.65649402 -0.06382151
v 0.10464585 0.65492380 -0.06389301
v 0.12573388 0.67949593 -0.04062482
v 0.12610441 0.68157756 -0.03897025
v 0.10151365 0.63928711 -0.06869805
v 0.10030644 0.63790619 -0.06952778
v 0.06683408 0.56788909 -0.08931355
v 0.07793546 0.57287502 -0.07720482
v 0.07614817 0.56230593 -0.07824074
v 0.06524399 0.55712366 -0.08968511
v 0.11409046 0.68389678 -0.06032081
v 0.11289875 0.68661106 -0.06047005
v 0.09147164 0.65730464 -0.05742220
v 0.09124455 0.65638793 -0.05597027
v 0.09389251 0.65466464 -0.05717652
v 0.09709060 0.66097569 -0.05943999
v 0.09300201 0.66197085 -0.05852652
v 0.09552976 0.65812635 -0.05545502
v 0.09679469 0.66319549 -0.05657267
v 0.09743112 0.66427147 -0.05797709
v 0.09882893 0.65015209 -0.06107331
v 0.10036056 0.64938104 -0.05900336
v 0.10184291 0.64940798 -0.06228541
v 0.09189965 0.65591300 -0.05485801
v 0.10527814 0.67257750 -0.05346989
v 0.09870758 0.65868449 -0.05595944
v 0.10137299 0.65588403 -0.05409199
v 0.10088801 0.65379190 -0.05508503
v 0.09829073 0.65676594 -0.05611048
v 0.10998164 0.64486241 -0.05403484
v 0.11030380 0.64667952 -0.05407370
v 0.10331246 0.65096581 -0.05264934
v 0.10669639 0.65099335 -0.05493303
v 0.10579694 0.66799200 -0.05529691
v 0.10749865 0.67102134 -0.05691475
v 0.10272796 0.66475523 -0.05854226
v 0.09941468 0.66088068 -0.05642007
v 0.10160901 0.65837634 -0.05443506
v 0.09744612 0.66226959 -0.05917198
v 0.10117973 0.66200387 -0.06001757
v 0.10105448 0.66311252 -0.05977315
v 0.09752355 0.66323614 -0.05886937
v 0.11298492 0.67731321 -0.05177141
v 0.11141557 0.68464589 -0.06201551
v 0.11259258 0.68138814 -0.06112756
v 0.11388278 0.69413698 -0.03451925
v 0.11114357 0.68598449 -0.03016370
v 0.11169578 0.68726718 -0.04298287
v 0.09588924 0.65995753 -0.05565408
v 0.09331702 0.66399288 -0.05734738
v 0.09399278 0.66347623 -0.05824624
v 0.11625257 0.64756048 -0.04608825
v 0.10265356 0.64897203 -0.06267613
v 0.10553576 0.67289305 -0.05746391
v 0.11635581 0.65549779 -0.03847959
v 0.11470124 0.65038705 -0.04073720
v 0.10507925 0.67408884 -0.05702016
v 0.10590772 0.67515361 -0.05758858
v 0.10131351 0.64956605 -0.05823865
v 0.10277961 0.65012467 -0.06099378
v 0.10621324 0.67551625 -0.05778711
v 0.10484288 0.65588605 -0.06245534
v 0.11810284 0.67653644 -0.04650494
v 0.10611909 0.63723242 -0.05341213
v 0.10403769 0.63613868 -0.05647216
v 0.09357297 0.66291010 -0.05852120
v 0.09630526 0.65370560 -0.05864063
v 0.09641609 0.66167486 -0.05600314
v 0.10354736 0.65968323 -0.06086837
v 0.10286530 0.65761137 -0.06117686
v 0.10544857 0.65806103 -0.06244227
v 0.10816941 0.65120804 -0.05308132
v 0.10411674 0.65252960 -0.05038383
v 0.10555100 0.65327358 -0.04813929
v 0.11015809 0.65168536 -0.05130225
v 0.11284065 0.64578569 -0.04339410
v 0.11072265 0.64172947 -0.04700337
v 0.11284585 0.63968790 -0.04710254
v 0.11551209 0.64400375 -0.04321698
v 0.11690737 0.70897532 -0.02544511
v 0.11518764 0.70020902 -0.04112129
v 0.11797008 0.71607518 -0.03667000
v 0.11730210 0.68589330 -0.04271483
v 0.11737528 0.68339050 -0.04106284
v 0.12266316 0.68392849 -0.03812084
v 0.11172691 0.69189560 -0.05704686
v 0.11186129 0.68917692 -0.05330528
v 0.11235511 0.69001830 -0.05533338
v 0.12114531 0.65993512 -0.03532854
v 0.10741252 0.67381203 -0.06353050
v 0.10939635 0.67394972 -0.06086641
v 0.10892010 0.64858484 -0.04525104
v 0.11070596 0.64995027 -0.05364517
v 0.11301262 0.65017080 -0.05165173
v 0.12320521 0.68622303 -0.04989960
v 0.11974356 0.68467152 -0.05236287
v 0.03060463 0.55958176 -0.11837330
v 0.02912988 0.55113053 -0.11493339
v 0.03725033 0.67100894 -0.16687156
v 0.03867152 0.67072535 -0.16539766
v 0.03762486 0.67270148 -0.16432817
v 0.03697464 0.67275774 -0.16505383
v 0.03692059 0.66178119 -0.16561972
v 0.03641210 0.66338575 -0.16442347
v 0.03736051 0.66303098 -0.16346343
v 0.03813158 0.66162777 -0.16470303
v 0.03452977 0.67255998 -0.16421215
v 0.03281113 0.67010856 -0.16685878
v 0.03445314 0.67094314 -0.16829568
v 0.03566640 0.67302966 -0.16494951
v 0.12329753 0.68948853 -0.04890070
v 0.04020136 0.66126275 -0.16537254
v 0.03937788 0.66314042 -0.16412354
v 0.04005519 0.66362500 -0.16602065
v 0.04163602 0.66210377 -0.16708909
v 0.03307734 0.66295254 -0.17364717
v 0.03427719 0.66499436 -0.17378810
v 0.03319155 0.66419864 -0.17138323
v 0.03304237 0.66220140 -0.17106339
v 0.03602444 0.66532838 -0.17313129
v 0.03783975 0.66486835 -0.17493801
v 0.03955048 0.66463149 -0.17320855
v 0.03743431 0.66506326 -0.17157519
v 0.03300539 0.66641903 -0.16630054
v 0.03422735 0.66438675 -0.16779339
v 0.03229655 0.66673660 -0.16990483
v 0.04053643 0.66589630 -0.16409726
v 0.03914172 0.66491997 -0.16263638
v 0.03840144 0.66878939 -0.16200557
v 0.03970730 0.66952324 -0.16294262
v 0.07153749 0.58507288 -0.08934081
v 0.08074863 0.58689582 -0.07484115
v 0.06444657 0.68081737 -0.14317386
v 0.06344644 0.67813671 -0.14437465
v 0.05954078 0.67973983 -0.14511961
v 0.06068385 0.68208086 -0.14405815
v 0.10637645 0.66031516 -0.06321331
v 0.10592924 0.66126812 -0.06436743
v 0.11718537 0.68062174 -0.03942536
v 0.12189583 0.68326807 -0.04468978
v 0.11728688 0.68778026 -0.04488884
v 0.11621999 0.69009984 -0.04953718
v 0.11454325 0.68895841 -0.05053080
v 0.11547216 0.68628085 -0.04658493
v 0.12524273 0.68314302 -0.04437706
v 0.10383390 0.64757717 -0.06310888
v 0.11536582 0.67280173 -0.04921122
v 0.11537524 0.69081736 -0.05210337
v 0.11901104 0.69198155 -0.05151065
v 0.12108429 0.66022789 -0.04043616
v 0.12550624 0.68153369 -0.04231363
v 0.12363575 0.68026483 -0.04354738
v 0.11598313 0.68304849 -0.05813714
v 0.10707477 0.65568447 -0.04596695
v 0.11368366 0.65512538 -0.04841226
v 0.11226650 0.65270388 -0.04977400
v -0.06056751 0.69467938 -0.03326776
v -0.06072825 0.69194114 -0.03219414
v -0.06122577 0.69051552 -0.03410138
v -0.06086069 0.69290996 -0.03506010
v -0.05819210 0.67591846 -0.03551538
v -0.05752760 0.68336415 -0.03376473
v -0.05831014 0.68610084 -0.03285917
v -0.05899560 0.68392050 -0.03380225
v 0.10629164 0.65389192 -0.04699785
v 0.10402928 0.66958392 -0.05221747
v 0.10110446 0.65328765 -0.07174949
v 0.10918076 0.64057791 -0.05683795
v -0.05889510 0.66547632 -0.03930244
v -0.05785340 0.66609693 -0.03973404
v -0.05905022 0.67073238 -0.03767149
v -0.06013330 0.67041576 -0.03687163
v 0.11040407 0.64141452 -0.05437794
v 0.06161466 0.63528526 0.01031503
v 0.06598566 0.64543998 0.01655785
v 0.12322102 0.65965831 -0.03694930
v 0.11721204 0.68565118 -0.05057445
v 0.10574967 0.64688849 -0.06184176
v 0.10495822 0.64132035 -0.06297722
v 0.10335017 0.64212501 -0.06483552
v 0.11074288 0.67661965 -0.05256681
v 0.10826226 0.64990175 -0.04508903
v 0.10850184 0.65222728 -0.04404269
v 0.09352016 0.66333222 -0.05632840
v 0.11002196 0.64357626 -0.04766969
v 0.10565397 0.63895035 -0.05350211
v 0.08611193 0.58978856 -0.06053393
v 0.08446656 0.59254670 -0.04461070
v -0.04562912 0.64545894 -0.06359362
v -0.04825453 0.64787328 -0.06151569
v -0.04889745 0.64548397 -0.06038694
v -0.04441557 0.64374900 -0.06213677
v 0.08412157 0.58090544 -0.04794248
v 0.08431863 0.57718527 -0.06280906
v 0.10368697 0.66708612 -0.07008940
v 0.10364912 0.65953410 -0.06762700
v 0.10278016 0.65866649 -0.06961164
v 0.04512391 0.56827974 -0.11239114
v 0.04118540 0.55511248 -0.10914403
v 0.10115580 0.65420401 -0.07583584
v 0.10087577 0.65417957 -0.08660072
v 0.10326929 0.66978717 -0.08605756
v 0.10267603 0.66403508 -0.07594174
v 0.09293005 0.70386744 -0.12092549
v 0.09486102 0.70408547 -0.11623259
v 0.09443462 0.69447601 -0.11652929
v 0.09242049 0.69612610 -0.12036863
v 0.05752373 0.76617396 -0.13412721
v 0.04744387 0.76782990 -0.13637455
v 0.04804335 0.77522159 -0.13014616
v 0.05863773 0.77302802 -0.12732363
v 0.06845456 0.65324080 0.02030828
v 0.07127085 0.66286743 0.02498280
v 0.05114464 0.66162419 0.03223391
v 0.04929856 0.65267110 0.02719913
v 0.06078319 0.78890932 -0.10384446
v 0.05009765 0.79170310 -0.10626774
v 0.05088807 0.79615629 -0.09612823
v -0.04130454 0.64466107 -0.06141674
v -0.04542572 0.64466631 -0.05697872
v -0.04471917 0.64763975 -0.05606082
v -0.04156704 0.64718652 -0.05964497
v 0.06173928 0.79301989 -0.09407921
v 0.08292308 0.67635608 -0.13423195
v 0.08461256 0.66985548 -0.13457854
v 0.08039050 0.66978788 -0.13820288
v 0.07932560 0.67622066 -0.13709643
v 0.10428629 0.63690555 -0.06588885
v 0.10319472 0.63793266 -0.06706122
v -0.05489971 0.70456398 -0.04793159
v -0.05546165 0.70131302 -0.04842393
v -0.05379377 0.70044649 -0.05097651
v -0.05312927 0.70374668 -0.05084808
v -0.04245492 0.66953635 -0.04047793
v -0.04222591 0.66305625 -0.04277173
v -0.04765063 0.66813338 -0.03919891
v -0.04761003 0.67089105 -0.03856603
v 0.05166562 0.79956245 -0.08426872
v 0.06286494 0.79637671 -0.08274932
v 0.04329970 0.69065654 -0.15074410
v -0.05363578 0.69384396 -0.04063391
v -0.05454057 0.69469738 -0.03725814
v -0.05512936 0.69255352 -0.03610045
v -0.05417363 0.69100404 -0.03876647
v -0.05666983 0.69607389 -0.03229091
v -0.05717349 0.69301546 -0.03104129
v -0.04364689 0.65380120 -0.06560283
v -0.04233999 0.65735722 -0.06634706
v -0.04272922 0.65906429 -0.06488951
v -0.04341430 0.65807283 -0.06357080
v -0.04210692 0.67131007 -0.04913943
v -0.04339048 0.67568934 -0.05076458
v -0.05585098 0.65490782 -0.04521566
v -0.05567745 0.65687382 -0.04595642
v -0.05732989 0.66095817 -0.04227817
v -0.05753660 0.65953970 -0.04127776
v 0.04383262 0.69237125 -0.14774415
v 0.04712965 0.68867600 -0.14648180
v 0.04665426 0.68683338 -0.14891835
v 0.04231562 0.74057567 -0.14930665
v 0.04397953 0.74819219 -0.14620653
v 0.05297656 0.74741924 -0.14458169
v 0.05083681 0.73994279 -0.14839073
v 0.05126692 0.68563259 -0.14523704
v 0.05022827 0.68381822 -0.14693712
v 0.04882573 0.78144777 -0.12263483
v 0.05937737 0.77906203 -0.11988230
v 0.06304158 0.79861248 -0.03267132
v -0.05253686 0.65922332 -0.04752953
v -0.05457656 0.66184628 -0.04380881
v -0.05541904 0.66253948 -0.04204766
v -0.05471907 0.66035974 -0.04422186
v 0.06364887 0.79972088 -0.04095872
v 0.05224239 0.80329120 -0.04015002
v -0.05644238 0.69730723 -0.04094993
v -0.05436444 0.69941628 -0.04564948
v -0.05546977 0.69906533 -0.04589524
v -0.05754470 0.69677579 -0.04112826
v 0.05326524 0.80149019 -0.02776909
v 0.10145696 0.66635430 -0.01458918
v 0.10432399 0.66550350 -0.03021838
v 0.10825414 0.67715847 -0.02821004
v 0.10733380 0.68218493 -0.01114439
v 0.05697698 0.57427275 -0.10225214
v 0.05352513 0.56094432 -0.09971123
v -0.04855044 0.68318462 -0.03859729
v -0.04705576 0.68820369 -0.04026403
v -0.04614997 0.68731368 -0.04041186
v -0.04773455 0.68294942 -0.03880977
v -0.05692312 0.69379127 -0.03431785
v -0.05742619 0.69112837 -0.03332249
v -0.05578446 0.68989575 -0.03487926
v -0.04389552 0.69080150 -0.05245630
v -0.04472287 0.69168830 -0.05120814
v -0.04509935 0.69021189 -0.05066640
v -0.04472556 0.68896568 -0.05184539
v -0.04855888 0.64438903 -0.05703143
v -0.04096521 0.65448058 -0.04915658
v -0.04272687 0.65519035 -0.04746658
v -0.04529336 0.65926945 -0.04427797
v -0.04381052 0.66025054 -0.04402963
v 0.08815932 0.72692955 -0.12709442
v 0.09089489 0.73195922 -0.12222137
v 0.09355675 0.72417247 -0.11915599
v 0.09072090 0.72018898 -0.12431329
v 0.03984491 0.72831607 -0.15423355
v 0.04736929 0.72774661 -0.15394209
v 0.04492415 0.72168100 -0.15486866
v 0.03864784 0.72210324 -0.15517440
v -0.04129389 0.64632571 -0.06608218
v -0.04425864 0.64697814 -0.06587820
v -0.04507434 0.64599860 -0.06461591
v -0.04212252 0.64497483 -0.06443314
v 0.09129580 0.68877923 -0.12109181
v 0.09369657 0.68535304 -0.11848316
v 0.09189713 0.67746413 -0.12340525
v 0.08927238 0.68195760 -0.12495147
v 0.08573345 0.67740798 -0.13106589
v -0.04691759 0.69523430 -0.05079991
v -0.04903403 0.69492137 -0.04852580
v -0.04721704 0.69379842 -0.04933620
v -0.04589975 0.69389808 -0.05113779
v 0.08777779 0.67126656 -0.13095728
v -0.05659074 0.68141937 -0.03555321
v -0.05475927 0.68813741 -0.03719900
v 0.05528149 0.75663030 -0.14040412
v 0.04572214 0.75794876 -0.14228006
v 0.09474641 0.71452451 -0.11685698
v 0.09236638 0.71216464 -0.12226219
v 0.04074375 0.69422495 -0.15345632
v 0.04155286 0.69544089 -0.14961378
v 0.03930696 0.70046246 -0.15218280
v -0.05677884 0.67234457 -0.04137656
v -0.05678004 0.67241108 -0.03837733
v -0.05647238 0.66832888 -0.03995765
v -0.05641108 0.66831923 -0.04284441
v 0.03577631 0.70073855 -0.15838088
v 0.03584016 0.70466864 -0.15669110
v 0.03900818 0.70415354 -0.15282719
v 0.06902365 0.73763144 -0.14181945
v 0.07126749 0.74446142 -0.13759863
v 0.07903239 0.74218047 -0.13222884
v 0.07671565 0.73570001 -0.13665256
v 0.05997423 0.78414321 -0.11205034
v -0.05602363 0.68042839 -0.04109868
v -0.05633311 0.68036568 -0.03766064
v 0.04936464 0.78675711 -0.11479098
v 0.03704227 0.71400440 -0.15509495
v 0.04131031 0.71360886 -0.15352078
v 0.04008370 0.71011257 -0.15264373
v -0.05869205 0.68963099 -0.03546120
v -0.05960549 0.68345404 -0.03522283
v -0.05818040 0.69011199 -0.03457083
v -0.04450097 0.69122577 -0.04257891
v -0.04404267 0.69406474 -0.03852109
v -0.04391603 0.68726885 -0.03701015
v -0.04486881 0.68866456 -0.04129567
v 0.03674400 0.71066964 -0.15507892
v 0.05487540 0.68153501 -0.14598794
v 0.05595373 0.68360412 -0.14479713
v 0.09634296 0.63778567 -0.06286110
v 0.09742638 0.63675809 -0.06321388
v 0.10577592 0.68484795 -0.07240022
v 0.10373646 0.67449796 -0.07464491
v 0.10476523 0.68280220 -0.08453178
v 0.10576920 0.69556272 -0.08164313
v 0.10948860 0.70669806 -0.07759072
v 0.11225514 0.71551013 -0.07137082
v 0.11179142 0.69928706 -0.06500133
v 0.10910313 0.69334972 -0.06976423
v 0.07946213 0.58394027 -0.03450195
v 0.07763539 0.59434247 -0.02992420
v 0.03545161 0.69778824 -0.16143438
v 0.03505123 0.69501686 -0.16420144
v 0.05672590 0.70176303 0.04384168
v -0.04282004 0.66321516 -0.06414691
v -0.04396201 0.66550982 -0.06267770
v -0.04305147 0.66311300 -0.06129111
v -0.04278034 0.66069269 -0.06192695
v 0.05504851 0.68868065 0.04189202
v 0.07587413 0.69135070 0.03341047
v 0.07727981 0.70387113 0.03511352
v 0.09748111 0.65618026 -0.01881565
v -0.04615525 0.65746021 -0.04562066
v -0.04362828 0.65427673 -0.04828127
v -0.04421123 0.65400982 -0.04908857
v -0.04672207 0.65602338 -0.04721355
v 0.10096347 0.65718043 -0.03356209
v 0.03918938 0.66748357 -0.16736305
v 0.03646249 0.67221498 -0.16249050
v 0.03634246 0.66863561 -0.16193490
v 0.03618437 0.67136395 -0.16230005
v 0.03897113 0.66455746 -0.16934012
v 0.04118715 0.66376138 -0.17071846
v 0.03682373 0.66482198 -0.16220963
v 0.03591383 0.66509295 -0.16277573
v 0.03557269 0.66900611 -0.16223146
v 0.03760752 0.67254317 -0.16315813
v 0.03004681 0.66138673 -0.17601158
v 0.03067297 0.66290259 -0.17893437
v 0.03463436 0.66398442 -0.17779210
v 0.03309692 0.66259480 -0.17569850
v 0.03419916 0.67173743 -0.16381718
v 0.03307533 0.66956604 -0.16463298
v 0.03368658 0.66758263 -0.17199107
v 0.03586733 0.67107069 -0.16790812
v 0.03636399 0.67298615 -0.16512541
v 0.03555766 0.66805410 -0.17116898
v 0.03430980 0.66205370 -0.16848961
v 0.03730341 0.66798043 -0.16957757
v -0.05137315 0.69627345 -0.04628555
v -0.05179387 0.69119716 -0.04548072
v -0.05009857 0.69106734 -0.04703057
v -0.04908074 0.66042900 -0.05619857
v -0.04959021 0.66173804 -0.05414716
v -0.05070267 0.65886438 -0.05234607
v -0.05024023 0.65684068 -0.05418418
v 0.10910040 0.64948034 -0.05545117
v 0.08456814 0.60484803 -0.07923800
v 0.09013997 0.61914098 -0.07084209
v 0.08929021 0.61846197 -0.06436889
v -0.05242958 0.64842880 -0.05138884
v -0.04995269 0.64791811 -0.05082332
v -0.04785213 0.64582729 -0.05414894
v -0.05046880 0.64591646 -0.05434562
v -0.04312706 0.65961897 -0.06279746
v -0.04272451 0.66052365 -0.06447289
v -0.05061502 0.68370426 -0.03649563
v -0.04935197 0.68975461 -0.03852320
v 0.08581629 0.60328674 -0.06935513
v 0.11315168 0.67566442 -0.05122974
v 0.10298522 0.72906482 -0.10068837
v 0.10553013 0.74031341 -0.08989066
v 0.11028044 0.72774065 -0.07910357
v -0.05377091 0.68942440 -0.04108804
v -0.05439813 0.68693817 -0.03974837
v 0.10861642 0.71714973 -0.08576424
v 0.10730613 0.74935377 -0.08130573
v 0.11199708 0.73806310 -0.07123442
v 0.11451619 0.72522330 -0.06244232
v 0.11473890 0.70405924 -0.04949000
v 0.07388669 0.69343460 -0.13805400
v 0.07420829 0.69319654 -0.13819182
v 0.07259838 0.69302952 -0.13945583
v -0.04421579 0.67617238 -0.05782141
v -0.04171813 0.67651570 -0.05660892
v -0.04174005 0.67567730 -0.05667353
v -0.04491560 0.67456567 -0.05800901
v 0.07262655 0.69320130 -0.13927348
v 0.07339656 0.69355619 -0.13744304
v 0.07209427 0.69320667 -0.13845253
v -0.04467560 0.67614138 -0.05928564
v -0.04532883 0.67453361 -0.05944923
v -0.04500043 0.67433178 -0.06068918
v -0.04457805 0.67521143 -0.06083248
v 0.07433881 0.69389427 -0.13649499
v 0.07485980 0.69363940 -0.13700752
v 0.07510227 0.69334209 -0.13715079
v 0.05652553 0.69560456 -0.14087278
v 0.05728026 0.69587302 -0.14017169
v 0.05976504 0.69477797 -0.14059022
v 0.05903277 0.69480431 -0.14169280
v 0.05624533 0.69533741 -0.14133029
v 0.05894922 0.69446278 -0.14211366
v -0.04086198 0.67672777 -0.05611170
v -0.04117621 0.67644119 -0.05642597
v -0.04143950 0.67701471 -0.05606463
v -0.04477659 0.67981172 -0.04342488
v -0.04677235 0.67197371 -0.04211226
v -0.04496069 0.67162347 -0.04317380
v -0.04298303 0.67848790 -0.04478895
v 0.06059407 0.69720685 -0.13468945
v 0.06009485 0.69752300 -0.13458253
v -0.05742189 0.67345345 -0.03661575
v 0.06147365 0.69680107 -0.13482650
v 0.05498511 0.69772601 -0.13850871
v 0.05512296 0.69875848 -0.13865623
v -0.05043170 0.69982493 -0.05522706
v -0.04868686 0.70184791 -0.05530237
v -0.05099956 0.70534945 -0.05072915
v 0.05996249 0.69835448 -0.13468468
v 0.05991690 0.69782662 -0.13452178
v 0.05517228 0.69717777 -0.13871635
v -0.04368437 0.66238153 -0.05198939
v -0.04657032 0.66368198 -0.05485099
v -0.04484902 0.66343355 -0.05645823
v -0.04335852 0.66212976 -0.05381481
v -0.04206394 0.66734803 -0.05833107
v -0.04039676 0.66388714 -0.05933060
v -0.04432640 0.66590834 -0.05986594
v -0.04383326 0.68223262 -0.05921482
v -0.04275230 0.67824578 -0.05662844
v -0.04378494 0.67717111 -0.05809605
v -0.04410838 0.67760551 -0.05942569
v -0.05887616 0.66466439 -0.03808040
v -0.05997872 0.66991818 -0.03537939
v -0.05819100 0.66952801 -0.03402527
v -0.05719040 0.66392422 -0.03682882
v 0.05356439 0.69707060 -0.13882138
v 0.05276842 0.69751942 -0.13839345
v -0.04182299 0.65004897 -0.06756523
v -0.03890517 0.64699721 -0.06473947
v -0.04104321 0.65289044 -0.06815593
v -0.05935480 0.70148003 -0.03869313
v -0.05570767 0.70344210 -0.03832069
v -0.05620746 0.70130360 -0.03586020
v -0.06000006 0.69942904 -0.03636789
v -0.04064991 0.68304837 -0.05026205
v -0.04116955 0.68099833 -0.05080588
v -0.04134364 0.68252039 -0.05213365
v -0.04072255 0.68443131 -0.05181519
v 0.05293962 0.69894004 -0.13863768
v 0.06404611 0.69298565 -0.14232442
v 0.06417082 0.69215405 -0.14242804
v 0.05949905 0.69290328 -0.14254731
v 0.05918424 0.69383049 -0.14240541
v 0.06388777 0.69349480 -0.14212184
v 0.06736521 0.69327152 -0.14129655
v 0.06739038 0.69273615 -0.14147621
v 0.06745897 0.69193602 -0.14150070
v -0.02360217 0.64411092 -0.00998291
v -0.03236004 0.64528608 -0.02917880
v -0.03426361 0.65918553 -0.02002329
v -0.02667362 0.65756214 -0.00422290
v -0.05326711 0.65132499 -0.05185402
v -0.05241849 0.64915621 -0.05458481
v -0.04456741 0.69004703 -0.06016693
v -0.04388621 0.69187129 -0.06165900
v -0.04457410 0.69732487 -0.05991642
v -0.04552238 0.69413483 -0.05983892
v 0.05639230 0.69410610 -0.14222260
v 0.05633304 0.69497502 -0.14183070
v 0.06750438 0.69121289 -0.14149690
v 0.06433551 0.69140089 -0.14237645
v -0.05848268 0.68495095 -0.03007997
v -0.06143293 0.68450344 -0.03154804
v 0.05962890 0.69215548 -0.14255910
v 0.05630162 0.69363189 -0.14229229
v 0.05352391 0.69501913 -0.14157540
v 0.05473352 0.69521749 -0.14157820
v 0.06444833 0.69055021 -0.14217566
v 0.06422101 0.68957555 -0.14210749
v 0.05943540 0.69029725 -0.14256658
v 0.05964577 0.69126320 -0.14253981
v -0.04636835 0.69577992 -0.05243762
v -0.04939405 0.69943035 -0.04917708
v -0.04747596 0.69683313 -0.05031303
v -0.04606812 0.69515538 -0.05214828
v -0.04601972 0.68754649 -0.05473852
v -0.04662985 0.68888628 -0.05506991
v -0.04483823 0.68963516 -0.05483843
v -0.04389693 0.68818057 -0.05470458
v 0.06752751 0.69039178 -0.14119522
v 0.06735654 0.68941736 -0.14109232
v -0.04294452 0.69664240 -0.06275870
v -0.04439905 0.70148766 -0.05922078
v 0.07626719 0.69323373 -0.13550092
v 0.07680419 0.69362223 -0.13456902
v 0.07674927 0.69306219 -0.13471830
v -0.03924564 0.65388501 -0.04991934
v 0.07643146 0.69267690 -0.13524766
v 0.07918682 0.68995094 -0.13220696
v 0.08013597 0.69110143 -0.13111144
v 0.08172697 0.69009876 -0.12985572
v -0.04611715 0.68901420 -0.05755886
v -0.04692772 0.69166458 -0.05792622
v -0.04747088 0.69055784 -0.05537137
v -0.04126544 0.65813887 -0.06839264
v -0.04212280 0.66001177 -0.06616759
v -0.04543699 0.69419539 -0.05235984
v -0.04479358 0.69296229 -0.05244742
v -0.04336198 0.68925822 -0.05337435
v -0.04403665 0.68730342 -0.05193551
v 0.08045529 0.68879187 -0.13120358
v -0.05121117 0.68098092 -0.04476470
v -0.05362521 0.67281055 -0.04359876
v 0.08779437 0.67909205 -0.12794895
v 0.08235408 0.68562257 -0.13067567
v 0.08391041 0.68694341 -0.12867503
v 0.07576988 0.69307446 -0.13630119
v 0.07507678 0.69286907 -0.13720798
v 0.07570343 0.69347847 -0.13623922
v 0.07618146 0.69371581 -0.13530275
v 0.07591069 0.69235492 -0.13604245
v 0.07514039 0.69213593 -0.13707873
v 0.07420689 0.69277501 -0.13826337
v 0.07425115 0.69195187 -0.13822663
v 0.07255147 0.69176042 -0.13951647
v 0.07252423 0.69259226 -0.13953596
v 0.07033205 0.69260132 -0.14051096
v -0.03751308 0.66052544 -0.03453816
v -0.03627837 0.64641237 -0.04946578
v 0.07070538 0.69310319 -0.14030688
v 0.07038925 0.69176614 -0.14049481
v 0.07263567 0.69106519 -0.13931565
v 0.07045844 0.69103944 -0.14040244
v 0.07426411 0.69123328 -0.13790326
v 0.07523205 0.69150257 -0.13673861
v 0.07604918 0.69181979 -0.13562572
v 0.07671995 0.69216239 -0.13480477
v 0.07717564 0.69275010 -0.13416840
v 0.07635211 0.69117463 -0.13508996
v 0.07694966 0.69030571 -0.13431865
v 0.07566316 0.68989766 -0.13571136
v 0.07537434 0.69082654 -0.13632248
v 0.07721777 0.69161987 -0.13413587
v 0.07799318 0.69084179 -0.13321751
v -0.04369126 0.68988287 -0.05463527
v -0.04362011 0.69024265 -0.05439535
v -0.04285071 0.68923354 -0.05402718
v -0.04285107 0.68872285 -0.05439536
v 0.07426539 0.69057190 -0.13754381
v 0.07426392 0.68972158 -0.13714793
v 0.07258106 0.68953490 -0.13861206
v 0.07266285 0.69034696 -0.13900264
v -0.05125695 0.64736509 -0.05710864
v -0.04912287 0.68739080 -0.04697763
v -0.04615138 0.68513930 -0.04934086
v -0.04680533 0.68753839 -0.04978427
v 0.07046951 0.69031870 -0.14014222
v 0.07051434 0.68936396 -0.13982633
v -0.05996858 0.67530322 -0.03648775
v -0.06063294 0.68338418 -0.03541214
v -0.06214887 0.68385088 -0.03385061
v -0.06122695 0.67521095 -0.03515383
v 0.06384873 0.69364560 -0.14184846
v 0.06359957 0.69377851 -0.14066489
v 0.06710996 0.69322872 -0.14014390
v 0.06744716 0.69341159 -0.14100352
v 0.07075787 0.69321644 -0.14012694
v -0.03973466 0.64575493 -0.06327571
v -0.04131957 0.68027902 -0.04994649
v -0.04272337 0.67876804 -0.05066941
v 0.07015939 0.69301307 -0.13932553
v 0.06701719 0.69316423 -0.13898520
v 0.06564055 0.69549584 -0.13477665
v 0.06702834 0.69538128 -0.13443507
v 0.06976263 0.69299269 -0.13825370
v -0.04166619 0.68586254 -0.05141783
v -0.04185639 0.68750465 -0.05333663
v 0.06387666 0.69375730 -0.13942406
v 0.06414611 0.69581640 -0.13494685
v 0.06069279 0.69488049 -0.13939708
v -0.04221501 0.66307294 -0.06640172
v 0.06261927 0.69628882 -0.13500780
v 0.05810556 0.69587076 -0.13941899
v 0.06637990 0.70584846 -0.14185761
v 0.06648669 0.70601714 -0.14212604
v 0.07108679 0.70502579 -0.14164160
v 0.07061720 0.70482755 -0.14122586
v 0.08402628 0.66545069 0.01473588
v 0.08685379 0.67995536 0.02046319
v 0.07394598 0.67598283 0.02992027
v 0.07343714 0.70213389 -0.14032075
v 0.07346819 0.70307457 -0.13992128
v 0.07579126 0.70150483 -0.13858348
v 0.07554852 0.70064831 -0.13867544
v 0.07332537 0.70111501 -0.14065047
v -0.05574770 0.69773126 -0.03702790
v -0.05633491 0.69593275 -0.03565628
v -0.05431484 0.69629323 -0.03847574
v -0.05390380 0.69748223 -0.04009000
v -0.05300566 0.69912517 -0.04316699
v -0.05296411 0.70067132 -0.04357658
v -0.05484907 0.69934452 -0.03904704
v -0.04489430 0.68617857 -0.05070451
v -0.04583196 0.68802488 -0.05093383
v 0.07519911 0.69961929 -0.13878754
v 0.07069477 0.70264113 -0.14237091
v -0.04873382 0.65919828 -0.05775709
v -0.04943234 0.65339422 -0.05697902
v -0.05555718 0.66484892 -0.04241122
v -0.05552797 0.66543245 -0.04528440
v -0.05498502 0.67500806 -0.03310698
v -0.05423706 0.68421197 -0.03217410
v -0.05250997 0.68380892 -0.03455529
v -0.05363550 0.67512798 -0.03471434
v 0.07078923 0.70378673 -0.14194025
v 0.07067415 0.70457220 -0.14136329
v 0.07440069 0.69808376 -0.13443103
v 0.07371273 0.69912982 -0.13511814
v -0.04692770 0.67670429 -0.03832259
v -0.04344701 0.67714274 -0.03881119
v -0.04399935 0.67625678 -0.06134582
v -0.04288626 0.68012345 -0.06320620
v -0.04121202 0.68511975 -0.05150921
v -0.04148302 0.68683755 -0.05328309
v -0.05004787 0.66026628 -0.04278645
v -0.04664432 0.65333200 -0.05071988
v -0.05035858 0.65832269 -0.04472088
v -0.04257260 0.65236747 -0.05300158
v -0.04237817 0.65146029 -0.05539073
v -0.04496796 0.65159941 -0.05359920
v 0.07422268 0.69898915 -0.13663927
v 0.07524555 0.69806707 -0.13537842
v 0.07499190 0.69733560 -0.13383292
v 0.07584781 0.69724560 -0.13445912
v 0.06984422 0.69759250 -0.13217023
v 0.06952126 0.69801176 -0.13247004
v 0.06900503 0.69853568 -0.13287681
v -0.05257539 0.66115940 -0.04840382
v -0.05427390 0.66244137 -0.04553900
v 0.07000102 0.69725645 -0.13198410
v -0.04047796 0.67646468 -0.05549090
v -0.03900594 0.67485261 -0.05436753
v -0.03956596 0.67617214 -0.05610631
v -0.05449014 0.68059170 -0.04315118
v -0.05588287 0.67267621 -0.04306920
v -0.04628459 0.69108319 -0.05471779
v 0.07005486 0.69696164 -0.13190332
v -0.04505817 0.68096721 -0.05452774
v -0.04570891 0.68457401 -0.05642267
v -0.04972540 0.69460547 -0.05508575
v -0.04808378 0.69286442 -0.05442226
v -0.04727063 0.69199097 -0.05469311
v -0.04838206 0.69254601 -0.05558626
v -0.03452363 0.66648149 -0.05589671
v -0.03787500 0.66505170 -0.05747402
v -0.03916815 0.66827285 -0.05750100
v 0.07001865 0.69670331 -0.13193095
v 0.06985546 0.69645190 -0.13209970
v 0.08925597 0.66252100 -0.12860681
v 0.09005228 0.67368114 -0.12729752
v -0.05205521 0.70026398 -0.04538881
v -0.05256387 0.69823933 -0.04420970
v -0.05069467 0.69058549 -0.03652561
v 0.09198829 0.66535723 -0.12440717
v 0.07543515 0.69383943 -0.13603096
v -0.04555053 0.69198823 -0.05016758
v -0.04598229 0.69058883 -0.04919928
v 0.07596036 0.69412935 -0.13513820
v -0.04568683 0.70286667 -0.04357433
v -0.04557479 0.70116532 -0.04703022
v -0.04570603 0.70158947 -0.04834350
v -0.04614723 0.70563757 -0.04808618
v 0.07487503 0.69417274 -0.13561404
v -0.04198448 0.64872050 -0.05860585
v -0.04446366 0.64924979 -0.05573065
v -0.04421227 0.65046871 -0.05528851
v -0.04235062 0.65019703 -0.05737212
v -0.04415926 0.66305006 -0.05713957
v -0.04314031 0.66194057 -0.05485908
v 0.07537214 0.69449031 -0.13483235
v -0.05653536 0.66607416 -0.03958744
v -0.05590375 0.66524851 -0.04065197
v -0.05684500 0.66923857 -0.03832296
v -0.05760601 0.67052424 -0.03743340
v 0.07652988 0.69455779 -0.13425846
v 0.07688014 0.69424903 -0.13426951
v 0.07277974 0.69357693 -0.13665286
v 0.06863017 0.69558275 -0.13362515
v 0.06909435 0.69580448 -0.13318454
v -0.04163952 0.68381464 -0.04777412
v -0.04098865 0.68267143 -0.04815466
v -0.04621211 0.69558656 -0.04601352
v -0.04836243 0.69811893 -0.04447196
v -0.04721138 0.70097554 -0.04797930
v -0.04579160 0.69863355 -0.04819988
v -0.05223204 0.69153321 -0.03414733
v 0.07356443 0.69411051 -0.13577673
v 0.07154749 0.69319975 -0.13748127
v 0.06799299 0.69542730 -0.13403699
v 0.06933637 0.69599831 -0.13278149
v 0.06957095 0.69620824 -0.13242614
v -0.04606847 0.68916237 -0.04959259
v -0.04667377 0.68933904 -0.04845123
v 0.07391115 0.69440782 -0.13503331
v -0.04562656 0.68959546 -0.05012319
v 0.07441148 0.69474041 -0.13430464
v 0.07579988 0.69500375 -0.13423415
v -0.04325359 0.68722188 -0.05445747
v -0.04541492 0.68628848 -0.05418671
v -0.04911578 0.69469213 -0.05348933
v -0.05229253 0.69845510 -0.05023436
v -0.05128001 0.69843423 -0.04998127
v -0.04844452 0.69536507 -0.05311308
v 0.07516626 0.69569278 -0.13338171
v 0.07527968 0.69616854 -0.13335375
v 0.07616203 0.69550800 -0.13398200
v -0.04395766 0.69174886 -0.05356921
v 0.07625342 0.69599235 -0.13387875
v 0.07489851 0.69521129 -0.13366704
v 0.01608660 0.63830698 0.01751890
v 0.01476485 0.64782512 0.02486205
v 0.07522237 0.69672549 -0.13348439
v 0.07614148 0.69654071 -0.13406600
v 0.07710464 0.69368851 -0.13416536
v 0.07718318 0.69449723 -0.13386537
v 0.07789059 0.69546568 -0.13328625
v 0.07755320 0.69361651 -0.13365650
v -0.04664666 0.70171130 -0.05548149
v -0.04720587 0.70324814 -0.05149477
v -0.04817581 0.70426536 -0.05102444
v -0.04711667 0.70251334 -0.05447609
v -0.05371492 0.69633734 -0.04072521
v 0.07823854 0.69348800 -0.13293767
v 0.07776202 0.69232821 -0.13336101
v 0.07888775 0.69594562 -0.13293602
v 0.08029566 0.69618213 -0.13222592
v -0.05776498 0.69266486 -0.03546342
v -0.04393589 0.67738795 -0.05234574
v -0.04098564 0.67428839 -0.05266449
v 0.07957098 0.69324028 -0.13187376
v 0.07881486 0.69187558 -0.13232175
v 0.07685017 0.69502175 -0.13385716
v -0.03117293 0.67228520 -0.05448985
v -0.03141167 0.67355621 -0.05449211
v -0.03195827 0.67311680 -0.05322266
v -0.03172491 0.67176735 -0.05300382
v 0.07717736 0.69567287 -0.13357496
v 0.07831414 0.69712830 -0.13420817
v -0.03504439 0.66741335 -0.05243900
v -0.03790082 0.66661918 -0.05375872
v -0.03731801 0.66471803 -0.05523869
v -0.03456870 0.66529393 -0.05315723
v 0.07912038 0.69789135 -0.13412130
v 0.07765935 0.69662893 -0.13427459
v 0.07717116 0.69746268 -0.13551791
v 0.07763235 0.69816685 -0.13559179
v -0.03102668 0.66909623 -0.05402341
v -0.03105943 0.67072749 -0.05433860
v -0.03170153 0.66999769 -0.05271741
v -0.03165176 0.66823041 -0.05223451
v 0.07822495 0.69889092 -0.13561068
v 0.07682834 0.69925237 -0.13709325
v -0.05148545 0.70027459 -0.04756773
v -0.05326383 0.70029235 -0.04576735
v 0.07727228 0.70008576 -0.13713650
v 0.07639975 0.69838881 -0.13702397
v 0.07702060 0.69647670 -0.13416277
v -0.05935420 0.69188702 -0.03648438
v -0.05977238 0.68961263 -0.03564398
v -0.05693448 0.69658840 -0.03825647
v -0.05733477 0.69480836 -0.03685652
v 0.07656966 0.69720936 -0.13513806
v 0.07584501 0.69808042 -0.13642088
v 0.07477685 0.69884896 -0.13826019
v -0.04414003 0.66826332 -0.06267004
v -0.04512911 0.66849768 -0.06076176
v -0.04482023 0.66684353 -0.06089878
v -0.06029918 0.69507265 -0.03639616
v -0.06022628 0.69706929 -0.03473328
v -0.04433671 0.65068948 -0.06601314
v -0.04331649 0.64908099 -0.06687827
v -0.02357914 0.57576644 -0.08649060
v -0.03342693 0.58221638 -0.07391013
v -0.03408397 0.57171750 -0.07474284
v -0.02482588 0.56497824 -0.08680902
v -0.04918621 0.69725907 -0.05663191
v -0.04768366 0.69968295 -0.05690799
v 0.07298777 0.70019460 -0.14019166
v 0.07223758 0.70017016 -0.13820888
v 0.07035729 0.70174551 -0.14188012
v -0.03129832 0.66767180 -0.05486155
v -0.03130836 0.66676092 -0.05348192
v -0.03411077 0.66552639 -0.05449277
v -0.03615833 0.67203808 -0.05659098
v -0.03191242 0.67238331 -0.05597699
v 0.06955943 0.70132923 -0.13975269
v 0.06714983 0.70655346 -0.14341608
v 0.07212834 0.70574141 -0.14288010
v 0.06915044 0.70128763 -0.13780636
v 0.06665602 0.69958389 -0.13408716
v 0.06501514 0.69977605 -0.13464469
v 0.06584218 0.70161605 -0.13882291
v -0.03509497 0.66908932 -0.05259461
v 0.05578080 0.69943142 -0.13911620
v 0.05666329 0.70019066 -0.13952611
v -0.03549366 0.67430437 -0.05364439
v -0.03589715 0.67547703 -0.05517179
v -0.04006524 0.66120708 -0.05826217
v -0.04164677 0.66089451 -0.05607787
v -0.04329213 0.66098213 -0.05936484
v -0.03182084 0.66634953 -0.05233729
v -0.04155025 0.68493903 -0.04983086
v 0.06063361 0.69904149 -0.13498956
v 0.06022301 0.69867027 -0.13483062
v 0.05429964 0.69965398 -0.13972352
v 0.05571084 0.70035672 -0.14037137
v -0.03811131 0.67016351 -0.05294448
v -0.04107898 0.66782391 -0.05099918
v -0.04100603 0.66570199 -0.05209539
v -0.03806164 0.66820443 -0.05314349
v -0.05118340 0.65832555 -0.05049198
v -0.05128636 0.66016841 -0.05054017
v -0.04391938 0.66323602 -0.04967782
v -0.04745395 0.66372144 -0.05175289
v -0.04332282 0.68031204 -0.05163738
v -0.04449172 0.68358552 -0.05323977
v -0.04096502 0.67664516 -0.05530566
v -0.03845870 0.67239928 -0.05342023
v -0.04098871 0.67031348 -0.05129437
v -0.03624708 0.67341757 -0.05635238
v -0.04001927 0.67369938 -0.05698121
v -0.03968965 0.67480731 -0.05673705
v -0.03614428 0.67443275 -0.05601495
v -0.04848129 0.69085944 -0.04780320
v -0.04636882 0.69742918 -0.05849375
v -0.04797833 0.69455922 -0.05763664
v -0.04605587 0.70645535 -0.03141143
v -0.04437589 0.69796443 -0.02694583
v -0.04513553 0.69951797 -0.03984489
v -0.03509447 0.67095208 -0.05272217
v -0.03195910 0.67457783 -0.05464916
v -0.03259999 0.67411768 -0.05556074
v -0.05640151 0.66209793 -0.04240881
v -0.04418700 0.66062212 -0.05975780
v -0.04207936 0.68521094 -0.05381254
v -0.05476608 0.66975451 -0.03505991
v -0.05404308 0.66454375 -0.03756925
v -0.04138026 0.68638551 -0.05335300
v -0.04200356 0.68756545 -0.05393725
v -0.04253273 0.66132879 -0.05528329
v -0.04379421 0.66206443 -0.05815559
v -0.04227449 0.68799341 -0.05411722
v -0.04484718 0.66790044 -0.05938429
v -0.05346507 0.69098675 -0.04234686
v 0.06003431 0.70156848 -0.13976932
v 0.06213466 0.69971037 -0.13521235
v -0.04825180 0.65026343 -0.05044795
v -0.04646581 0.64869988 -0.05350952
v 0.06125015 0.69943428 -0.13513406
v -0.03227112 0.67345405 -0.05593335
v 0.05829164 0.70089877 -0.13954990
v -0.03665485 0.66492724 -0.05587865
v -0.03535698 0.67272949 -0.05312944
v 0.05940122 0.70217025 -0.14158919
v 0.05708845 0.70111740 -0.14088613
v 0.06601977 0.70214403 -0.14084151
v -0.04283431 0.67158210 -0.05774788
v -0.04252570 0.66944277 -0.05813254
v -0.04506613 0.67016101 -0.05926433
v 0.06090951 0.73700273 0.04176851
v 0.05929242 0.72152352 0.04461821
v -0.04870851 0.66426384 -0.04975285
v -0.04444052 0.66491354 -0.04723240
v -0.04557464 0.66580629 -0.04493009
v -0.05039562 0.66516900 -0.04793682
v -0.05305242 0.65979052 -0.04036397
v -0.05185185 0.65545332 -0.04395980
v -0.05410578 0.65407026 -0.04407750
v -0.05594599 0.65861964 -0.04016479
v 0.07919673 0.72216523 0.03564072
v 0.08011904 0.73564315 0.03340786
v -0.04573863 0.72153389 -0.02263507
v -0.04659851 0.71270692 -0.03816676
v -0.04620943 0.72874486 -0.03372797
v -0.05105934 0.69974792 -0.03891492
v -0.05133380 0.69731069 -0.03716330
v -0.05637068 0.69876373 -0.03404465
v -0.04562295 0.70424521 -0.05382106
v -0.04592838 0.70168412 -0.05007522
v -0.04644270 0.70272672 -0.05199216
v -0.05860754 0.67505074 -0.03174282
v 0.07166519 0.70029604 -0.13661191
v 0.06802078 0.69908142 -0.13352033
v 0.09059205 0.73658502 0.02600377
v 0.09027459 0.74533617 0.02343290
v 0.08148787 0.74741471 0.02890903
v 0.06591424 0.60760939 -0.00989345
v 0.05466881 0.59780681 -0.00332974
v -0.04411358 0.68621421 -0.05997907
v -0.04571719 0.68679166 -0.05715528
v 0.05214951 0.69963753 -0.14076842
v -0.04891565 0.66124690 -0.04186627
v 0.05398901 0.70086992 -0.14117202
v -0.05120596 0.66344810 -0.05015207
v -0.05337948 0.66410112 -0.04793066
v -0.05700552 0.70125604 -0.04562960
v -0.05397714 0.69928336 -0.04826026
v 0.05089379 0.69851625 -0.14048837
v 0.05021984 0.69840276 -0.14068873
v 0.05142109 0.69975889 -0.14085571
v 0.05298412 0.70106220 -0.14122997
v 0.05609124 0.70185244 -0.14172380
v 0.05538625 0.70223916 -0.14214072
v 0.05889213 0.70348847 -0.14328180
v 0.05895260 0.70275080 -0.14286147
v 0.06632811 0.70287371 -0.14287744
v 0.06647663 0.70378506 -0.14339143
v 0.05848806 0.70424879 -0.14269546
v 0.05485598 0.70272553 -0.14159380
v 0.05805806 0.70502496 -0.14199935
v 0.05478971 0.70369852 -0.14127551
v 0.06639684 0.70555580 -0.14221264
v 0.06656592 0.70481980 -0.14294384
v 0.05344373 0.69596374 -0.14099649
v 0.05128345 0.69641018 -0.14085178
v 0.05397993 0.69625258 -0.14073889
v 0.05163004 0.69672978 -0.14048530
v 0.05520817 0.69652498 -0.13969769
v 0.05092313 0.69727373 -0.14033319
v 0.05016615 0.69707882 -0.14067796
v 0.01002858 0.56144285 -0.11743575
v 0.00912910 0.55295694 -0.11395890
v 0.05611125 0.69661653 -0.13920313
v 0.05069780 0.69987738 -0.14057148
v 0.04931533 0.69832158 -0.14071733
v 0.04953322 0.70045459 -0.13977125
v 0.04857252 0.69853973 -0.14036901
v 0.05201995 0.70256484 -0.14019184
v 0.05227859 0.70138192 -0.14061385
v 0.04917452 0.69697213 -0.14072135
v 0.04971796 0.69634676 -0.14081106
v 0.04849989 0.69692636 -0.14074761
v 0.04902419 0.69614184 -0.14086591
v 0.05598465 0.69290161 -0.14239940
v 0.05567074 0.69211876 -0.14241907
v 0.05273742 0.69447005 -0.14172706
v 0.05210422 0.69397354 -0.14170679
v 0.06385966 0.68853903 -0.14206533
v 0.06702403 0.68832123 -0.14098386
v 0.06333307 0.68733740 -0.14209101
v 0.02099577 0.67229474 -0.16669667
v 0.01956420 0.67223084 -0.16516818
v 0.02101123 0.67400813 -0.16416736
v 0.02163233 0.67397273 -0.16491795
v 0.06670238 0.68696523 -0.14095530
v 0.05837487 0.68833137 -0.14278249
v 0.05906825 0.68929064 -0.14263575
v 0.05225584 0.55207109 -0.09880711
v 0.07783367 0.68921578 -0.13359696
v 0.07872751 0.68782902 -0.13304918
v 0.07696228 0.68726659 -0.13479429
v 0.07629333 0.68882787 -0.13507204
v 0.07450720 0.68855321 -0.13671048
v 0.01986868 0.66316080 -0.16535191
v 0.02065061 0.66467464 -0.16423714
v 0.01968105 0.66447175 -0.16323012
v 0.01867735 0.66321087 -0.16441639
v 0.07481544 0.68697369 -0.13654165
v 0.07234472 0.68680513 -0.13825688
v 0.07242870 0.68836915 -0.13831961
v 0.07030509 0.68825328 -0.13960710
v 0.06988295 0.68667448 -0.13964051
v 0.08123775 0.69258714 -0.13041751
v 0.08283335 0.69575369 -0.13016693
v 0.08307865 0.69188976 -0.12891233
v 0.08511633 0.69523513 -0.12809518
v 0.04792584 0.70154452 -0.13999359
v 0.02404731 0.67340410 -0.16416505
v 0.02522994 0.67072129 -0.16683321
v 0.02369391 0.67181027 -0.16821323
v 0.02296789 0.67405140 -0.16485637
v 0.04733243 0.69904327 -0.14010242
v 0.04609580 0.70260215 -0.14138903
v 0.04573482 0.69959366 -0.14116067
v 0.04780266 0.70556974 -0.14247097
v 0.04967529 0.70434725 -0.14075835
v 0.04760632 0.69692814 -0.14076160
v 0.04823893 0.69591165 -0.14093077
v 0.04630151 0.69701934 -0.14110413
v 0.04717946 0.69543445 -0.14126074
v 0.05501703 0.69128728 -0.14252084
v 0.05431459 0.69038260 -0.14262819
v 0.05143028 0.69340456 -0.14184013
v 0.05039454 0.69263279 -0.14198551
v 0.08151428 0.65493429 0.00983543
v 0.08908376 0.69525778 0.02366186
v 0.08017980 0.70931327 -0.14052646
v 0.07753233 0.70668232 -0.14121044
v 0.07397232 0.70820224 -0.14338194
v 0.07630582 0.71161544 -0.14356278
v 0.08347374 0.71295130 -0.13851875
v 0.08552083 0.70905972 -0.13582459
v 0.08257473 0.70662487 -0.13766007
v 0.08000518 0.70469713 -0.13885218
v 0.08368456 0.69865012 -0.13121268
v 0.08165810 0.69881713 -0.13287282
v 0.08178779 0.70070946 -0.13443458
v 0.08383099 0.70111704 -0.13302043
v 0.08611514 0.69841850 -0.12928307
v 0.08654308 0.70168078 -0.13114808
v 0.08337282 0.70365906 -0.13534090
v 0.08109770 0.70259225 -0.13646391
v 0.08624472 0.70502722 -0.13356940
v 0.05630609 0.70920408 -0.14470187
v 0.05693411 0.70731246 -0.14321372
v 0.05350740 0.70582151 -0.14182943
v 0.05210406 0.70696223 -0.14248629
v 0.05515238 0.71106756 -0.14629288
v 0.05008266 0.70831299 -0.14395298
v 0.06966884 0.71275103 -0.14613476
v 0.06842915 0.70945680 -0.14499141
v 0.05785153 0.70551336 -0.14169794
v 0.05561839 0.70465124 -0.14138477
v 0.05766824 0.70576525 -0.14167088
v 0.05492337 0.70459425 -0.14113820
v 0.10000780 0.75683868 0.00652638
v 0.10293559 0.76363671 -0.00557083
v 0.08662755 0.77495587 0.00114038
v 0.08530058 0.76666272 0.01296670
v 0.07352783 0.70345974 -0.13990991
v 0.07419209 0.70379150 -0.14031850
v 0.07661674 0.70232666 -0.13887937
v 0.07597881 0.70193839 -0.13869515
v 0.07767625 0.70063972 -0.13723893
v 0.07844730 0.70103681 -0.13726580
v 0.07942305 0.69981062 -0.13552278
v 0.07875926 0.69956028 -0.13578470
v 0.07935391 0.69870281 -0.13455039
v 0.07998318 0.69858885 -0.13403970
v 0.05535407 0.70547616 -0.14169066
v 0.05765377 0.70610857 -0.14220341
v 0.09112731 0.72460520 0.02681064
v 0.08209133 0.74913633 -0.12676872
v 0.08885952 0.74458110 -0.12063637
v 0.08596012 0.73865259 -0.12664111
v 0.07544743 0.70461428 -0.14106788
v 0.07794730 0.70310843 -0.13919356
v 0.07956783 0.70169699 -0.13710622
v 0.08035655 0.70039856 -0.13525085
v 0.08072760 0.69934523 -0.13404959
v 0.10199497 0.65585136 -0.06980532
v 0.10253686 0.65558171 -0.06787756
v 0.11181588 0.66345310 -0.04175659
v 0.11045863 0.67027318 -0.04248364
v 0.10958390 0.67388964 -0.04354616
v 0.11192062 0.68274796 -0.05666311
v 0.11557224 0.68551660 -0.05375297
v 0.11405475 0.64469135 -0.04924861
v 0.11052082 0.64332950 -0.05309699
v -0.05675529 0.70454228 -0.04470099
v 0.11398319 0.64553726 -0.04860879
v 0.12279148 0.68062413 -0.04323431
v 0.12297320 0.67884898 -0.04179940
v 0.12393744 0.67850888 -0.04209600
v 0.07311704 0.63515711 -0.00014421
v 0.07835044 0.64699638 0.00564266
v 0.12319031 0.67673600 -0.04046557
v 0.10508481 0.65981829 -0.06511032
v 0.11310739 0.66265702 -0.04146454
v 0.11485947 0.66171980 -0.03955497
v 0.11532418 0.65627360 -0.03963543
v 0.11456738 0.65706825 -0.04058100
v 0.11400440 0.65149403 -0.04178782
v 0.11352655 0.65254486 -0.04243980
v 0.11580811 0.64795327 -0.04587565
v 0.11759810 0.65150893 -0.04340418
v 0.11695426 0.68575466 -0.05248335
v 0.11622029 0.68501484 -0.05398397
v 0.11781011 0.68550909 -0.05228255
v 0.10574593 0.65840995 -0.06377935
v 0.10985070 0.68100786 -0.05678556
v 0.10911700 0.67892396 -0.05819105
v 0.10882880 0.67929184 -0.05770564
v 0.10247552 0.66336679 -0.05992416
v 0.10256842 0.66427183 -0.05967417
v 0.10367363 0.66174901 -0.06018734
v 0.10606374 0.66019785 -0.06175042
v 0.09896787 0.65303540 -0.06137452
v 0.09832346 0.65172529 -0.05943722
v 0.09873492 0.65082371 -0.06019664
v 0.12046039 0.69167650 -0.04832033
v 0.10916426 0.67799532 -0.05855718
v 0.11064225 0.67898130 -0.05846692
v 0.11128216 0.68006706 -0.05808670
v 0.11871792 0.68495023 -0.05209017
v 0.11171345 0.68095553 -0.05779665
v 0.11081410 0.68096256 -0.05770343
v 0.11266993 0.68244493 -0.05686709
v 0.11022104 0.68099558 -0.05734645
v 0.10541508 0.65567529 -0.04715551
v 0.10414360 0.65562415 -0.04932254
v 0.10523299 0.67672658 -0.06837481
v 0.10605552 0.67397916 -0.06618683
v 0.10939551 0.64298451 -0.05537812
v 0.10964315 0.68092608 -0.04709841
v 0.11003519 0.68371177 -0.04558172
v 0.11951774 0.65576303 -0.04153230
v 0.11176781 0.65132451 -0.05179894
v 0.10939670 0.65095806 -0.05363794
v 0.11396647 0.65213370 -0.05002641
v 0.11560066 0.65450191 -0.04831365
v 0.10460448 0.67186654 -0.05351341
v 0.11645716 0.67479670 -0.04864219
v 0.11701721 0.67236638 -0.04749189
v 0.11474939 0.67518115 -0.05012063
v 0.11125693 0.68741250 -0.04724371
v 0.11108795 0.68752408 -0.04963183
v 0.11055692 0.68228090 -0.04907615
v 0.11059663 0.68568325 -0.05026919
v 0.10114602 0.65634608 -0.06108644
v 0.10025191 0.65018010 -0.05797750
v 0.10020582 0.65202844 -0.05685755
v 0.10138199 0.65003765 -0.05706218
v 0.10156647 0.65087616 -0.05550198
v 0.10211109 0.65220976 -0.05375705
v 0.10275113 0.65399468 -0.05230470
v 0.10296635 0.65647268 -0.05184049
v 0.10103843 0.66043901 -0.06029432
v 0.11113515 0.68790281 -0.06035190
v 0.10037164 0.65867877 -0.06050945
v 0.10265542 0.66195095 -0.06014231
v 0.10261897 0.66019142 -0.06057122
v 0.10209215 0.65833342 -0.06108145
v 0.10611642 0.64892590 -0.06009641
v 0.10700817 0.65029120 -0.05763040
v 0.10480367 0.64971423 -0.06074411
v 0.10784904 0.65055156 -0.05544564
v 0.10360241 0.65006232 -0.06108939
v 0.11018787 0.68215263 -0.04827300
v 0.11052114 0.68547285 -0.04821090
v 0.10242621 0.65952885 -0.07175701
v 0.09442613 0.67031634 -0.11956386
v 0.09663716 0.67962432 -0.11395445
v 0.05322070 0.62307334 -0.14210799
v 0.05239112 0.61998594 -0.14241794
v 0.08555034 0.66000772 -0.13298661
v 0.08040111 0.65804327 -0.13819999
v 0.05238750 0.62865686 -0.15401669
v 0.05165451 0.62778425 -0.15408121
v 0.05079950 0.62839341 -0.15426017
v 0.05143630 0.62885702 -0.15405269
v 0.04964467 0.62887537 -0.15245156
v 0.05023772 0.62898457 -0.15184706
v 0.05039731 0.62899971 -0.15279533
v 0.04991473 0.62886119 -0.15334859
v 0.05593792 0.64520919 -0.15477073
v 0.05945688 0.64901555 -0.15219840
v 0.06217574 0.64416051 -0.15133926
v 0.05873601 0.64086914 -0.15382676
v 0.05193789 0.62783182 -0.14453302
v 0.05154593 0.62954104 -0.14508988
v 0.05043918 0.62942946 -0.14904825
v 0.05088030 0.62863970 -0.14854078
v 0.05179850 0.62518835 -0.14460640
v 0.05080540 0.62731445 -0.14806572
v 0.05342073 0.62710404 -0.14207122
v 0.05284547 0.62972820 -0.14247672
v 0.06113847 0.62182200 -0.14983220
v 0.05760732 0.62408710 -0.15165353
v 0.05859952 0.62743127 -0.15215164
v 0.06210150 0.62651670 -0.15039575
v 0.05316553 0.65731561 -0.15256928
v 0.05655383 0.65311742 -0.15247060
v 0.05337308 0.64932799 -0.15465060
v 0.04992530 0.65398872 -0.15458661
v 0.04648641 0.65924275 -0.15521710
v 0.04954117 0.66172969 -0.15301614
v 0.04591712 0.66763854 -0.15878887
v 0.04612573 0.66405284 -0.16037290
v 0.04553194 0.66339993 -0.16386814
v 0.04609982 0.66551232 -0.16242903
v 0.04334243 0.65950525 -0.16236746
v 0.04592226 0.66175139 -0.15900648
v 0.03936847 0.65867281 -0.16283761
v 0.01656231 0.66315639 -0.16499554
v 0.01771158 0.66489363 -0.16379441
v 0.01703083 0.66546488 -0.16565295
v 0.01528836 0.66416204 -0.16666681
v 0.03912241 0.65950608 -0.16385008
v 0.04331614 0.65866876 -0.16075556
v 0.02352215 0.66373801 -0.17351180
v 0.02263476 0.66596162 -0.17359716
v 0.02368544 0.66498542 -0.17125544
v 0.02351804 0.66297317 -0.17093718
v 0.04337446 0.65755367 -0.15891236
v 0.03962154 0.65773547 -0.16173829
v 0.03858760 0.66065967 -0.16482581
v 0.04135773 0.66034019 -0.16499600
v 0.02099884 0.66656089 -0.17289457
v 0.01908769 0.66634190 -0.17460673
v 0.01747314 0.66631246 -0.17285205
v 0.01965212 0.66648662 -0.17133193
v 0.02438548 0.66711879 -0.16625395
v 0.02279598 0.66532600 -0.16764703
v 0.02500062 0.66734266 -0.16987133
v 0.01702393 0.66777945 -0.16374601
v 0.01827620 0.66660666 -0.16233225
v 0.01971854 0.67029381 -0.16179737
v 0.01852784 0.67121387 -0.16268151
v 0.04306634 0.66216624 -0.16650395
v 0.03246100 0.66184926 -0.17341055
v 0.03372964 0.66314709 -0.17540547
v 0.04057828 0.69240177 -0.15685016
v 0.04300920 0.68839800 -0.15363447
v 0.04025193 0.68981183 -0.15926445
v 0.04265992 0.68623102 -0.15606944
v 0.04239599 0.66447031 -0.17020608
v 0.04415583 0.66619432 -0.16838244
v 0.04006585 0.66594982 -0.17400628
v 0.04151104 0.66856241 -0.17340812
v 0.03626286 0.70777416 -0.15559062
v 0.03010214 0.65846312 -0.16917963
v 0.03029597 0.65759575 -0.16869034
v 0.02984333 0.65955806 -0.17111851
v 0.06332014 0.75994182 0.03037409
v 0.06475160 0.77295148 0.02014407
v 0.06442434 0.78827322 -0.00169552
v 0.06207836 0.79389942 -0.01347345
v 0.03221935 0.64022541 -0.16965243
v 0.03201214 0.64299870 -0.16946708
v 0.03949602 0.63473940 -0.15292934
v 0.03391059 0.63554776 -0.15432119
v 0.03335005 0.63381577 -0.15897700
v 0.03869434 0.63314998 -0.15777759
v 0.04284163 0.63245749 -0.15569644
v 0.04394727 0.63383925 -0.15089922
v 0.03996138 0.63594592 -0.15034442
v 0.03421579 0.63679862 -0.15161204
v 0.03805617 0.63229191 -0.16215351
v 0.03276987 0.63307345 -0.16418402
v 0.03267513 0.63495708 -0.16686650
v 0.03815683 0.63388753 -0.16434833
v 0.04581781 0.65263379 -0.15770446
v 0.04173440 0.65385687 -0.16034733
v 0.03763936 0.65457809 -0.16391635
v 0.03438142 0.65481210 -0.16654930
v 0.03390972 0.65700984 -0.16685714
v 0.03652909 0.65739512 -0.16455887
v 0.03371836 0.65799654 -0.16722745
v 0.03630538 0.65834951 -0.16515410
v 0.03626806 0.65930712 -0.16573031
v 0.03687625 0.66078711 -0.16595829
v 0.03500449 0.66077173 -0.16722707
v 0.03554561 0.66193759 -0.16679302
v 0.03373469 0.65897548 -0.16754055
v 0.03430641 0.68508780 -0.17264053
v 0.03445826 0.68875587 -0.16963735
v 0.03688951 0.64414370 -0.16758345
v 0.03197782 0.64525855 -0.16877745
v 0.03160579 0.64945352 -0.16807617
v 0.03603510 0.64897823 -0.16679113
v 0.04059505 0.64764583 -0.16446571
v 0.04193435 0.64179480 -0.16511878
v 0.03056576 0.65667403 -0.16832629
v 0.03700638 0.64172101 -0.16795664
v 0.03727917 0.63905358 -0.16772138
v 0.04226895 0.63918805 -0.16532077
v 0.04235607 0.63679838 -0.16481087
v 0.04661046 0.63858712 -0.16201076
v 0.04584134 0.64499903 -0.16159418
v 0.05160721 0.64216197 -0.15821879
v 0.05060549 0.63516080 -0.15890929
v 0.05858925 0.63082933 -0.15324682
v 0.05368251 0.62837613 -0.15377854
v 0.05380458 0.62984049 -0.15448068
v 0.05340683 0.63125777 -0.15550017
v 0.05774499 0.63420093 -0.15459819
v 0.06191096 0.63138878 -0.15153183
v 0.06080265 0.63623381 -0.15282182
v 0.05567222 0.63783884 -0.15608831
v 0.05258928 0.63293791 -0.15677640
v 0.05243441 0.62959874 -0.15463364
v 0.05146854 0.62933552 -0.15440290
v 0.05213373 0.63052332 -0.15554267
v 0.05112232 0.62991500 -0.15519124
v 0.05146345 0.63145268 -0.15670015
v 0.05054230 0.63048649 -0.15616418
v 0.04946489 0.63144493 -0.15759365
v 0.05013191 0.63296068 -0.15841313
v 0.04914063 0.62970138 -0.15299945
v 0.04803371 0.62998116 -0.15414803
v 0.04809540 0.63002276 -0.15548404
v 0.04915937 0.62966418 -0.15424345
v 0.04996485 0.62937462 -0.15220954
v 0.04982308 0.62941277 -0.15349381
v 0.04978310 0.63016057 -0.14991122
v 0.04873777 0.63060057 -0.15076888
v -0.02458215 0.59314716 -0.08640227
v -0.03322329 0.59613371 -0.07162814
v 0.05056828 0.62904930 -0.15146169
v 0.05063906 0.62910426 -0.15248828
v 0.05056287 0.62914538 -0.15392011
v 0.05033630 0.62953484 -0.15444803
v 0.04971222 0.62992823 -0.15529418
v 0.04869176 0.63046515 -0.15650184
v 0.04225477 0.63466918 -0.16363950
v 0.04602592 0.63424492 -0.16144103
v 0.04564551 0.63247418 -0.16005595
v 0.04199858 0.63247740 -0.16163485
v 0.04520055 0.63117921 -0.15850879
v 0.04466747 0.63486063 -0.14847116
v 0.04170743 0.63144422 -0.15981683
v 0.04778875 0.63239110 -0.14843130
v 0.04888118 0.63336658 -0.14594194
v 0.04663889 0.63139474 -0.15271822
v 0.05094238 0.63078344 -0.14609119
v 0.04980997 0.63116515 -0.14674553
v 0.05194265 0.63166070 -0.14359951
v 0.05066182 0.63238120 -0.14461528
v 0.04514521 0.63052022 -0.15671130
v 0.04646780 0.63617766 -0.16203120
v 0.03762321 0.63647854 -0.16640872
v 0.03238586 0.63766456 -0.16851187
v -0.00346448 0.68612194 -0.14191392
v -0.00296733 0.68332589 -0.14323254
v 0.00128076 0.68428123 -0.14413333
v 0.00055428 0.68677759 -0.14302763
v 0.03427768 0.67743993 -0.17950387
v 0.03439421 0.68152344 -0.17586516
v 0.05026871 0.62872684 -0.15412882
v 0.02913108 0.54454577 -0.11154690
v -0.04560283 0.67249668 -0.06000973
v -0.04500781 0.67333126 -0.06115106
v -0.05145358 0.69452107 -0.03567686
v 0.05304568 0.62703073 -0.15368594
v 0.05122578 0.62275124 -0.14461622
v 0.05017218 0.62625301 -0.14831527
v 0.05835844 0.61723053 -0.15040134
v 0.05406422 0.61302567 -0.15274248
v 0.05202449 0.61726511 -0.15449832
v 0.05556903 0.62066007 -0.15225285
v 0.04943281 0.62344098 -0.15673369
v 0.05175514 0.62542784 -0.15468006
v -0.05600824 0.69817519 -0.04036103
v 0.05057888 0.62672913 -0.15529907
v 0.04841349 0.62552941 -0.15730591
v 0.04758710 0.62714362 -0.15762776
v 0.04968410 0.62779617 -0.15539815
v 0.04574297 0.62885070 -0.15625985
v 0.04156739 0.62921250 -0.15890369
v 0.04096650 0.62581837 -0.15409319
v 0.04546176 0.62551582 -0.15182361
v 0.04913972 0.62579441 -0.14943825
v 0.04883176 0.62884009 -0.15330008
v -0.05087587 0.70159423 -0.04111031
v -0.04977686 0.70375395 -0.04584001
v -0.04818508 0.70228708 -0.04700895
v -0.04933332 0.69980955 -0.04300040
v 0.04634764 0.62888360 -0.15705982
v 0.04906677 0.62877059 -0.15426938
v 0.04203066 0.62931848 -0.15999551
v 0.04031352 0.54749787 -0.10627472
v 0.04930936 0.62848961 -0.15503813
v 0.04679291 0.62844539 -0.15738587
v 0.04270741 0.62850654 -0.16062500
v 0.04358469 0.62660265 -0.16109724
v 0.04441807 0.62432826 -0.16119529
v 0.04515978 0.62150013 -0.16043337
v 0.04670842 0.61426866 -0.15755536
v 0.04783653 0.60907090 -0.15621243
v 0.04068355 0.61254239 -0.16002594
v 0.04137233 0.60717618 -0.15953946
v 0.03997778 0.62007296 -0.16370234
v 0.03953301 0.62356973 -0.16512081
v 0.03907607 0.62631607 -0.16459921
v 0.03850140 0.62846518 -0.16364850
v 0.03096325 0.65483236 -0.16793999
v 0.03371311 0.66078770 -0.16860774
v 0.03257377 0.66104293 -0.17094666
v 0.03597529 0.66443908 -0.17627048
v 0.02980016 0.66042364 -0.17337134
v 0.03859952 0.66594625 -0.17579442
v 0.03691394 0.66551340 -0.17727461
v 0.03777803 0.66723502 -0.17816365
v 0.03904046 0.66779208 -0.17682675
v 0.03538390 0.66499627 -0.17856646
v 0.03686007 0.66711438 -0.17926440
v 0.03117107 0.66419721 -0.18031511
v 0.03232095 0.66782093 -0.18237761
v 0.03378726 0.67367125 -0.18189748
v 0.03291009 0.67013896 -0.18279214
v 0.03833217 0.66897666 -0.17866552
v 0.03991672 0.67076528 -0.17677258
v -0.05926858 0.69853854 -0.04001856
v 0.04048144 0.67378056 -0.17424804
v 0.04244335 0.67116547 -0.17058468
v 0.05277819 0.80366445 -0.05612671
v 0.03786461 0.62955642 -0.16272622
v 0.03698936 0.62959933 -0.16091661
v -0.04567704 0.65936458 -0.06016000
v -0.05161475 0.68682373 -0.04519908
v 0.04024655 0.61626971 -0.14720343
v 0.04059502 0.62028325 -0.14972889
v 0.03599945 0.62015426 -0.15105252
v -0.04896082 0.70424330 -0.04846061
v -0.05232051 0.70609915 -0.04761624
v 0.03565375 0.61630511 -0.14865878
v 0.03305767 0.62965512 -0.16176863
v -0.05889964 0.67538929 -0.03648472
v -0.05972888 0.69702113 -0.03806084
v -0.05817807 0.69549191 -0.03921815
v -0.05104990 0.69688809 -0.05431242
v -0.04674883 0.66860998 -0.04262479
v -0.05340081 0.66921222 -0.04473517
v -0.05214207 0.66655731 -0.04627929
v -0.04639538 0.66671312 -0.04374517
v -0.04080597 0.68160093 -0.04874443
v 0.03271678 0.62611187 -0.15640883
v 0.03639843 0.62608445 -0.15573740
v 0.03329934 0.62971497 -0.16398065
v 0.03372801 0.62845290 -0.16520081
v 0.03418978 0.62622213 -0.16648181
v 0.03226280 0.62002289 -0.15174095
v 0.03214370 0.61603391 -0.14925155
v -0.04179316 0.66372859 -0.06890181
v 0.04966085 0.62126219 -0.14560209
v -0.05107254 0.65394127 -0.05349221
v -0.05196640 0.65503454 -0.05096176
v -0.00081701 0.64023578 0.01210823
v -0.00374844 0.65081728 0.01864678
v -0.06088742 0.67511535 -0.03318300
v 0.04994013 0.61773622 -0.14350846
v 0.04531761 0.62025118 -0.14793654
v 0.04532351 0.61665320 -0.14571218
v 0.03504679 0.60685945 -0.16236338
v 0.03449913 0.61205459 -0.16196267
v 0.03436239 0.62303090 -0.16683799
v 0.03456414 0.61933184 -0.16510734
v 0.06506854 0.78192461 0.00991184
v 0.10055804 0.74837983 -0.09674327
v 0.09841340 0.74197495 -0.10547397
v -0.05136304 0.69970036 -0.04658312
v 0.09218127 0.75068617 -0.11179438
v 0.09445029 0.75565135 -0.10388948
v 0.10211731 0.75551248 -0.08823168
v 0.09559958 0.76158726 -0.09585922
v 0.08294430 0.79074049 -0.03810765
v 0.08330310 0.79124737 -0.05215697
v 0.06412225 0.80004072 -0.05524703
v 0.07775084 0.78993809 -0.02442284
v 0.09014858 0.78015804 -0.01572166
v 0.09229824 0.78386283 -0.03483890
v 0.09205531 0.78504443 -0.04983859
v -0.04762191 0.65922022 -0.05882130
v -0.04743838 0.65344667 -0.05980022
v -0.04575330 0.65378678 -0.06190603
v -0.04642612 0.68979573 -0.04876289
v 0.05339827 0.58290994 -0.00297227
v 0.09037058 0.70739877 0.02544612
v 0.09024085 0.78507531 -0.06333368
v 0.08212208 0.79054511 -0.06574876
v 0.08113275 0.78856301 -0.07803616
v 0.08853010 0.78382385 -0.07489190
v 0.06371455 0.79872978 -0.06971388
v 0.05228153 0.80195487 -0.07115296
v 0.05310934 0.67356539 0.03781309
v 0.03466793 0.69216704 -0.16677433
v 0.07817191 0.61948943 -0.01813350
v 0.08729777 0.61858332 -0.03681945
v 0.08279183 0.56673825 -0.06443369
v 0.09973728 0.64148629 -0.05496181
v 0.09941871 0.64214432 -0.05410441
v 0.08863996 0.60433197 -0.05671376
v 0.09041758 0.61786354 -0.05467889
v 0.06870669 0.62068498 -0.00557675
v 0.11018249 0.65151620 -0.04372744
v 0.11105392 0.65515864 -0.04251354
v 0.11143181 0.65040374 -0.04400861
v 0.11246792 0.65427864 -0.04252676
v 0.11299616 0.65842736 -0.04165681
v 0.11193063 0.64854908 -0.04480482
v 0.11144446 0.68763959 -0.05231784
v 0.11294983 0.68913710 -0.05317109
v -0.04795207 0.66235781 -0.04177968
v -0.04772037 0.66459894 -0.04064100
v 0.09915152 0.63992321 -0.05937476
v 0.09907979 0.64059925 -0.05769207
v -0.03222708 0.67390907 -0.05358248
v 0.09850965 0.64035678 -0.05866621
v 0.09825990 0.63993156 -0.05997385
v 0.09876445 0.63908291 -0.06091702
v 0.09807264 0.63938212 -0.06109543
v 0.11367416 0.70413435 -0.05850111
v 0.09664036 0.63996303 -0.05766879
v 0.09863240 0.64184034 -0.05482670
v 0.09868657 0.64111388 -0.05636808
v 0.09787207 0.64045155 -0.05788982
v 0.09734423 0.63944852 -0.05983145
v 0.09725102 0.63865495 -0.06157689
v 0.09818747 0.63801670 -0.06208164
v -0.05087959 0.65698564 -0.04454673
v -0.04754919 0.65181637 -0.05056502
v -0.03726967 0.59984601 -0.05715478
v -0.03472202 0.60216224 -0.04179148
v -0.03615390 0.59092641 -0.04483303
v -0.03785563 0.58724558 -0.05944743
v -0.04208206 0.67817748 -0.06723943
v -0.04329817 0.67098546 -0.06472052
v -0.04270422 0.66968358 -0.06674285
v 0.11215696 0.64731538 -0.04433250
v 0.10360194 0.63793671 -0.05631951
v -0.00209807 0.57245886 -0.11070102
v -0.00141253 0.55897582 -0.10733281
v 0.11158340 0.67946875 -0.04648724
v 0.11157393 0.67767918 -0.04513938
v 0.11408234 0.67898595 -0.04351039
v 0.11402871 0.68127298 -0.04485048
v 0.09113488 0.65604866 -0.00259352
v 0.09450695 0.66629851 0.00287355
v 0.03980224 0.58865166 0.00273633
v 0.04071306 0.60258877 0.00420969
v 0.11169523 0.69866812 -0.01094251
v 0.11156499 0.68120015 -0.04794820
v 0.11409613 0.68311024 -0.04633461
v 0.11178139 0.65922272 -0.04175109
v 0.11051409 0.68071401 -0.04794471
v 0.11056788 0.67900193 -0.04652705
v 0.11547519 0.68463349 -0.04471183
v 0.11548247 0.68239677 -0.04306962
v 0.11534382 0.67996120 -0.04165943
v 0.11050258 0.67706525 -0.04521602
v -0.04171490 0.66436291 -0.07297732
v -0.04158787 0.66397500 -0.08390243
v -0.04198265 0.68010497 -0.08324778
v -0.04178506 0.67448246 -0.07323873
v 0.11110561 0.68584073 -0.04541489
v 0.11945874 0.72979307 -0.03359998
v 0.11796118 0.72314620 -0.01976042
v 0.11772384 0.74677789 -0.02954891
v 0.11641278 0.74073732 -0.01456557
v 0.11133066 0.73394358 0.00096768
v 0.11270893 0.71528041 -0.00425448
v 0.11108607 0.68745148 -0.05104850
v 0.11398961 0.68992031 -0.05268522
v 0.10368104 0.76121080 -0.08012138
v 0.10898101 0.75529289 -0.07319619
v 0.09671749 0.76677763 -0.08846898
v 0.09735059 0.77139866 -0.08157595
v 0.10390931 0.76672566 -0.07294144
v 0.11151195 0.75886989 -0.06161719
v 0.11719960 0.72186553 -0.04875650
v 0.11801948 0.73632669 -0.04745551
v 0.11485402 0.74148905 -0.06064681
v -0.02698754 0.71316659 -0.11829187
v -0.02865059 0.71368098 -0.11358735
v -0.02999377 0.70389974 -0.11407344
v -0.02766370 0.70531154 -0.11790454
v 0.11584616 0.75287950 -0.04475550
v 0.10794842 0.76748931 -0.05495243
v 0.11173716 0.76278687 -0.04054938
v 0.10145791 0.77588809 -0.05072398
v 0.10386910 0.77306461 -0.03626952
v 0.10373179 0.76965511 -0.02042992
v 0.11347467 0.75801730 -0.02566965
v 0.10292083 0.77183449 -0.06676537
v 0.09645049 0.77567971 -0.07603481
v 0.09824803 0.77798736 -0.06310238
v 0.09463607 0.77934968 -0.07147719
v 0.11275093 0.74386966 -0.06749691
v 0.09328388 0.63415396 -0.06298958
v 0.09487298 0.63402832 -0.06804687
v 0.01716076 0.76959813 -0.13360165
v 0.02759430 0.76957500 -0.13597612
v 0.02806612 0.77676463 -0.12946805
v 0.01735487 0.77650130 -0.12666066
v 0.09926064 0.64548373 -0.07464862
v -0.00480293 0.65873325 0.02260141
v -0.00571875 0.66876948 0.02748956
v 0.01423851 0.66437697 0.03383354
v 0.01432444 0.65506232 0.02898132
v 0.09905187 0.67215276 -0.10760716
v 0.10016834 0.68475211 -0.10467999
v 0.10314558 0.67606676 -0.09500986
v 0.10056102 0.66141844 -0.09718552
v 0.01896941 0.79198277 -0.10293104
v 0.02988260 0.79304278 -0.10583140
v 0.03019790 0.79755700 -0.09567332
v 0.01911098 0.79601657 -0.09300742
v -0.02224493 0.68388963 -0.13240959
v -0.02476281 0.67734623 -0.13270475
v -0.02081482 0.67688525 -0.13644002
v -0.01877655 0.68341947 -0.13539594
v 0.10055690 0.69831693 -0.10278356
v 0.10367818 0.69014037 -0.09290780
v 0.10487611 0.70413983 -0.09012184
v 0.10197578 0.71268547 -0.10142654
v 0.10236272 0.72810519 0.01581819
v 0.10292997 0.71123874 0.01331050
v -0.04712255 0.64908028 -0.06268822
v -0.04602867 0.64978254 -0.06410889
v 0.10186165 0.69894147 0.01120154
v 0.08353701 0.73289192 -0.13103829
v 0.03057698 0.80090630 -0.08372650
v 0.01909274 0.79929173 -0.08162077
v 0.06230506 0.75074852 0.03620960
v 0.08500718 0.75621760 -0.11868815
v 0.09591626 0.74898052 0.01697236
v 0.02720479 0.60548139 0.00673189
v 0.08308851 0.75531757 0.02362103
v 0.11247081 0.75232303 -0.01090410
v 0.10840351 0.74598026 0.00212002
v 0.10004050 0.73928058 0.01663477
v 0.09926849 0.68334579 0.00873451
v 0.08846188 0.78060436 -0.08250168
v 0.08877794 0.69809663 -0.12642980
v 0.08753186 0.69363546 -0.12554902
v 0.08936492 0.70297945 -0.12796882
v 0.08525884 0.68903506 -0.12710883
v 0.04610243 0.68475235 -0.15110677
v 0.04544134 0.68288100 -0.15333073
v 0.04486068 0.68028331 -0.15534295
v 0.04834393 0.67973578 -0.15097819
v 0.04753338 0.67669737 -0.15290201
v 0.04167882 0.68116665 -0.16117242
v 0.04227586 0.68368351 -0.15841232
v 0.04411134 0.67787015 -0.15761219
v 0.04347146 0.67464483 -0.15970185
v 0.04148094 0.67795694 -0.16358417
v 0.04628116 0.66120028 -0.15651838
v 0.04762057 0.66583407 -0.15414722
v 0.04568139 0.67059886 -0.15633999
v 0.05087590 0.67321992 -0.15126134
v 0.04949455 0.66982567 -0.15281440
v 0.04670069 0.67396104 -0.15465900
v 0.05225341 0.67664897 -0.14931491
v 0.04426637 0.67105258 -0.16241954
v 0.04494958 0.66800356 -0.16582444
v 0.04197476 0.67451346 -0.16709302
v 0.04031370 0.67695701 -0.17059597
v 0.03989160 0.68063521 -0.16721687
v 0.04924844 0.68181121 -0.14897600
v 0.05365892 0.67904174 -0.14762907
v 0.05251969 0.66572189 -0.15194720
v 0.05664571 0.66182172 -0.15151888
v 0.05503153 0.67004550 -0.15023576
v 0.05899611 0.66675282 -0.14981124
v 0.05653214 0.67376530 -0.14841451
v 0.06071682 0.67063940 -0.14779493
v 0.06031414 0.65770268 -0.15120515
v 0.06335936 0.65327537 -0.15038146
v 0.06619579 0.64788651 -0.14909764
v 0.06660417 0.65816998 -0.14839214
v 0.06976233 0.65231967 -0.14678754
v 0.06902685 0.66312897 -0.14622976
v 0.07283904 0.65766561 -0.14446752
v 0.01888955 0.69251728 -0.15034907
v 0.01870872 0.69428802 -0.14738502
v 0.01472205 0.69128644 -0.14585420
v 0.01497858 0.68930018 -0.14840436
v 0.02746862 0.74172640 -0.14915672
v 0.02727246 0.74941552 -0.14628005
v 0.01818139 0.75012112 -0.14455587
v 0.01901825 0.74245536 -0.14806037
v 0.06317680 0.66275537 -0.14931619
v 0.06521212 0.66703880 -0.14712416
v 0.06232031 0.67443287 -0.14591056
v 0.05818614 0.67694855 -0.14666432
v 0.07130580 0.67436600 -0.14227882
v 0.07053950 0.66874230 -0.14420728
v 0.06651486 0.67167819 -0.14507414
v 0.06746142 0.67627299 -0.14328068
v 0.07512069 0.66437626 -0.14228305
v 0.07560934 0.67214501 -0.14072941
v 0.07536154 0.67732584 -0.13915549
v 0.06241638 0.68543661 -0.14273949
v 0.05758648 0.68661082 -0.14337909
v 0.06592520 0.68477762 -0.14169690
v 0.07143179 0.67855096 -0.14084737
v 0.06811343 0.67969096 -0.14215472
v 0.08030301 0.68463993 -0.13290520
v 0.07793601 0.68404067 -0.13510048
v 0.07209293 0.68400228 -0.13914134
v 0.06927438 0.68430781 -0.14053170
v 0.07519346 0.68396723 -0.13727683
v 0.05315936 0.68868124 -0.14330962
v 0.04874911 0.69110727 -0.14320230
v 0.08603171 0.60575151 -0.04039362
v 0.03977711 0.68412244 -0.16473217
v 0.03997537 0.68700016 -0.16199431
v 0.04727456 0.70892680 -0.14619559
v 0.04501015 0.70620525 -0.14517108
v 0.03936102 0.70724809 -0.15275069
v 0.05178971 0.71243143 -0.14889032
v 0.04577079 0.69393122 -0.14329579
v 0.01020766 0.68886817 -0.14445098
v 0.01090414 0.68692136 -0.14622369
v 0.04425909 0.69671452 -0.14335172
v 0.04346081 0.69978821 -0.14379178
v 0.04357451 0.70312011 -0.14427811
v 0.02879574 0.78283608 -0.12208499
v 0.01795581 0.78231287 -0.11901198
v 0.02060708 0.80239046 -0.03176121
v 0.01991774 0.80334437 -0.04002952
v 0.03175654 0.80513680 -0.03978360
v 0.03097004 0.80348539 -0.02735301
v 0.06438184 0.72574151 -0.14971636
v 0.06040314 0.71954465 -0.15195855
v 0.09476929 0.73613119 -0.11502318
v 0.09753221 0.72696412 -0.11180037
v 0.08491923 0.71805072 -0.13506404
v 0.08772571 0.71335423 -0.13260019
v 0.08917691 0.70810115 -0.13007975
v 0.09818608 0.71491194 -0.10986036
v 0.09758138 0.70235837 -0.10971443
v 0.09729672 0.69057584 -0.11101733
v -0.03775063 0.67714274 -0.01127010
v -0.04074584 0.67695546 -0.02702793
v -0.04293038 0.68888271 -0.02500291
v -0.03996573 0.69355989 -0.00842605
v 0.08750181 0.76714838 -0.10369068
v -0.01218947 0.58035779 -0.10004716
v -0.01196829 0.56686199 -0.09727763
v 0.02593151 0.59346259 0.00500037
v 0.08813044 0.77219331 -0.09674250
v 0.08655000 0.76183546 -0.11119913
v 0.08023570 0.78533626 -0.08751658
v 0.07962379 0.78148663 -0.09599635
v 0.08857504 0.77675092 -0.08977224
v 0.07936885 0.77693021 -0.10336499
v 0.07912281 0.77193773 -0.11038221
v 0.07815723 0.76667273 -0.11800066
v 0.07694961 0.76057291 -0.12544899
v 0.07404371 0.75242436 -0.13269708
v 0.07568684 0.60719752 -0.02262918
v 0.03687227 0.67284572 -0.16353029
v 0.03617158 0.67304361 -0.16421260
v -0.01895061 0.73542941 -0.12515271
v -0.02067197 0.74085271 -0.12019460
v -0.02430483 0.73349369 -0.11666404
v -0.02236987 0.72904861 -0.12203573
v 0.03577945 0.67255867 -0.16295469
v 0.03507569 0.67272496 -0.16361356
v 0.03468790 0.67134953 -0.16321677
v 0.03529386 0.66389251 -0.16581908
v 0.03394923 0.66591346 -0.16444795
v 0.03389377 0.66939354 -0.16335359
v 0.09769057 0.63866222 -0.07290731
v 0.02794936 0.72921598 -0.15423781
v 0.02046243 0.72984612 -0.15364753
v 0.02192335 0.72351038 -0.15450670
v 0.02822453 0.72287381 -0.15518263
v -0.02803652 0.69778788 -0.11872889
v -0.03097984 0.69465184 -0.11597046
v -0.03058763 0.68641818 -0.12107265
v -0.02734277 0.69062829 -0.12274660
v -0.02470203 0.68533838 -0.12908481
v -0.02756993 0.67914498 -0.12894988
v 0.01733598 0.75970995 -0.14017484
v 0.02728486 0.75937212 -0.14222613
v -0.02691848 0.72400403 -0.11431758
v -0.02514775 0.72130108 -0.11976078
v 0.02188574 0.69566035 -0.15313695
v 0.02143978 0.69694209 -0.14933006
v 0.02448132 0.70157254 -0.15186712
v 0.02783298 0.70130002 -0.15822142
v 0.02846662 0.70523298 -0.15654859
v 0.02540657 0.70516491 -0.15255649
v 0.00091467 0.74306929 -0.14076275
v -0.00029590 0.75023830 -0.13652274
v -0.00820190 0.74918044 -0.13107239
v -0.00687734 0.74243093 -0.13531737
v 0.01855393 0.78736055 -0.11123738
v 0.02943389 0.78817523 -0.11430626
v 0.02875991 0.71466327 -0.15495916
v 0.02447621 0.71495259 -0.15325104
v 0.02523553 0.71129358 -0.15241279
v 0.02860896 0.71131253 -0.15495425
v 0.00602613 0.68534744 -0.14510682
v 0.00532904 0.68756628 -0.14392179
v -0.03867917 0.64795887 -0.06013854
v -0.04029539 0.64740109 -0.06048749
v -0.04126137 0.69624007 -0.06937824
v -0.04116777 0.68528497 -0.07173626
v -0.04102568 0.69370472 -0.08157340
v -0.04034020 0.70680034 -0.07878052
v -0.04219039 0.71838021 -0.07468764
v -0.04272994 0.72749758 -0.06845529
v -0.04482040 0.71152115 -0.06181259
v -0.04343978 0.70516372 -0.06670388
v -0.02965301 0.59306157 -0.03169696
v -0.02636035 0.60306168 -0.02760660
v 0.02750376 0.69839203 -0.16129673
v 0.02727596 0.69555652 -0.16404021
v 0.01592744 0.70507932 0.04496104
v 0.01530646 0.69176042 0.04302892
v -0.00491674 0.69762909 0.03490201
v -0.00432892 0.71029377 0.03660340
v -0.03565101 0.66656768 -0.01562493
v -0.03900351 0.66824019 -0.03062743
v 0.01843897 0.66912603 -0.16706868
v 0.02215355 0.67334974 -0.16237602
v 0.02169699 0.66982257 -0.16180877
v 0.02225920 0.67249763 -0.16217774
v 0.01815436 0.66614223 -0.16903889
v 0.01583574 0.66572452 -0.17029554
v 0.02054386 0.66614175 -0.16202709
v 0.02145477 0.66627359 -0.16262527
v 0.02250208 0.67006803 -0.16213496
v 0.02105697 0.67384481 -0.16299500
v 0.02617814 0.66171825 -0.17592441
v 0.02570382 0.66331983 -0.17883500
v 0.02200744 0.66502559 -0.17754735
v 0.02337680 0.66339695 -0.17553467
v 0.02423894 0.67253125 -0.16376199
v 0.02496907 0.67022455 -0.16461477
v 0.02368946 0.66839683 -0.17188112
v 0.02232832 0.67215717 -0.16777872
v 0.02227400 0.67410922 -0.16500357
v 0.02194956 0.66915071 -0.17100814
v 0.02234226 0.66299987 -0.16834444
v 0.02027271 0.66933525 -0.16935615
v -0.04991529 0.66266763 -0.05214101
v -0.03220805 0.61284161 -0.07628177
v -0.03568539 0.62786055 -0.06787372
v -0.03524432 0.62725449 -0.06151250
v -0.03408372 0.61173761 -0.06628341
v -0.04886966 0.68925452 -0.04725732
v -0.03255561 0.73952746 -0.09793760
v -0.03331090 0.75131476 -0.08764020
v -0.03926408 0.73935318 -0.07662939
v -0.03944403 0.72853136 -0.08288763
v -0.03305332 0.76047540 -0.07903975
v -0.03907526 0.74980998 -0.06872624
v -0.04297777 0.73744822 -0.05969295
v -0.04585864 0.71649122 -0.04638180
v -0.01047245 0.70005810 -0.13617387
v -0.01072999 0.69986427 -0.13635461
v -0.00925857 0.69947565 -0.13768920
v -0.00925444 0.69963944 -0.13749233
v -0.00997674 0.70009148 -0.13557237
v -0.00870138 0.69952488 -0.13667291
v -0.01078418 0.70054495 -0.13453619
v -0.01136274 0.70041656 -0.13506822
v -0.01165936 0.70017695 -0.13524510
v 0.00687897 0.69957423 -0.13989078
v 0.00621782 0.69992256 -0.13912266
v 0.00348856 0.69922912 -0.13935782
v 0.00416732 0.69916022 -0.14050667
v 0.00709720 0.69925213 -0.14035873
v 0.00418174 0.69881451 -0.14094283
v 0.00324863 0.70176876 -0.13339688
v 0.00379727 0.70201695 -0.13332586
v 0.00244530 0.70143032 -0.13357709
v 0.00896239 0.70133185 -0.13755505
v 0.00900399 0.70236552 -0.13766497
v 0.00432925 0.70272422 -0.13347396
v 0.00427398 0.70219779 -0.13334772
v 0.00841611 0.70093012 -0.13768707
v 0.00998799 0.70058119 -0.13788261
v 0.01113396 0.70077860 -0.13755845
v 0.01121554 0.70219672 -0.13774088
v -0.00108516 0.69815123 -0.14095077
v -0.00133772 0.69734538 -0.14104626
v 0.00338241 0.69735444 -0.14138086
v 0.00384000 0.69822538 -0.14123024
v -0.00084310 0.69862807 -0.14074284
v -0.00425007 0.69895208 -0.13977569
v -0.00436069 0.69842660 -0.13996345
v -0.00457847 0.69763958 -0.13999090
v 0.00678133 0.69800723 -0.14118212
v 0.00693871 0.69887793 -0.14079042
v -0.00465344 0.69693863 -0.13992506
v -0.00163391 0.69661844 -0.14100467
v 0.00314935 0.69662678 -0.14139064
v 0.00676290 0.69752800 -0.14132036
v 0.00964919 0.69849181 -0.14077470
v 0.00852525 0.69885683 -0.14073601
v -0.00174819 0.69573581 -0.14086331
v -0.00167032 0.69473648 -0.14080544
v 0.00318405 0.69469190 -0.14145865
v 0.00308560 0.69569993 -0.14139941
v -0.00476990 0.69611228 -0.13965593
v -0.00475461 0.69511223 -0.13957080
v -0.01273492 0.70025337 -0.13353176
v -0.01315257 0.70071816 -0.13256146
v -0.01320404 0.70015848 -0.13273321
v -0.01296382 0.69972599 -0.13327374
v -0.01593683 0.69722974 -0.13026702
v -0.01666012 0.69853568 -0.12915994
v -0.01842348 0.69767940 -0.12786356
v -0.01744468 0.69617176 -0.12926611
v -0.02640792 0.68740273 -0.12583114
v -0.02004330 0.69324994 -0.12869498
v -0.02127412 0.69480777 -0.12660888
v -0.01230515 0.70001805 -0.13435872
v -0.01171245 0.69971502 -0.13532421
v -0.01217435 0.70040226 -0.13427716
v -0.01255749 0.70071042 -0.13330603
v -0.01254992 0.69932401 -0.13413401
v -0.01189025 0.69900525 -0.13521227
v -0.01084000 0.69947648 -0.13645221
v -0.01097045 0.69865847 -0.13642494
v -0.00941567 0.69823170 -0.13779822
v -0.00925858 0.69904137 -0.13779467
v -0.00719633 0.69872129 -0.13890409
v -0.00746346 0.69927824 -0.13865894
v -0.00737521 0.69790137 -0.13888817
v -0.00959940 0.69755530 -0.13760085
v -0.00754464 0.69720495 -0.13880973
v -0.01111271 0.69795275 -0.13611837
v -0.01205847 0.69839394 -0.13488418
v -0.01275289 0.69881356 -0.13372093
v -0.01330360 0.69925523 -0.13281806
v -0.01364328 0.69991207 -0.13216124
v -0.01312019 0.69820654 -0.13316076
v -0.01382221 0.69739306 -0.13235623
v -0.01268325 0.69682753 -0.13383150
v -0.01229354 0.69774020 -0.13445880
v -0.01386220 0.69877517 -0.13215400
v -0.01474163 0.69807363 -0.13121130
v -0.01129916 0.69733143 -0.13574080
v -0.01143773 0.69647837 -0.13535163
v -0.00974650 0.69604695 -0.13684578
v -0.00970715 0.69687748 -0.13722299
v -0.00759348 0.69651866 -0.13846257
v -0.00778206 0.69556665 -0.13815713
v -0.00077796 0.69873440 -0.14045219
v -0.00045892 0.69881606 -0.13926806
v -0.00396655 0.69883549 -0.13859341
v -0.00430358 0.69905865 -0.13945366
v -0.00749481 0.69936359 -0.13845886
v -0.00690527 0.69906557 -0.13766752
v -0.00386309 0.69876158 -0.13742511
v -0.00186584 0.70082724 -0.13322881
v -0.00314592 0.70092475 -0.13283725
v -0.00646925 0.69897795 -0.13660161
v -0.00066508 0.69884789 -0.13800238
v -0.00030653 0.70087457 -0.13354756
v 0.00272272 0.69941318 -0.13812259
v 0.00125697 0.70109951 -0.13364111
v 0.00542660 0.70001328 -0.13833927
v -0.00111959 0.71105754 -0.14032154
v -0.00120075 0.71121895 -0.14066279
v -0.00578701 0.71093822 -0.14001609
v -0.00534018 0.71067965 -0.13955252
v -0.01838260 0.67339647 0.01712586
v -0.01831896 0.68804526 0.02257853
v -0.00612377 0.68206167 0.03189117
v -0.00853021 0.70856750 -0.13850713
v -0.00838167 0.70945168 -0.13810946
v -0.01088350 0.70829451 -0.13668251
v -0.01082487 0.70743620 -0.13682695
v -0.00861716 0.70757937 -0.13883626
v -0.01059811 0.70638597 -0.13699187
v -0.00584594 0.70864058 -0.14066216
v -0.00572908 0.70975244 -0.14023457
v -0.00544476 0.71046484 -0.13964511
v -0.00994441 0.70478594 -0.13252173
v -0.00911836 0.70572102 -0.13323550
v -0.00971632 0.70566869 -0.13471027
v -0.01080128 0.70491111 -0.13344131
v -0.01062227 0.70412576 -0.13189781
v -0.01149512 0.70417774 -0.13248625
v -0.00543940 0.70355284 -0.13046996
v -0.00506318 0.70391846 -0.13079092
v -0.00448717 0.70435607 -0.13124043
v -0.00564015 0.70323563 -0.13027819
v -0.00573963 0.70293999 -0.13019797
v -0.00573831 0.70265532 -0.13022663
v -0.00566405 0.70239103 -0.13039254
v -0.03006761 0.67026663 -0.12648369
v -0.02936270 0.68210638 -0.12509535
v -0.03231358 0.67378151 -0.12222278
v -0.01184313 0.70069611 -0.13405208
v -0.01225833 0.70105672 -0.13311385
v -0.01121437 0.70091116 -0.13362004
v -0.01161073 0.70132029 -0.13280989
v -0.01269818 0.70158267 -0.13221559
v -0.01310849 0.70133340 -0.13223323
v -0.00932938 0.70000577 -0.13478427
v -0.00478366 0.70133126 -0.13194530
v -0.00517126 0.70162904 -0.13146457
v -0.00996100 0.70064795 -0.13385201
v -0.00812616 0.69942594 -0.13570008
v -0.00411835 0.70108438 -0.13242649
v -0.00535373 0.70187962 -0.13104559
v -0.00551991 0.70212853 -0.13069488
v -0.01021440 0.70101810 -0.13308217
v -0.01060825 0.70144928 -0.13233286
v -0.01191597 0.70192766 -0.13220455
v -0.01103161 0.70249498 -0.13142690
v -0.01107065 0.70300519 -0.13139313
v -0.01206287 0.70245862 -0.13198821
v -0.01207479 0.70297933 -0.13188146
v -0.01090232 0.70198584 -0.13172308
v -0.01092960 0.70355546 -0.13153580
v -0.01188058 0.70352447 -0.13206962
v -0.01341630 0.70082831 -0.13214242
v -0.01332650 0.70164144 -0.13183048
v -0.01375363 0.70268023 -0.13127603
v -0.01385987 0.70082223 -0.13165143
v -0.01454787 0.70079219 -0.13092765
v -0.01427325 0.69955909 -0.13136223
v -0.01468904 0.70330060 -0.13084756
v -0.01601039 0.70371640 -0.13014714
v -0.01581725 0.70070100 -0.12980300
v -0.01530958 0.69920576 -0.13034929
v -0.01291738 0.70211375 -0.13180928
v -0.01302267 0.70279574 -0.13156213
v -0.01398063 0.70441639 -0.13214688
v -0.01469780 0.70528591 -0.13201623
v -0.01335805 0.70383728 -0.13223192
v -0.01277933 0.70461679 -0.13349120
v -0.01320756 0.70534158 -0.13362634
v -0.01371538 0.70615017 -0.13354295
v -0.01221998 0.70626867 -0.13521099
v -0.01254871 0.70716441 -0.13514183
v -0.01191284 0.70539725 -0.13509129
v -0.01275900 0.70358646 -0.13214204
v -0.01223026 0.70427632 -0.13312460
v -0.01141203 0.70502567 -0.13444898
v -0.01032157 0.70560491 -0.13640390
v -0.00839395 0.70659435 -0.13849708
v -0.00771119 0.70647693 -0.13649374
v -0.00563923 0.70770705 -0.14029318
v -0.00482674 0.70719779 -0.13819337
v -0.00184335 0.71180379 -0.14209585
v -0.00685016 0.71181953 -0.14127588
v -0.00455952 0.70711160 -0.13621862
v -0.00214419 0.70501006 -0.13255644
v -0.00057236 0.70497155 -0.13314191
v -0.00125118 0.70697761 -0.13724712
v 0.00843739 0.70312560 -0.13809974
v 0.00766536 0.70400918 -0.13848118
v 0.00375377 0.70350540 -0.13375604
v 0.00411203 0.70307612 -0.13361008
v 0.00992486 0.70310199 -0.13877562
v 0.00860356 0.70399821 -0.13937056
v 0.00442487 0.70597804 -0.13846804
v 0.00224162 0.70445645 -0.13381739
v 0.00318536 0.70397949 -0.13388233
v 0.00612250 0.70498645 -0.13842231
v 0.00507785 0.70644629 -0.14032517
v 0.00722351 0.70501173 -0.13981897
v -0.00139458 0.70748293 -0.13935550
v 0.01701769 0.74044383 0.04282585
v 0.01648568 0.72488046 0.04550566
v -0.00340169 0.72859251 0.03721692
v -0.00253195 0.74215329 0.03520098
v -0.00701320 0.70654857 -0.13480639
v -0.00345471 0.70475578 -0.13190185
v -0.01271658 0.74448895 0.02768290
v -0.01141035 0.75317276 0.02516687
v -0.00213068 0.75389302 0.03045170
v -0.01116688 0.61426318 -0.00778184
v -0.00207193 0.60233438 -0.00148344
v 0.01200865 0.70273912 -0.13989209
v 0.01036691 0.70422709 -0.14023881
v 0.01307625 0.70143163 -0.13968335
v 0.01373141 0.70119739 -0.13990042
v 0.01275166 0.70272219 -0.13999082
v 0.01135093 0.70427954 -0.14028339
v 0.00829508 0.70559728 -0.14063579
v 0.00903840 0.70585406 -0.14108011
v 0.00574903 0.70764220 -0.14202192
v 0.00557374 0.70695055 -0.14160019
v -0.00166332 0.70818567 -0.14138831
v -0.00165986 0.70911968 -0.14181085
v 0.00628277 0.70829117 -0.14142723
v 0.00965019 0.70622408 -0.14050050
v 0.00685635 0.70895445 -0.14078562
v 0.00989521 0.70711172 -0.14021116
v -0.00118199 0.71077788 -0.14062034
v -0.00152183 0.71009505 -0.14129756
v 0.00994691 0.69942260 -0.14022031
v 0.01207794 0.69954085 -0.14006160
v 0.00945119 0.69986260 -0.13993442
v 0.01179808 0.69992495 -0.13965352
v 0.00826372 0.70029819 -0.13874835
v 0.01278896 0.70025885 -0.13958080
v 0.01334483 0.69999862 -0.13991046
v 0.00737427 0.70051956 -0.13812190
v 0.01351464 0.70270681 -0.13971685
v 0.01462889 0.70095754 -0.13997746
v 0.01481757 0.70308161 -0.13897680
v 0.01542792 0.70105255 -0.13969758
v 0.01264458 0.70551467 -0.13929088
v 0.01211087 0.70446336 -0.13964804
v 0.01429875 0.69973481 -0.13997193
v 0.01362604 0.69922459 -0.14007960
v 0.01499141 0.69955719 -0.14005426
v 0.01428920 0.69889486 -0.14013678
v 0.00696074 0.69674540 -0.14144436
v 0.00714004 0.69589448 -0.14154589
v 0.01029235 0.69785118 -0.14088325
v 0.01087840 0.69724536 -0.14089863
v -0.00144319 0.69364321 -0.14076017
v -0.00459354 0.69397199 -0.13945514
v -0.00112651 0.69237125 -0.14090116
v -0.00451353 0.69252956 -0.13952987
v 0.00379979 0.69259655 -0.14176892
v 0.00336134 0.69362211 -0.14162442
v -0.01316970 0.55786300 -0.09648924
v -0.01475009 0.69632792 -0.13169639
v -0.01594064 0.69498444 -0.13115065
v -0.01433498 0.69425094 -0.13295309
v -0.01333973 0.69576371 -0.13325877
v -0.01176290 0.69533169 -0.13487463
v -0.01232369 0.69370341 -0.13478595
v -0.00997610 0.69319582 -0.13662563
v -0.00980263 0.69484937 -0.13658567
v -0.00776681 0.69440854 -0.13796632
v -0.00761504 0.69270694 -0.13809818
v -0.01745316 0.70020795 -0.12838084
v -0.01845288 0.70362031 -0.12806624
v -0.01940114 0.69973302 -0.12683015
v -0.02076194 0.70340264 -0.12593356
v 0.01657414 0.70390606 -0.13936672
v 0.01669455 0.70138347 -0.13949594
v 0.01851516 0.70466459 -0.14082593
v 0.01814715 0.70175624 -0.14053197
v 0.01725581 0.70789313 -0.14183174
v 0.01526830 0.70692313 -0.14002755
v 0.01584193 0.69942439 -0.14007880
v 0.01503391 0.69853055 -0.14023535
v 0.01711327 0.69930792 -0.14050962
v 0.01599220 0.69788241 -0.14059465
v 0.00760700 0.69497645 -0.14167216
v 0.00807121 0.69399309 -0.14176172
v 0.01145843 0.69655907 -0.14102736
v 0.01237676 0.69559669 -0.14123781
v -0.01756246 0.66279185 0.01214500
v -0.01790076 0.70355475 0.02553152
v -0.01415506 0.71666968 -0.13855785
v -0.01197725 0.71363366 -0.13940558
v -0.00831967 0.71455514 -0.14180276
v -0.01014263 0.71834946 -0.14193350
v -0.01668825 0.72082019 -0.13630415
v -0.01931909 0.71720469 -0.13351589
v -0.01693688 0.71435630 -0.13553166
v -0.01470928 0.71207130 -0.13682486
v -0.01889200 0.70667338 -0.12904285
v -0.01699555 0.70655990 -0.13068178
v -0.01687806 0.70847237 -0.13220057
v -0.01879736 0.70913291 -0.13078550
v -0.02127086 0.70674396 -0.12706277
v -0.02136960 0.71005142 -0.12884673
v -0.01812359 0.71153629 -0.13318016
v -0.01605629 0.71015286 -0.13439356
v -0.02071894 0.71330070 -0.13129665
v 0.00923247 0.71285355 -0.14376765
v 0.00832022 0.71103382 -0.14220808
v 0.01149845 0.70903134 -0.14087352
v 0.01313858 0.70996511 -0.14164625
v 0.01064676 0.71457827 -0.14544061
v 0.01535312 0.71101379 -0.14327823
v -0.00345811 0.71841121 -0.14489147
v -0.00267653 0.71493471 -0.14363173
v 0.00716045 0.70937276 -0.14052039
v 0.00922420 0.70816720 -0.14026409
v 0.00739084 0.70959496 -0.14051513
v 0.00990426 0.70802081 -0.14009808
v -0.02004480 0.76624906 0.00851841
v -0.02217899 0.77361703 -0.00336583
v -0.00425368 0.78232634 0.00273206
v -0.00352811 0.77366292 0.01433499
v -0.00837155 0.70979953 -0.13814297
v -0.00899224 0.71022463 -0.13856798
v -0.01158169 0.70918119 -0.13702415
v -0.01099486 0.70870948 -0.13681914
v -0.01286371 0.70774066 -0.13525827
v -0.01352580 0.70823479 -0.13528597
v -0.01469996 0.70721877 -0.13343121
v -0.01411494 0.70687842 -0.13370380
v -0.01479459 0.70611823 -0.13244548
v -0.01542536 0.70608532 -0.13191019
v 0.00963469 0.70896220 -0.14063713
v 0.00745880 0.70992506 -0.14108805
v -0.01475706 0.73282576 0.02843860
v -0.00962072 0.75650346 -0.12527730
v -0.01693215 0.75302601 -0.11873138
v -0.01530236 0.74670827 -0.12507898
v -0.01017605 0.71122026 -0.13936242
v -0.01280477 0.71017432 -0.13729826
v -0.01455379 0.70905089 -0.13509767
v -0.01552132 0.70793974 -0.13313095
v -0.01600244 0.70695961 -0.13188772
v -0.04239628 0.66664100 -0.06697270
v -0.04300163 0.66671288 -0.06497442
v -0.04889951 0.67628169 -0.03831673
v -0.04669866 0.68261468 -0.03905065
v -0.04522156 0.68605757 -0.04014750
v -0.04694200 0.69589674 -0.05288150
v -0.04994124 0.69932842 -0.04989495
v -0.05487914 0.65880036 -0.04560255
v -0.05189101 0.65688121 -0.04955998
v -0.05474838 0.65967596 -0.04492363
v -0.05728502 0.69571388 -0.03897839
v -0.05768246 0.69403136 -0.03765754
v -0.05870504 0.69382572 -0.03790938
v -0.01290808 0.64229906 0.00203443
v -0.01607739 0.65445077 0.00797135
v -0.05825853 0.69198167 -0.03634495
v -0.04456145 0.67165339 -0.06207766
v -0.05036689 0.67582369 -0.03797244
v -0.05226825 0.67535377 -0.03610172
v -0.05367758 0.67026234 -0.03625263
v -0.05277084 0.67075789 -0.03712200
v -0.05317396 0.66539514 -0.03856310
v -0.05250777 0.66617978 -0.03908806
v -0.05598578 0.66241467 -0.04215229
v -0.05712177 0.66618311 -0.03963696
v -0.05116070 0.69982600 -0.04851638
v -0.05055939 0.69894516 -0.04995940
v -0.05196476 0.69971824 -0.04826832
v -0.04535913 0.67043030 -0.06068332
v -0.04518458 0.69381034 -0.05313065
v -0.04469500 0.69175744 -0.05450229
v -0.04435298 0.69207168 -0.05402226
v -0.04106969 0.67520332 -0.05680561
v -0.04099044 0.67611015 -0.05651866
v -0.04254572 0.67370462 -0.05704805
v -0.04524204 0.67244291 -0.05849960
v -0.03944322 0.66446459 -0.05855863
v -0.03895819 0.66317165 -0.05663512
v -0.03950638 0.66218746 -0.05743528
v -0.05354578 0.70607841 -0.04441747
v -0.04487950 0.69083285 -0.05485650
v -0.04619335 0.69203639 -0.05474719
v -0.04677108 0.69318116 -0.05438040
v -0.05292272 0.69934177 -0.04805149
v -0.04705367 0.69411254 -0.05403191
v -0.04616103 0.69397795 -0.05396364
v -0.04771484 0.69573700 -0.05304852
v -0.04556272 0.69391048 -0.05366763
v -0.04521476 0.66831076 -0.04391363
v -0.04380342 0.66803217 -0.04604532
v -0.04201601 0.68821800 -0.06527093
v -0.04303680 0.68595493 -0.06288021
v -0.05097955 0.65632081 -0.05194429
v -0.04430471 0.69320178 -0.04400567
v -0.04422906 0.69602835 -0.04250940
v -0.05824082 0.67075837 -0.03767040
v -0.05202351 0.66499615 -0.04825561
v -0.04991774 0.66422701 -0.05021983
v -0.05414347 0.66616774 -0.04635141
v -0.05537317 0.66887951 -0.04447844
v -0.04106528 0.68403625 -0.04999951
v -0.05230498 0.68901920 -0.04463062
v -0.05332241 0.68676805 -0.04333633
v -0.05056191 0.68905663 -0.04618843
v -0.04500183 0.69972849 -0.04418030
v -0.04506353 0.69989038 -0.04647921
v -0.04520157 0.69478524 -0.04585396
v -0.04493907 0.69809043 -0.04707732
v -0.04102428 0.66803157 -0.05813271
v -0.04139019 0.66180372 -0.05506349
v -0.04077061 0.66380382 -0.05399792
v -0.04248023 0.66184044 -0.05413878
v -0.04228034 0.66283834 -0.05261116
v -0.04249776 0.66431630 -0.05078838
v -0.04276795 0.66620469 -0.04924355
v -0.04259966 0.66865635 -0.04871359
v -0.04019536 0.67208397 -0.05731202
v -0.04582178 0.70038545 -0.05694836
v -0.03989550 0.67020082 -0.05753001
v -0.04151124 0.67380726 -0.05706682
v -0.04180598 0.67202330 -0.05753956
v -0.04164618 0.67006326 -0.05807427
v -0.04763954 0.66140974 -0.05708920
v -0.04814327 0.66295123 -0.05451816
v -0.04594100 0.66202629 -0.05787476
v -0.04859904 0.66354537 -0.05216026
v -0.04463430 0.66211927 -0.05826455
v -0.04477444 0.69453490 -0.04515872
v -0.04472367 0.69777668 -0.04509534
v -0.04217432 0.67019951 -0.06893219
v -0.03404188 0.67945969 -0.11705327
v -0.03474542 0.68919468 -0.11133277
v 0.00205344 0.62528729 -0.14127931
v 0.00275180 0.62197101 -0.14162374
v -0.02695413 0.66733360 -0.13100563
v -0.02238971 0.66478527 -0.13656180
v 0.00265786 0.63095546 -0.15337409
v 0.00355393 0.62990570 -0.15344746
v 0.00451063 0.63038695 -0.15365814
v 0.00359409 0.63110256 -0.15338498
v 0.00622984 0.63046706 -0.15186541
v 0.00527081 0.63085961 -0.15117817
v 0.00499025 0.63097000 -0.15213151
v 0.00591813 0.63051128 -0.15276742
v -0.00040798 0.64884412 -0.15387015
v -0.00326047 0.65298927 -0.15118933
v -0.00641555 0.64830744 -0.15037763
v -0.00354158 0.64470005 -0.15297712
v 0.00352895 0.62989724 -0.14386544
v 0.00374744 0.63178599 -0.14434230
v 0.00470913 0.63156950 -0.14826934
v 0.00449094 0.63063109 -0.14780147
v 0.00372060 0.62713683 -0.14392634
v 0.00463864 0.62919593 -0.14737484
v 0.00203825 0.62941360 -0.14126867
v 0.00260363 0.63210940 -0.14172299
v -0.00644595 0.62481725 -0.14903815
v -0.00286151 0.62687457 -0.15093839
v -0.00395648 0.63051188 -0.15142587
v -0.00744615 0.62990117 -0.14955774
v 0.00385148 0.66081357 -0.15181294
v 0.00001427 0.65692091 -0.15155724
v 0.00253151 0.65276670 -0.15380326
v 0.00648539 0.65707886 -0.15377203
v 0.01054485 0.66191769 -0.15453100
v 0.00797709 0.66482091 -0.15237240
v 0.01213302 0.67029953 -0.15821350
v 0.01136092 0.66678691 -0.15973777
v 0.01171492 0.66604900 -0.16325258
v 0.01154025 0.66823316 -0.16180396
v 0.01331880 0.66187584 -0.16180266
v 0.01129352 0.66446674 -0.15834716
v 0.01712383 0.66040480 -0.16241859
v 0.01739021 0.66122782 -0.16345105
v 0.01331392 0.66103673 -0.16015646
v 0.01318829 0.65987349 -0.15826111
v 0.01680471 0.65945804 -0.16126409
v 0.01806875 0.66230845 -0.16447225
v 0.01530403 0.66242564 -0.16451260
v 0.01386647 0.66447067 -0.16595714
v 0.02394535 0.66253364 -0.17327680
v 0.02284601 0.66405201 -0.17522012
v 0.02165886 0.69384563 -0.15651536
v 0.01868162 0.69028974 -0.15323287
v 0.02142623 0.69128430 -0.15892877
v 0.01855706 0.68813837 -0.15567853
v 0.01478875 0.66662037 -0.16971061
v 0.01346385 0.66859043 -0.16775975
v 0.01718181 0.66773450 -0.17357858
v 0.01625822 0.67053795 -0.17286082
v 0.02863014 0.70835555 -0.15548801
v 0.02589247 0.65877712 -0.16914070
v 0.02558029 0.65794420 -0.16864032
v 0.02628660 0.65984321 -0.17105685
v 0.01783475 0.76337838 0.03111068
v 0.01807998 0.77646887 0.02059527
v 0.01916299 0.79216421 -0.00098528
v 0.02165632 0.79753935 -0.01265223
v 0.02086493 0.64111972 -0.16949110
v 0.02143081 0.64381874 -0.16943498
v 0.01404390 0.63657260 -0.15248325
v 0.01946879 0.63662159 -0.15409178
v 0.01950697 0.63490677 -0.15870234
v 0.01435079 0.63496983 -0.15730524
v 0.01059061 0.63466513 -0.15514472
v 0.01004732 0.63602376 -0.15039645
v 0.01395932 0.63773692 -0.14999327
v 0.01955161 0.63786757 -0.15141068
v 0.01459500 0.63408017 -0.16170804
v 0.01975442 0.63409758 -0.16394639
v 0.01991778 0.63592160 -0.16666073
v 0.01457845 0.63567817 -0.16389625
v 0.01006669 0.65530920 -0.15702245
v 0.01414332 0.65596986 -0.15975711
v 0.01805323 0.65604877 -0.16348825
v 0.02120330 0.65579700 -0.16630399
v 0.02201033 0.65790391 -0.16665599
v 0.01963940 0.65868139 -0.16422983
v 0.02232868 0.65886199 -0.16705373
v 0.01995128 0.65960920 -0.16487184
v 0.02009395 0.66057265 -0.16548684
v 0.01976684 0.66215241 -0.16569471
v 0.02147212 0.66182399 -0.16708437
v 0.02117608 0.66307151 -0.16661865
v 0.02244122 0.65983891 -0.16738421
v 0.02601403 0.68576896 -0.17251182
v 0.02665570 0.68936574 -0.16949947
v 0.01691510 0.64565980 -0.16733576
v 0.02188131 0.64602172 -0.16870330
v 0.02302775 0.65011477 -0.16786452
v 0.01867874 0.65030634 -0.16637902
v 0.01410463 0.64966023 -0.16386986
v 0.01192085 0.64397192 -0.16473560
v 0.02519128 0.65705299 -0.16823891
v 0.01645336 0.64328933 -0.16761667
v 0.01593268 0.64065993 -0.16739970
v 0.01120201 0.64148021 -0.16481811
v 0.01090400 0.63910866 -0.16426569
v 0.00723891 0.64131904 -0.16148283
v 0.00868890 0.64775169 -0.16098213
v 0.00313302 0.64544690 -0.15746810
v 0.00346918 0.63827503 -0.15793680
v -0.00388729 0.63408351 -0.15244830
v 0.00118794 0.63082564 -0.15315573
v 0.00092139 0.63252449 -0.15365285
v 0.00107734 0.63413274 -0.15465057
v -0.00300371 0.63763666 -0.15368557
v -0.00717050 0.63505101 -0.15069741
v -0.00586923 0.64007151 -0.15195526
v -0.00096810 0.64133930 -0.15526861
v 0.00172633 0.63597047 -0.15589522
v 0.00234548 0.63211286 -0.15393190
v 0.00341573 0.63168180 -0.15371779
v 0.00243133 0.63320172 -0.15478760
v 0.00347594 0.63241959 -0.15447950
v 0.00286965 0.63427413 -0.15590715
v 0.00375885 0.63314688 -0.15541893
v 0.00456480 0.63422000 -0.15682079
v 0.00393035 0.63591623 -0.15756123
v 0.00543822 0.63204944 -0.15228660
v 0.00621234 0.63241100 -0.15343082
v 0.00598272 0.63254833 -0.15475954
v 0.00526540 0.63210273 -0.15351744
v 0.00506606 0.63153577 -0.15151328
v 0.00492740 0.63173044 -0.15278751
v 0.00505295 0.63246965 -0.14912656
v 0.00589783 0.63293803 -0.15001027
v 0.00467476 0.63110507 -0.15072402
v 0.00459252 0.63119829 -0.15180039
v 0.00442295 0.63135886 -0.15322855
v 0.00436920 0.63190532 -0.15374149
v 0.00463812 0.63245761 -0.15456748
v 0.00531978 0.63309836 -0.15577093
v 0.01086096 0.63695431 -0.16305733
v 0.00740610 0.63689959 -0.16082317
v 0.00768165 0.63506079 -0.15943792
v 0.01094433 0.63471246 -0.16108724
v 0.00810270 0.63367939 -0.15789433
v 0.00974872 0.63704395 -0.14798576
v 0.01124273 0.63362420 -0.15926777
v 0.00670751 0.63485718 -0.14767878
v 0.00595392 0.63585591 -0.14518289
v 0.00749171 0.63379586 -0.15203492
v 0.00420905 0.63312328 -0.14534567
v 0.00504031 0.63359737 -0.14595337
v 0.00344682 0.63405561 -0.14287895
v 0.00451832 0.63476586 -0.14396058
v 0.00833724 0.63292491 -0.15605892
v 0.00712975 0.63892257 -0.16138400
v 0.01530705 0.63820553 -0.16595149
v 0.02043908 0.63858128 -0.16832647
v 0.02457800 0.67823231 -0.17925423
v 0.02526380 0.68226492 -0.17570764
v 0.00536099 0.63049936 -0.15354271
v 0.00708970 0.54653835 -0.11049807
v 0.00206847 0.62921548 -0.15311882
v 0.00436693 0.62455821 -0.14392231
v 0.00547473 0.62792146 -0.14772063
v -0.00356814 0.61962831 -0.14980252
v 0.00087240 0.61476672 -0.15223530
v 0.00310249 0.61886537 -0.15403192
v -0.00048981 0.62284994 -0.15171324
v 0.00623469 0.62478864 -0.15637843
v 0.00364025 0.62724268 -0.15419132
v 0.00500059 0.62842000 -0.15483662
v 0.00746599 0.62678587 -0.15702070
v 0.00845191 0.62830687 -0.15733288
v 0.00607577 0.62938714 -0.15487675
v 0.01043770 0.62991631 -0.15584843
v 0.01483613 0.62999022 -0.15861788
v 0.01538974 0.62648356 -0.15387791
v 0.01058559 0.62656105 -0.15144391
v 0.00660835 0.62729204 -0.14889184
v 0.00727343 0.63025773 -0.15276490
v 0.00982186 0.62996554 -0.15665774
v 0.00704183 0.63022876 -0.15374202
v 0.01439291 0.63007307 -0.15975897
v -0.00267511 0.55131197 -0.10475187
v 0.00670110 0.62996054 -0.15452537
v 0.00933277 0.62954295 -0.15701096
v 0.01364092 0.62927949 -0.16043194
v 0.01251236 0.62745881 -0.16096750
v 0.01136306 0.62523532 -0.16113782
v 0.01047788 0.62245440 -0.16028160
v 0.00846209 0.61528456 -0.15727888
v 0.00713566 0.61021221 -0.15584920
v 0.01461090 0.61317205 -0.15988016
v 0.01362411 0.60782850 -0.15945780
v 0.01586745 0.62076414 -0.16356969
v 0.01628444 0.62422919 -0.16502513
v 0.01709623 0.62689972 -0.16454397
v 0.01789929 0.62900066 -0.16357143
v 0.02454109 0.65530694 -0.16781949
v 0.02270311 0.66164804 -0.16848113
v 0.02379256 0.66173947 -0.17083235
v 0.02083016 0.66569936 -0.17598337
v 0.02635495 0.66069102 -0.17330857
v 0.01851380 0.66755342 -0.17539252
v 0.02006190 0.66690004 -0.17692427
v 0.01948998 0.66873646 -0.17774677
v 0.01837678 0.66945744 -0.17636654
v 0.02144120 0.66617119 -0.17826726
v 0.02033826 0.66849160 -0.17888187
v 0.02539092 0.66469014 -0.18018028
v 0.02482204 0.66847444 -0.18217361
v 0.02437934 0.67445362 -0.18162069
v 0.02465148 0.67083621 -0.18255144
v 0.01921154 0.67055225 -0.17821740
v 0.01802377 0.67252505 -0.17627986
v 0.01809087 0.67553079 -0.17374298
v 0.01588653 0.67315829 -0.17002675
v 0.03083608 0.80545950 -0.05566588
v 0.01868060 0.63004589 -0.16263925
v 0.01961954 0.62998867 -0.16081819
v 0.01510086 0.61695862 -0.14695050
v 0.01521766 0.62097776 -0.14951758
v 0.02005451 0.62053967 -0.15099724
v 0.01988243 0.61664402 -0.14862996
v 0.02358292 0.62991309 -0.16168699
v 0.02372558 0.62636626 -0.15633996
v 0.02013799 0.62654066 -0.15558481
v 0.02330105 0.63001168 -0.16389582
v 0.02273902 0.62879109 -0.16514929
v 0.02206577 0.62659407 -0.16644202
v 0.02376362 0.62023771 -0.15167138
v 0.02338241 0.61620009 -0.14927614
v 0.00593477 0.62286770 -0.14495592
v 0.00519408 0.61940968 -0.14280102
v 0.01029067 0.62138724 -0.14747588
v 0.00990894 0.61784017 -0.14517125
v 0.01992410 0.60719812 -0.16228144
v 0.02086952 0.61238039 -0.16185990
v 0.02160494 0.62341142 -0.16680741
v 0.02128482 0.61966860 -0.16509920
v 0.01848895 0.78545809 0.01050344
v -0.02720897 0.75846303 -0.09440623
v -0.02619248 0.75177383 -0.10290128
v -0.01915042 0.75959682 -0.10989749
v -0.02043846 0.76487446 -0.10213070
v -0.02727473 0.76571643 -0.08600017
v -0.02030470 0.77081621 -0.09387110
v 0.00000188 0.79761136 -0.03637648
v -0.00081095 0.79780734 -0.05038952
v 0.01912296 0.80358958 -0.05428864
v 0.00552075 0.79620099 -0.02282288
v -0.00762771 0.78818274 -0.01389038
v -0.01033355 0.79259360 -0.03285445
v -0.01035617 0.79322374 -0.04781484
v -0.00364432 0.58796370 -0.00142878
v -0.01677573 0.71579432 0.02705364
v -0.00909790 0.79293847 -0.06153652
v -0.00028132 0.79700971 -0.06427071
v -0.00025983 0.79494393 -0.07658089
v -0.00817881 0.79153979 -0.07323210
v 0.01919436 0.80181789 -0.06869954
v 0.03083140 0.80357707 -0.07065264
v 0.01451579 0.67648935 0.03903798
v 0.02710430 0.69273686 -0.16662765
v -0.02225336 0.62750268 -0.01552577
v -0.03272835 0.62747049 -0.03406994
v -0.03851841 0.57701027 -0.06072026
v -0.04142082 0.65282345 -0.05207614
v -0.04102818 0.65330195 -0.05120010
v -0.03623521 0.61365998 -0.05351178
v -0.03582934 0.62726319 -0.05156751
v -0.01127614 0.62751091 -0.00334945
v -0.04945464 0.66430891 -0.04031426
v -0.04980694 0.66799474 -0.03891063
v -0.05087718 0.66360903 -0.04066445
v -0.05138877 0.66751015 -0.03898026
v -0.05101668 0.67169654 -0.03814149
v -0.05172618 0.66202998 -0.04156864
v -0.04556335 0.70015359 -0.04909115
v -0.04696170 0.70195186 -0.04984100
v -0.04147525 0.65115714 -0.05656015
v -0.04114600 0.65177476 -0.05486718
v -0.04070840 0.65135014 -0.05583659
v -0.04057404 0.65086663 -0.05716415
v -0.04126153 0.65025425 -0.05819169
v -0.04038865 0.65029740 -0.05840154
v -0.04507086 0.71648967 -0.05529027
v -0.03853305 0.65055454 -0.05478798
v -0.04030201 0.65281403 -0.05194576
v -0.04044241 0.65224636 -0.05351090
v -0.03995627 0.65130639 -0.05495664
v -0.03928720 0.65045214 -0.05700101
v -0.03939122 0.64952385 -0.05879449
v -0.04075879 0.64893734 -0.05926174
v -0.05213055 0.66101730 -0.04117078
v -0.04580411 0.65038490 -0.05335385
v -0.04637257 0.69219851 -0.04311590
v -0.04648858 0.69043291 -0.04174719
v -0.04884908 0.69219887 -0.04012574
v -0.04851051 0.69452786 -0.04135621
v -0.02796213 0.66552007 0.00010795
v -0.02932280 0.67589223 0.00565403
v 0.01133684 0.59122992 0.00339606
v 0.01318304 0.60487008 0.00509451
v -0.04173733 0.71038783 -0.00811236
v -0.04620013 0.69395792 -0.04455803
v -0.04840095 0.69637942 -0.04280806
v -0.04961900 0.67215168 -0.03819837
v -0.04518289 0.69319057 -0.04465981
v -0.04542003 0.69145024 -0.04325351
v -0.04950902 0.69818270 -0.04110168
v -0.04975282 0.69597328 -0.03945138
v -0.04994795 0.69342673 -0.03804253
v -0.04552361 0.68952918 -0.04191703
v -0.04499423 0.69813132 -0.04235458
v -0.04490688 0.74257278 -0.03073899
v -0.04421745 0.73560703 -0.01709733
v -0.04050682 0.75911438 -0.02667352
v -0.03915363 0.75276399 -0.01193365
v -0.03465955 0.74533927 0.00331343
v -0.03909945 0.72706020 -0.00179778
v -0.04521704 0.69984508 -0.04784901
v -0.04783909 0.70299494 -0.04919583
v -0.02727717 0.77166200 -0.07794894
v -0.03318347 0.76676702 -0.07089135
v -0.01996214 0.77602565 -0.08634180
v -0.01920474 0.78054667 -0.07954961
v -0.02612867 0.77706170 -0.07088555
v -0.03411301 0.77030885 -0.05896846
v -0.04514229 0.73448575 -0.04585849
v -0.04355418 0.74893010 -0.04455829
v -0.04044764 0.75357485 -0.05787667
v -0.03858402 0.76497912 -0.04192079
v -0.02881702 0.77820504 -0.05236575
v -0.03271701 0.77425015 -0.03788988
v -0.02096724 0.78570259 -0.04844868
v -0.02311214 0.78322160 -0.03398185
v -0.02261273 0.77962244 -0.01822901
v -0.03442411 0.76970148 -0.02295623
v -0.02366316 0.78166735 -0.06458782
v -0.01722785 0.78452468 -0.07410963
v -0.01798260 0.78713453 -0.06103148
v -0.01463487 0.78783143 -0.06955028
v -0.03835600 0.75582683 -0.06484571
v -0.03599270 0.64363623 -0.06001367
v -0.03765966 0.64352131 -0.06532086
v -0.04119104 0.65540051 -0.07196635
v -0.03805472 0.68207192 -0.10502988
v -0.03726674 0.69480312 -0.10204811
v -0.04107013 0.68646669 -0.09219688
v -0.04069407 0.67118871 -0.09444605
v -0.03507156 0.70851171 -0.09972690
v -0.03899744 0.70082402 -0.09002464
v -0.03864898 0.71501863 -0.08732973
v -0.03395890 0.72310054 -0.09846711
v -0.02577484 0.73805428 0.01785640
v -0.02919248 0.72150481 0.01554027
v -0.03072082 0.70926845 0.01362987
v -0.01398392 0.74069929 -0.12949201
v 0.01744101 0.75428557 0.03728762
v -0.01137741 0.76395416 -0.11709811
v -0.01677175 0.75765228 0.01876904
v -0.00257098 0.76190078 0.02498970
v -0.03344880 0.76369333 -0.00835773
v -0.03031945 0.75687671 0.00453416
v -0.02219547 0.74872923 0.01865047
v -0.03079768 0.69341183 0.01131428
v -0.00898330 0.78827751 -0.08080559
v -0.02379043 0.70684028 -0.12397222
v -0.02330464 0.70215905 -0.12322652
v -0.02386636 0.71173859 -0.12552768
v -0.02210374 0.69721472 -0.12489866
v 0.01511599 0.68717921 -0.15059181
v 0.01538734 0.68525112 -0.15282033
v 0.01539905 0.68264711 -0.15484668
v 0.01201052 0.68262589 -0.15035111
v 0.01225056 0.67950773 -0.15231758
v 0.01849615 0.68304300 -0.16078293
v 0.01842830 0.68561745 -0.15800551
v 0.01568525 0.68015885 -0.15714657
v 0.01570710 0.67687833 -0.15923922
v 0.01809043 0.67979836 -0.16321719
v 0.01097505 0.66388595 -0.15583925
v 0.01038001 0.66870701 -0.15354079
v 0.01290846 0.67321348 -0.15577911
v 0.00847710 0.67655694 -0.15060270
v 0.00924780 0.67296612 -0.15221271
v 0.01261037 0.67667365 -0.15412009
v 0.00773521 0.68016315 -0.14855812
v 0.01427192 0.67338979 -0.16191004
v 0.01303468 0.67048192 -0.16520621
v 0.01702025 0.67643106 -0.16663204
v 0.01895256 0.67861938 -0.17015986
v 0.02003789 0.68218887 -0.16684271
v 0.01152588 0.68478453 -0.14832373
v 0.00676675 0.68271446 -0.14680246
v 0.00565782 0.66926599 -0.15130050
v 0.00103175 0.66582918 -0.15072457
v 0.00388525 0.67398882 -0.14947928
v -0.00046102 0.67117989 -0.14897147
v 0.00306296 0.67794144 -0.14752962
v -0.00151979 0.67538857 -0.14685927
v -0.00313735 0.66207123 -0.15030381
v -0.00664101 0.65783489 -0.14938432
v -0.00993493 0.65256131 -0.14800033
v -0.00912090 0.66334701 -0.14730068
v -0.01296662 0.65761650 -0.14561822
v -0.01075122 0.66879117 -0.14496322
v -0.01527994 0.66357923 -0.14313497
v -0.00511625 0.66764653 -0.14831614
v -0.00642940 0.67232013 -0.14597562
v -0.00241302 0.67945492 -0.14486144
v 0.00209021 0.68132520 -0.14573096
v -0.01133619 0.68062711 -0.14083043
v -0.01144106 0.67475617 -0.14283247
v -0.00699163 0.67724407 -0.14386170
v -0.00724158 0.68206525 -0.14196324
v -0.01655823 0.67083442 -0.14079009
v -0.01586237 0.67885888 -0.13917860
v -0.01474896 0.68413639 -0.13761462
v -0.00055587 0.69039166 -0.14160073
v 0.00423339 0.69080198 -0.14245310
v -0.00413179 0.69025171 -0.14030688
v -0.01072607 0.68490016 -0.13930692
v -0.00726950 0.68555415 -0.14072496
v -0.01815034 0.69197905 -0.13102666
v -0.01593479 0.69113624 -0.13329233
v -0.01031659 0.69039857 -0.13749269
v -0.00746801 0.69027984 -0.13902295
v -0.01329316 0.69076955 -0.13555166
v 0.00886402 0.69216835 -0.14246881
v 0.01367241 0.69386637 -0.14255075
v -0.03289264 0.61490977 -0.03781400
v 0.02077152 0.68563092 -0.16441032
v 0.02112784 0.68850195 -0.16165796
v 0.01820633 0.71120369 -0.14562593
v 0.02007761 0.70811248 -0.14465237
v 0.02554151 0.70832765 -0.15252629
v 0.01407152 0.71543896 -0.14819257
v 0.01700694 0.69619501 -0.14273854
v 0.01923448 0.69859147 -0.14295866
v 0.02056012 0.70150793 -0.14332114
v 0.02101954 0.70478857 -0.14382291
v 0.00352078 0.73053551 -0.14859246
v 0.00646532 0.72381949 -0.15098040
v -0.02370752 0.74548578 -0.11255765
v -0.02773281 0.73670304 -0.10904053
v -0.01730664 0.72614610 -0.13283132
v -0.02066641 0.72185171 -0.13003205
v -0.02292786 0.71682346 -0.12752803
v -0.03011357 0.72476900 -0.10714158
v -0.03162547 0.71222341 -0.10699359
v -0.03343055 0.70032740 -0.10848485
v -0.01137778 0.77506745 -0.10197307
v -0.01063444 0.77992582 -0.09475885
v -0.01184676 0.76977432 -0.10961971
v -0.00023393 0.79151523 -0.08604525
v -0.00060841 0.78776312 -0.09437780
v -0.00995423 0.78439796 -0.08785366
v -0.00139904 0.78332102 -0.10179102
v -0.00239844 0.77846920 -0.10890618
v -0.00291051 0.77324581 -0.11658864
v -0.00257253 0.76704144 -0.12389678
v -0.00146309 0.75854826 -0.13132273
v -0.02158604 0.61482620 -0.02023528
v 0.02180468 0.67400944 -0.16338472
v 0.02249491 0.67411649 -0.16410576
v 0.02286225 0.67355812 -0.16285124
v 0.02356053 0.67362821 -0.16354732
v 0.02371840 0.67221606 -0.16315329
v 0.02176403 0.66497838 -0.16565689
v 0.02345428 0.66674793 -0.16438848
v 0.02417444 0.67015755 -0.16331246
v -0.04082190 0.64825785 -0.07036111
v -0.03670340 0.58135891 -0.04628235
v -0.03190231 0.58540666 -0.03437318
v 0.08411544 0.57135963 -0.04996256
v 0.08138569 0.57584870 -0.03766493
v 0.03996528 0.53939009 -0.10425273
v 0.05176879 0.54350662 -0.09809726
v 0.05253675 0.53431702 -0.09698834
v 0.04030637 0.53022170 -0.10227975
v 0.08505677 0.55327177 -0.04824105
v 0.08414295 0.56101990 -0.05376777
v 0.08208116 0.56681275 -0.03721492
v 0.08460306 0.55887794 -0.03283077
v 0.07577072 0.57043350 -0.02270159
v 0.07819794 0.56256807 -0.01996299
v 0.06734516 0.56386185 -0.00874080
v 0.06606235 0.57310176 -0.01177038
v 0.05407064 0.57178187 -0.00310500
v 0.05632789 0.56185663 -0.00094334
v 0.06408194 0.54787517 -0.09000653
v 0.07491414 0.55266786 -0.07883832
v 0.07212134 0.54184043 -0.08176256
v 0.06225245 0.53954279 -0.09115821
v 0.08162660 0.55806816 -0.06722866
v 0.08123326 0.54793000 -0.06654502
v 0.04079075 0.56360567 0.00412874
v 0.03979012 0.57668126 0.00177713
v 0.04184342 0.50933552 -0.09915630
v 0.02774693 0.50684953 -0.10136589
v 0.02786849 0.51706898 -0.10316981
v 0.04104315 0.51992476 -0.10049900
v 0.07714772 0.50971079 -0.08057839
v 0.09435511 0.51739478 -0.06547011
v 0.09924100 0.50489187 -0.07301244
v 0.08140894 0.49686322 -0.08639589
v 0.08954913 0.47394130 -0.10508253
v 0.11796062 0.47692838 -0.09195130
v 0.10886289 0.45588681 -0.10878801
v 0.08673160 0.45602438 -0.11390094
v 0.10307335 0.43827388 -0.12041408
v 0.08339264 0.43839452 -0.12322702
v 0.09050927 0.38871309 -0.14596093
v 0.07300939 0.38931707 -0.14808154
v 0.07650214 0.40554085 -0.14022739
v 0.09450403 0.40536609 -0.13828301
v 0.09249458 0.29093960 -0.15725046
v 0.07998708 0.29550341 -0.16244091
v 0.08802564 0.31010029 -0.16526693
v 0.09969585 0.30689600 -0.16218828
v 0.16143921 0.38944474 -0.12147112
v 0.16649722 0.40294012 -0.11642081
v 0.17416796 0.38882717 -0.11430474
v 0.16900346 0.37603047 -0.11698958
v 0.14554827 0.51165545 -0.05192584
v 0.13392146 0.49643913 -0.07203843
v 0.12214266 0.50547636 -0.06386709
v 0.13248140 0.52005398 -0.04751096
v 0.14775169 0.31626919 -0.11843225
v 0.14004116 0.30504516 -0.12484875
v 0.13709334 0.31357911 -0.13368280
v 0.14390481 0.32467321 -0.12918587
v 0.11109465 0.20423976 -0.11816657
v 0.09467459 0.20249090 -0.13346246
v 0.09670067 0.22312537 -0.13630974
v 0.11237921 0.22448340 -0.12190711
v 0.15552256 0.25020614 -0.05666684
v 0.15946287 0.24997965 -0.02978064
v 0.15451165 0.23513946 -0.03000730
v 0.15145646 0.23251942 -0.05675752
v 0.12123328 0.38420990 -0.14020075
v 0.10669947 0.38717702 -0.14320469
v 0.11107215 0.40337273 -0.13603446
v 0.12551072 0.39960769 -0.13353927
v 0.22738047 0.24991217 -0.08624072
v 0.21369427 0.24181744 -0.08056128
v 0.20698887 0.26519087 -0.08175530
v 0.22062731 0.27356067 -0.08741759
v 0.14621326 0.14436486 -0.04882147
v 0.14746307 0.15159741 -0.02424308
v 0.15250082 0.13461301 -0.02329260
v 0.14978027 0.12687713 -0.04903466
v 0.21735549 0.41866782 -0.10010851
v 0.23237732 0.43365684 -0.08595036
v 0.23617217 0.41572228 -0.08724247
v 0.21970896 0.40127042 -0.09915017
v 0.15405907 0.36644050 -0.12837727
v 0.15772410 0.37794396 -0.12542897
v 0.16559085 0.36691001 -0.11871488
v 0.16184685 0.35802898 -0.12026936
v 0.16978690 0.27786914 -0.02692137
v 0.16597661 0.27944389 -0.04883564
v 0.17063454 0.29565653 -0.04406047
v 0.17448877 0.29407898 -0.02401297
v 0.16048425 0.26447740 -0.05324528
v 0.16437766 0.26333287 -0.02883999
v 0.14469698 0.37435403 -0.13346298
v 0.13385803 0.38006076 -0.13710526
v 0.13771330 0.39422390 -0.13129947
v 0.14778849 0.38763574 -0.12901816
v 0.08542326 0.27640638 -0.15179563
v 0.07009835 0.28186038 -0.15808728
v 0.13990903 0.11853883 -0.07276745
v 0.12482229 0.11046481 -0.09241582
v 0.12428826 0.12965810 -0.09224556
v 0.13801245 0.13691825 -0.07222188
v 0.08066093 0.24299172 -0.14870039
v 0.08176262 0.26100126 -0.14891377
v 0.09690115 0.25920430 -0.14016518
v 0.09736139 0.24160561 -0.13798602
v 0.10626109 0.10356852 -0.10842545
v 0.08630494 0.09824765 -0.12237114
v 0.08653365 0.11908224 -0.12273887
v 0.10651371 0.12341234 -0.10868771
v 0.09865046 0.42159018 -0.12992629
v 0.08003383 0.42181215 -0.13191676
v 0.11478797 0.28965673 -0.14465487
v 0.10446690 0.28957525 -0.15133522
v 0.11056650 0.30537191 -0.15670687
v 0.11923609 0.30492452 -0.14963673
v 0.17400379 0.36189106 -0.10633504
v 0.17937449 0.37117144 -0.10496408
v 0.17558296 0.35453156 -0.08611202
v 0.17536002 0.35141096 -0.08931848
v 0.15484712 0.11726370 -0.02429879
v 0.15107448 0.10892293 -0.05002917
v 0.10539049 0.08365571 -0.10748425
v 0.08582531 0.07748562 -0.12102121
v 0.17704017 0.34009108 -0.02822346
v 0.17516732 0.34121731 -0.02494746
v 0.17908800 0.33953103 -0.01066894
v 0.18234953 0.33838663 -0.01298813
v 0.04897100 0.31560162 -0.16694905
v 0.06459640 0.32312748 -0.16846171
v 0.06894673 0.30620363 -0.16673160
v 0.05591051 0.29458568 -0.16310744
v 0.10965671 0.27444384 -0.13708088
v 0.10982630 0.26008192 -0.13066709
v 0.09815332 0.27439573 -0.14469570
v 0.03286394 0.30696073 -0.16152765
v 0.04106937 0.27867284 -0.15919457
v 0.06067997 0.42163971 -0.13413998
v 0.05765263 0.40582851 -0.14178586
v 0.06318896 0.43746927 -0.12650520
v 0.04317971 0.43598077 -0.12942478
v 0.04419193 0.45190242 -0.12199910
v 0.06454012 0.45373484 -0.11859924
v 0.04358676 0.46677265 -0.11551359
v 0.06453937 0.46960440 -0.11207850
v 0.05914976 0.50214469 -0.09179157
v 0.06179892 0.49212280 -0.09676793
v 0.17045577 0.35566929 -0.10733776
v 0.16705354 0.34877619 -0.10846885
v 0.12430079 0.09095058 -0.09207223
v 0.14944242 0.44540825 0.04945979
v 0.14147991 0.42952910 0.05796826
v 0.16139457 0.42559323 0.04828135
v 0.16917531 0.44071713 0.03982758
v 0.16013341 0.50669134 -0.05589529
v 0.15187025 0.49085137 -0.07748798
v 0.18525913 0.35325119 0.03298500
v 0.18930823 0.35490021 0.02794607
v 0.19111824 0.36211529 0.02977533
v 0.18538024 0.36145708 0.03598103
v 0.18979621 0.34956828 0.01299692
v 0.18621096 0.34436694 0.00880955
v 0.19188485 0.33586273 0.00899031
v 0.19651480 0.34109893 0.01337951
v 0.14772409 0.14143905 0.00082794
v 0.14237563 0.15827414 -0.00044650
v 0.14186254 0.26938680 0.03637986
v 0.02294804 0.55938733 0.00986721
v 0.02378124 0.57026422 0.00535487
v 0.15228413 0.25970897 0.01704278
v 0.15997289 0.27374986 0.01482993
v 0.15182580 0.28289494 0.03283776
v 0.03560629 0.43434224 0.06283081
v 0.03391044 0.41862807 0.06612457
v 0.05416392 0.42160198 0.06947400
v 0.05730494 0.43849269 0.06531505
v 0.10780124 0.46346024 0.05849630
v 0.11239231 0.47905317 0.05035824
v 0.08653420 0.47545061 0.05522116
v 0.08310539 0.45993605 0.06153576
v 0.12635760 0.44791612 0.05903474
v 0.12057412 0.43111429 0.06683849
v 0.17539354 0.29666045 -0.00433976
v 0.17065559 0.28135535 -0.00617397
v 0.18091831 0.32385555 -0.01834181
v 0.18254903 0.32547095 -0.00196117
v 0.18170120 0.31823465 -0.00277384
v 0.18011689 0.31659982 -0.01985341
v 0.12333246 0.52884567 -0.04108791
v 0.12063721 0.53552687 -0.02300566
v 0.13289674 0.52799547 -0.02683313
v 0.08200967 0.52389181 0.02522730
v 0.08028411 0.51724935 0.03155598
v 0.09876318 0.52060843 0.02394168
v 0.09242766 0.52630758 0.01934812
v 0.05335054 0.34795037 0.07569009
v 0.03182586 0.34840843 0.07292438
v 0.03109542 0.32823995 0.07155702
v 0.05423959 0.32557061 0.07475176
v 0.18757248 0.34276977 0.01892945
v 0.18542741 0.33957890 0.02119142
v 0.18509418 0.33429661 0.01155991
v 0.18556690 0.33738509 0.01083967
v 0.18100995 0.32211617 0.01145724
v 0.18349431 0.32919088 0.01142637
v 0.18241456 0.33494511 0.02248609
v 0.17903739 0.32832453 0.02359991
v 0.16129644 0.29679504 0.02980654
v 0.16795309 0.28785971 0.01272668
v 0.17412764 0.30207673 0.01263585
v 0.16945446 0.30990562 0.02789662
v 0.02404826 0.25871757 0.06650130
v 0.04458255 0.25487164 0.07037453
v 0.04759081 0.27885929 0.07214148
v 0.02624431 0.28295621 0.06885585
v 0.17495772 0.33930555 -0.05068828
v 0.17436354 0.34230801 -0.06718985
v 0.17527942 0.33082131 -0.06234469
v 0.17767307 0.32623592 -0.04536105
v 0.23028667 0.34487715 0.01649061
v 0.22322665 0.35270044 0.01923085
v 0.21829157 0.34786424 0.01994199
v 0.22590062 0.34086481 0.01792349
v 0.18404736 0.30518654 -0.02676802
v 0.18092290 0.31048325 -0.04184186
v 0.18573299 0.29143062 -0.03980029
v 0.18813287 0.28616837 -0.02437735
v 0.17732506 0.50388360 -0.03132756
v 0.17541876 0.50220001 -0.06023057
v 0.16447553 0.51193500 -0.03105902
v 0.18981850 0.30282721 -0.00188854
v 0.19543177 0.30648234 0.00715899
v 0.19055755 0.32044086 0.00481610
v 0.18669698 0.31785181 -0.00506108
v 0.23763508 0.28140357 -0.08414122
v 0.24446976 0.25796440 -0.08377703
v 0.19899613 0.26559129 -0.01131370
v 0.20580584 0.26671568 -0.00075444
v 0.19679224 0.28523079 -0.00044348
v 0.19173735 0.28393748 -0.01117650
v 0.13345557 0.25521395 0.03849621
v 0.14539261 0.24582705 0.01908868
v 0.12215237 0.15066954 0.03959771
v 0.13701420 0.14682627 0.02237280
v 0.13098206 0.16478345 0.02047404
v 0.11692435 0.16984409 0.03769621
v 0.15089731 0.12378156 0.00113446
v 0.12627706 0.13100144 0.04054992
v 0.14112307 0.12839687 0.02305811
v 0.09604046 0.54697359 -0.02247603
v 0.08359931 0.54941225 -0.00650778
v 0.09706772 0.54252768 -0.00541616
v 0.10954755 0.54105389 -0.01867123
v 0.16176210 0.01422790 0.00682176
v 0.15988442 -0.01132348 0.01456147
v 0.16539547 -0.01434630 -0.01334596
v 0.16502388 0.00914752 -0.02199660
v 0.06688274 0.53708982 0.01556855
v 0.08359326 0.54207039 0.00382595
v 0.07155510 0.54704607 0.00370263
v 0.05745659 0.54395568 0.01175899
v 0.16251233 0.03262743 -0.02511422
v 0.16041923 0.03906849 0.00240153
v 0.11330178 0.53529298 -0.03893057
v 0.10115098 0.54043627 -0.04202883
v 0.10191899 0.52773499 -0.05283577
v 0.09171354 0.53135777 -0.05615128
v 0.08280747 0.52416253 -0.07096494
v 0.16620868 -0.02343661 -0.04231144
v 0.16249658 0.00018069 -0.04807930
v 0.08114012 0.55589616 -0.01465696
v 0.06883705 0.55535972 -0.00297854
v 0.05234169 0.55257297 0.00611316
v 0.03608400 0.55325353 0.01079674
v 0.15143517 0.10592005 0.00017848
v 0.15340535 0.10000387 -0.02541535
v 0.11726893 -0.10926157 0.09449060
v 0.09175953 -0.11412451 0.10250163
v 0.08959372 -0.12599275 0.09621255
v 0.11943588 -0.12324935 0.08796239
v 0.02812863 -0.10367915 0.10387561
v 0.02456988 -0.11679408 0.09175922
v 0.05711334 -0.12378678 0.09620005
v 0.06106410 -0.11179239 0.10609874
v 0.06530522 0.01203015 0.11512494
v 0.06484856 0.03411976 0.10634491
v 0.03717433 0.03360924 0.10899030
v 0.03718674 0.01153252 0.11757627
v 0.12819904 0.11199939 0.04082007
v 0.14254093 0.11014104 0.02267753
v 0.14797604 0.09215137 -0.05043653
v 0.18356615 -0.14339790 0.00552963
v 0.18527117 -0.17844376 0.01331569
v 0.18516605 -0.19254103 -0.02208933
v 0.18196234 -0.15725908 -0.03108642
v 0.15080878 -0.16695294 0.07062705
v 0.14958161 -0.13806304 0.06721415
v 0.11953928 -0.14254454 0.08400398
v 0.12087296 -0.16659942 0.08524205
v 0.06597101 0.07240188 -0.13469924
v 0.08474541 0.05889121 -0.11811802
v 0.06458938 0.05323792 -0.13053803
v 0.00711769 0.06363815 -0.15226807
v 0.02770343 0.06539360 -0.15100391
v 0.02456164 0.04596537 -0.14462571
v 0.00512473 0.04399198 -0.14605607
v 0.01156644 -0.07329094 -0.12811065
v -0.00277706 -0.07380494 -0.12945300
v -0.00051798 -0.04810679 -0.12936085
v 0.01556654 -0.04586321 -0.12786502
v 0.15353592 -0.00987589 -0.07091402
v 0.13553350 -0.02092600 -0.08932507
v 0.13064879 0.00045177 -0.08979029
v 0.14798427 0.01098567 -0.07283700
v 0.02216175 -0.12844786 0.07606120
v 0.05328218 -0.13541350 0.08435817
v 0.17286246 -0.20661888 -0.05506631
v 0.16785258 -0.17182943 -0.06384546
v 0.15065007 -0.21590498 -0.07734976
v 0.11883359 -0.22031018 -0.08726889
v 0.11570868 -0.19021717 -0.09483421
v 0.14467846 -0.18483630 -0.08563510
v 0.02273770 -0.15378609 -0.09612942
v 0.00968825 -0.16563937 -0.06839336
v 0.00399785 -0.16176376 -0.07768147
v 0.01394003 -0.14320210 -0.10838099
v 0.03104207 -0.09099793 0.11197688
v 0.06255867 -0.09705868 0.11426568
v 0.06286771 -0.07977781 0.12007727
v 0.03259503 -0.07522953 0.11862797
v 0.10828166 0.13210431 0.05333677
v 0.11049421 0.11199036 0.05444378
v 0.08900191 0.13246033 0.06191551
v 0.10576182 0.15350065 0.05185978
v 0.08609977 0.15486124 0.05958668
v 0.09670810 0.28120819 0.06269704
v 0.11688648 0.26732638 0.05291122
v 0.12650804 0.28193370 0.05217772
v 0.10756189 0.29782829 0.06340246
v 0.07533972 0.42550752 0.07235059
v 0.07859811 0.44274560 0.06748495
v 0.08531873 -0.16372928 0.08756821
v 0.04564550 -0.15386441 0.07611339
v 0.05855374 -0.19162199 0.08233842
v 0.09231752 -0.19320628 0.09159960
v 0.17341138 -0.20209286 0.05059158
v 0.17361622 -0.16908017 0.04525888
v 0.15240467 -0.19731143 0.07447273
v 0.18555816 -0.21219018 0.02009306
v 0.18747808 -0.22592959 -0.01397853
v 0.15249056 -0.24813804 -0.06892933
v 0.12068015 -0.25105467 -0.07799438
v 0.03449466 -0.21614775 -0.04739500
v 0.05663611 -0.21945515 -0.06604481
v 0.06001714 -0.24366471 -0.05510708
v 0.03777546 -0.23807427 -0.03431408
v 0.05193774 -0.07598957 -0.11951028
v 0.08446865 -0.05193198 -0.11128619
v 0.09027260 -0.07987773 -0.11031543
v 0.06381843 -0.10430291 -0.11420956
v 0.01224945 0.08484280 -0.15581897
v 0.02956273 0.08724156 -0.15464894
v 0.04644485 0.06811824 -0.14449336
v 0.04741122 0.09020090 -0.14832528
v 0.06664786 0.09401307 -0.13709253
v 0.03099780 0.18038550 -0.16383265
v 0.05309238 0.17989615 -0.15649603
v 0.04971394 0.15730676 -0.15410900
v 0.02852236 0.15697721 -0.16158460
v 0.03424877 0.20459786 -0.16492128
v 0.05685014 0.20341918 -0.15833257
v 0.03921314 0.25239274 -0.16085766
v 0.06320331 0.26608852 -0.15574697
v 0.06134921 0.24690202 -0.15613995
v 0.04105432 0.42071602 -0.13624083
v 0.03863513 0.40503809 -0.14240959
v 0.15925425 -0.03383124 -0.06794222
v 0.01908434 -0.16921684 0.05167537
v 0.00960215 -0.18572333 0.02552422
v 0.01814836 -0.20962289 0.03840314
v 0.03171233 -0.19833365 0.06282164
v 0.15832357 0.02190864 -0.05018760
v 0.14024651 0.09963056 -0.07315877
v 0.13659026 0.08289319 -0.07218614
v 0.14155510 0.23122999 -0.08319952
v 0.14440741 0.25405988 -0.08757594
v 0.07983268 0.32738015 -0.16706516
v 0.07968531 0.31462470 -0.16717851
v 0.17296961 -0.13572738 0.04009775
v 0.14974304 -0.30624405 -0.05007895
v 0.11719018 -0.30906519 -0.05659467
v 0.11886179 -0.28078696 -0.06800954
v 0.15202923 -0.27842399 -0.06004170
v 0.03091736 -0.25598314 0.00185134
v 0.04267631 -0.26276848 -0.02042818
v 0.04932446 -0.28906569 -0.00736254
v 0.04036546 -0.28211233 0.01576652
v 0.04946461 -0.30919346 0.02654267
v 0.05597638 -0.31643668 0.00377846
v 0.05998093 -0.34491363 0.01622356
v 0.05622137 -0.33588025 0.03813823
v 0.17625132 -0.23879239 -0.04558764
v 0.18628712 -0.28636131 -0.00221971
v 0.17445211 -0.29860583 -0.03028163
v 0.17587331 -0.26962909 -0.03818608
v 0.18785566 -0.25690934 -0.00783550
v 0.12532355 -0.19543448 0.08765809
v 0.02384921 -0.23143509 -0.01241860
v 0.01901755 -0.21121481 -0.02610439
v 0.04419523 -0.26802275 0.06073004
v 0.05847428 -0.26112816 0.08152236
v 0.04509640 -0.23103508 0.07284729
v 0.03042397 -0.23911932 0.04994943
v 0.15802009 -0.25542268 0.08053343
v 0.17488997 -0.26092032 0.05746200
v 0.17446253 -0.23284563 0.05401490
v 0.15551078 -0.22692111 0.07688951
v 0.18392822 -0.27317640 0.02840406
v 0.18544304 -0.24430981 0.02405082
v 0.18245107 -0.34348616 0.00918656
v 0.16890003 -0.35455278 -0.01541062
v 0.17164356 -0.32711503 -0.02276510
v 0.18427889 -0.31500843 0.00361804
v 0.18167040 -0.32957450 0.03791318
v 0.18232435 -0.30166700 0.03327513
v 0.17509872 -0.29003248 0.06143432
v 0.17642930 -0.31825903 0.06411028
v 0.16166756 -0.31034240 0.08309573
v 0.16016833 -0.28269204 0.08213387
v 0.13893196 -0.27961889 0.09704506
v 0.14254227 -0.30641803 0.09735352
v 0.11527638 -0.27970001 0.10253188
v 0.09121803 -0.28267065 0.09843647
v 0.10025606 -0.30880538 0.10018271
v 0.12152645 -0.30621877 0.10303137
v 0.06613348 -0.32068685 0.07735236
v 0.08045796 -0.31394562 0.09214710
v 0.07017694 -0.28821084 0.08706975
v 0.05618974 -0.29511735 0.06957366
v 0.10168943 -0.42124346 0.10857528
v 0.11647269 -0.41534421 0.11186385
v 0.10762283 -0.38932058 0.10640675
v 0.09091820 -0.39512351 0.10152885
v 0.13255486 -0.41067275 0.11637473
v 0.14710797 -0.40754822 0.11543104
v 0.14090116 -0.38355675 0.10872392
v 0.12418431 -0.38532659 0.10901341
v 0.17215797 -0.39050910 0.08857369
v 0.15700541 -0.38487718 0.10212281
v 0.16403107 -0.40912244 0.10888401
v 0.17996173 -0.41608873 0.09460224
v 0.19165266 -0.42339453 0.07789266
v 0.18771946 -0.39815256 0.07277629
v 0.18932277 -0.43564424 0.05626680
v 0.18887673 -0.40961334 0.05234983
v 0.17696193 -0.42382756 0.02710284
v 0.18074751 -0.44916978 0.03105767
v 0.08006565 -0.44508156 0.06891254
v 0.08077402 -0.43692306 0.08657622
v 0.07089084 -0.41203651 0.07530595
v 0.07311457 -0.42014816 0.05805248
v 0.09970427 -0.43379083 0.02124128
v 0.11592509 -0.43953148 -0.00231726
v 0.11896199 -0.46345076 0.01261147
v 0.10452726 -0.45742342 0.03589425
v 0.18195443 -0.35758397 0.04266378
v 0.18024291 -0.37105969 0.01538550
v 0.16302210 -0.33758190 0.08385912
v 0.17832705 -0.34562513 0.06642419
v 0.07470442 -0.34533212 0.08524820
v 0.08983082 -0.33876744 0.09657767
v 0.06426062 -0.37126043 0.02980288
v 0.06102961 -0.36193678 0.05016007
v 0.14205384 -0.38768855 -0.02310430
v 0.16529775 -0.38113728 -0.00854157
v 0.16534458 -0.40783015 -0.00289207
v 0.14187299 -0.41515747 -0.01728178
v 0.18555686 -0.38321081 0.04805172
v 0.18215391 -0.37188384 0.06916752
v 0.16627622 -0.36435488 0.08496556
v 0.15093151 -0.35897669 0.09868744
v 0.13351211 -0.35816863 0.10498989
v 0.11659750 -0.35999855 0.10448544
v 0.09894801 -0.36378273 0.10125941
v 0.08268835 -0.36988226 0.09313132
v 0.06554523 -0.38709018 0.06260777
v 0.06866182 -0.39556679 0.04447604
v 0.14167565 -0.44041225 -0.01030939
v 0.16716647 -0.43445000 0.00146434
v 0.16940698 -0.45787302 0.01077096
v 0.14299433 -0.46305445 0.00249063
v 0.14614865 -0.48173794 0.01837152
v 0.12605575 -0.48090127 0.02879047
v 0.13961202 -0.43530247 0.12526488
v 0.15666601 -0.43364301 0.12335980
v 0.17286763 -0.43543157 0.11600307
v 0.19622532 -0.44894555 0.08388656
v 0.19285466 -0.46298239 0.05868996
v 0.18122168 -0.47445574 0.03718286
v 0.16748664 -0.47812864 0.02194596
v 0.10303190 -0.48738495 0.10515070
v 0.09305987 -0.46173713 0.09528330
v 0.09244750 -0.46985331 0.07913628
v 0.10301375 -0.49481770 0.08854215
v 0.11872849 -0.47375551 0.12861919
v 0.13127637 -0.46586457 0.13728505
v 0.12561639 -0.44100216 0.12166481
v 0.11080104 -0.44638190 0.11347559
v 0.14876591 -0.46143332 0.13952489
v 0.16684347 -0.46017376 0.13549256
v 0.18411303 -0.46115205 0.12677276
v 0.18781900 -0.43999621 0.10288382
v 0.19823506 -0.46592632 0.11150143
v 0.20295855 -0.47693262 0.08880103
v 0.19831666 -0.49078390 0.05946865
v 0.18489827 -0.53085554 0.05014891
v 0.17822276 -0.50317180 0.04133769
v 0.20523910 -0.51879120 0.06556326
v 0.17177549 -0.62709939 0.08214256
v 0.19520642 -0.62303388 0.08072020
v 0.19555819 -0.65635300 0.09452531
v 0.17466548 -0.66039383 0.09557775
v 0.10816392 -0.52125955 0.09848213
v 0.10634558 -0.51446176 0.11731024
v 0.12187286 -0.50195086 0.14394274
v 0.13724355 -0.49428150 0.15196311
v 0.22083573 -0.53427756 0.10376388
v 0.21283680 -0.50491142 0.09433393
v 0.20865330 -0.49390015 0.11978397
v 0.21651945 -0.52416587 0.12992908
v 0.11686492 -0.61635482 0.12798330
v 0.11615963 -0.61052859 0.14754148
v 0.10967659 -0.57813883 0.13924417
v 0.11045001 -0.58431876 0.11797026
v 0.12449765 -0.53279257 0.15737315
v 0.12800844 -0.56519938 0.16822621
v 0.14596878 -0.55814302 0.17623663
v 0.14155492 -0.52572036 0.16559817
v 0.22476137 -0.60195315 0.12401709
v 0.22487158 -0.56681132 0.11389220
v 0.22119454 -0.55748117 0.13932294
v 0.22208983 -0.59387732 0.14821535
v 0.21219280 -0.54748225 0.07556215
v 0.21523975 -0.57879031 0.08651349
v 0.19433868 -0.59040320 0.06888466
v 0.18958890 -0.55949759 0.05790710
v 0.16818763 -0.59475946 0.07013473
v 0.16304296 -0.56407785 0.05987989
v -0.01061879 -0.15658638 -0.08764952
v -0.00917965 -0.16490194 -0.06160210
v -0.00798357 -0.16070130 -0.04101729
v 0.13932481 -0.68187344 0.16042142
v 0.12848938 -0.64530647 0.15373600
v 0.12822711 -0.65158319 0.13610719
v 0.13914622 -0.68827343 0.14521782
v 0.15309533 -0.59341121 0.18211821
v 0.13502091 -0.59907818 0.17512500
v 0.14510670 -0.63542175 0.17765366
v 0.16027780 -0.63091135 0.18437053
v 0.22171068 -0.67895758 0.14278945
v 0.22336690 -0.63961446 0.13328283
v 0.22079048 -0.63304555 0.15506780
v 0.21855874 -0.67284465 0.16253600
v 0.19683027 -0.69245851 0.10974938
v 0.21574724 -0.64811552 0.10904022
v 0.21475285 -0.68627954 0.12223546
v 0.19741589 -0.72867358 0.12110394
v 0.18114582 -0.73183858 0.12100898
v 0.17777143 -0.69596589 0.10961717
v 0.14903095 -0.72327363 0.15285650
v 0.14729840 -0.71800268 0.16721305
v 0.16800839 -0.70609045 0.19296463
v 0.16539225 -0.66902816 0.18788588
v 0.15186059 -0.67324746 0.18123221
v 0.15606219 -0.71041119 0.18618652
v 0.19786027 -0.66783285 0.18578547
v 0.18118399 -0.66709149 0.18948805
v 0.18294787 -0.70416331 0.19462976
v 0.19810019 -0.70537090 0.19067481
v 0.21559674 -0.70949864 0.16963601
v 0.21027413 -0.66935217 0.17684188
v 0.20829765 -0.70679557 0.18214935
v 0.21925162 -0.71498466 0.15030274
v 0.21340114 -0.72264659 0.13174412
v 0.00326992 -0.14974883 0.02419040
v 0.00235907 -0.16681847 -0.00337351
v 0.00542136 -0.17206749 0.01080155
v 0.01027342 -0.15253821 0.03716559
v 0.06312013 -0.27018008 -0.04378149
v 0.06586192 -0.29716745 -0.03035341
v 0.07139573 -0.35328689 -0.00561641
v 0.06886257 -0.32547423 -0.01810002
v 0.07604058 -0.37990311 0.00898411
v 0.08090924 -0.40540615 0.02459899
v 0.08379339 -0.42801532 0.04095237
v 0.08961433 -0.45214298 0.05365435
v 0.09905613 -0.47590664 0.06298290
v 0.11046365 -0.50176930 0.07023166
v 0.11963814 -0.55659950 0.08953553
v 0.10888933 -0.55235088 0.10784262
v 0.11784384 -0.52717161 0.08066560
v 0.12797336 -0.62211359 0.10711789
v 0.12183714 -0.58875239 0.09786917
v 0.13678208 -0.65763628 0.11804023
v 0.14702389 -0.69382882 0.13009152
v 0.15694913 -0.72807860 0.13916309
v 0.07999556 -0.17090884 -0.09661558
v 0.05316079 -0.17763886 -0.08578029
v 0.05175789 -0.16150454 -0.09390800
v 0.07679267 -0.14903876 -0.10254692
v 0.00336273 -0.16518143 -0.04822920
v -0.00072803 -0.15979680 -0.03126130
v -0.00187596 -0.15873405 -0.03687591
v 0.00019249 -0.16394994 -0.05520011
v 0.17735991 -0.39736000 0.02131105
v 0.14669660 -0.33241788 0.09712386
v 0.12764746 -0.33228853 0.10331826
v 0.10869486 -0.33432129 0.10085884
v -0.00679706 -0.15070704 -0.02215689
v 0.09277024 -0.38739476 -0.01155190
v 0.11485152 -0.39015922 -0.02423637
v 0.11516045 -0.41557434 -0.01371321
v 0.09313846 -0.41301438 0.00268894
v 0.15717389 -0.53845048 0.05205755
v 0.14013316 -0.56105208 0.07433501
v 0.13534303 -0.53388321 0.06414436
v 0.15393716 -0.51591742 0.04165079
v 0.17709199 -0.48695812 0.14897892
v 0.19523148 -0.48787567 0.13845500
v 0.18541873 -0.51697838 0.16251102
v 0.15676400 -0.48924991 0.15326507
v 0.16266342 -0.51919854 0.16758940
v 0.08939761 -0.33442935 -0.03660744
v 0.11624394 -0.33702257 -0.04499847
v 0.11570816 -0.36352918 -0.03350735
v 0.09044605 -0.36100128 -0.02377097
v 0.12676062 0.18130627 0.01934896
v 0.11342975 0.18764475 0.03627649
v 0.13249743 0.28403488 -0.12098195
v 0.13659717 0.27089521 -0.10753113
v 0.12339431 0.26428071 -0.11993888
v 0.12164299 0.27804735 -0.12909850
v 0.14207684 0.29360047 -0.11336450
v 0.14636721 0.28146437 -0.09852038
v 0.14986576 0.30546466 -0.10591315
v 0.02157294 0.50964129 0.03641650
v 0.02195901 0.52107561 0.03080388
v 0.15420024 0.29390511 -0.09053795
v 0.17142273 0.34409514 -0.06999259
v 0.16948801 0.34762922 -0.06589922
v 0.03714097 0.22871193 -0.16399796
v 0.01278253 0.22918835 -0.16524594
v 0.01519540 0.25273153 -0.16247734
v 0.04444358 0.04852819 -0.13847332
v 0.02852462 -0.07430539 -0.12423210
v 0.03425176 -0.04315123 -0.12483719
v 0.05626445 -0.03739294 -0.11972576
v -0.00262152 -0.14626351 -0.10443962
v 0.06933127 0.27189782 0.06933960
v 0.06541651 0.24876222 0.06836048
v 0.05891679 0.45371291 0.06065666
v 0.03731809 0.44970569 0.05889966
v 0.06221285 0.48286310 0.05010731
v 0.06261531 0.49547669 0.04478333
v 0.04072656 0.49109212 0.04493251
v -0.01477786 0.18104693 -0.16378476
v -0.01528504 0.15785649 -0.16254562
v 0.04002357 0.47836855 0.04979699
v 0.04443738 0.53707302 0.01993572
v -0.01026085 0.25189033 -0.15945521
v -0.01232177 0.22871503 -0.16215803
v 0.03938878 0.54500711 0.01491420
v 0.00039908 -0.16203764 -0.02560680
v -0.00215095 -0.15061358 -0.00289748
v -0.00309901 -0.15156731 -0.01300538
v 0.03234493 -0.19707939 -0.05990367
v 0.01713195 -0.19561544 -0.03931853
v 0.01653245 -0.18384841 -0.05007060
v 0.03187077 -0.18268296 -0.06982376
v 0.17634642 -0.12292412 -0.04092297
v 0.18004718 -0.10921237 -0.00509269
v 0.08678960 -0.14174601 0.09009480
v 0.22342904 0.22691533 -0.00351634
v 0.23470733 0.23087457 0.00173425
v 0.22526282 0.25122121 0.00488956
v 0.21484795 0.24770257 -0.00177606
v 0.07739085 0.34699395 0.07637778
v 0.08432407 0.31912813 0.07161546
v 0.11384362 0.51817036 -0.05642069
v 0.20094278 0.48796824 -0.06755760
v 0.19078328 0.47502193 -0.09197339
v 0.18097693 0.48126474 -0.08745719
v 0.18909924 0.49559841 -0.06365290
v -0.00567047 -0.13992640 -0.00465091
v 0.19050732 0.45075676 0.02096408
v 0.19589511 0.46517530 0.00595660
v 0.18258002 0.47236511 0.01399567
v 0.17623128 0.45654359 0.02876285
v 0.03576325 -0.01196885 0.12283121
v 0.06455367 -0.01142004 0.12184499
v 0.04301360 0.18271682 0.06517896
v 0.06330479 0.17992595 0.06362873
v 0.06197555 0.20287111 0.06533560
v -0.00208810 -0.13115677 0.04607771
v -0.00099312 -0.12333471 0.05725640
v 0.04217432 0.20703545 0.06677352
v 0.10953391 0.32925507 0.07012203
v 0.12428199 0.31040731 0.06078300
v 0.03226988 0.35325667 -0.15865503
v 0.04966307 0.35659042 -0.16125324
v 0.04841857 0.33735511 -0.16565143
v 0.03137501 0.33288541 -0.16233017
v 0.23998603 0.29278818 0.01104812
v 0.22437084 0.30781540 0.01587231
v 0.21366557 0.29747912 0.01361148
v 0.22495386 0.27847615 0.01180414
v 0.16882396 -0.09822831 0.03676181
v 0.14694396 -0.11323789 0.06963335
v 0.14238317 0.20801702 -0.00187725
v 0.13234657 0.21537021 0.02090038
v 0.12778759 0.19811085 0.02029358
v 0.13856843 0.19082180 -0.00151654
v 0.15822777 0.25357446 -0.00494732
v 0.15210578 0.23933747 -0.00481002
v 0.16422270 0.26714030 -0.00583623
v 0.18602712 0.34016302 -0.00052748
v 0.18247104 0.34078470 0.00125827
v 0.18939392 0.34453550 0.00806735
v 0.05544390 -0.19577780 -0.07708074
v 0.04207502 -0.13122979 -0.11119857
v 0.03247163 -0.11440450 -0.11884971
v -0.00390645 -0.15067539 -0.01948712
v 0.08460385 0.53848135 -0.06036287
v 0.07699496 0.53341174 -0.07556781
v 0.18429011 0.31869772 -0.01724103
v 0.18662807 0.30238757 -0.01350793
v 0.17487761 0.33505937 -0.03050301
v 0.17980984 0.33278623 -0.01418531
v 0.18009062 0.32891056 -0.01630386
v 0.17549074 0.33114901 -0.03357126
v 0.18329424 0.33389512 -0.00038240
v 0.18345176 0.33029070 -0.00108922
v 0.14128473 0.40807846 -0.12470365
v 0.14704263 0.42185733 -0.11659491
v 0.15734746 0.41393414 -0.11640456
v 0.15180512 0.39981768 -0.12345265
v 0.12964343 0.41478774 -0.12582548
v 0.11542770 0.41946867 -0.12772106
v 0.12066792 0.43511036 -0.11800733
v 0.13517338 0.42921641 -0.11683792
v 0.08729684 0.48767599 -0.09664804
v 0.10778735 0.49447855 -0.08189298
v 0.06425148 0.48266092 -0.10493343
v 0.04394790 0.47922525 -0.10934001
v 0.04496256 0.52636707 0.02751607
v 0.04195674 0.51353884 0.03483926
v 0.06997712 0.51898026 0.03186909
v 0.07186880 0.52842343 0.02371107
v 0.06925867 0.52180767 -0.08384974
v 0.05635299 0.51372623 -0.09194361
v 0.04229530 0.49874797 -0.09921841
v 0.25260904 0.28767040 -0.07453197
v 0.25823805 0.26457319 -0.07509694
v 0.08874869 0.55233705 -0.02945497
v 0.08990468 0.54545414 -0.04489698
v 0.26626274 0.29172197 -0.06158950
v 0.27095869 0.26770088 -0.06247997
v 0.16842176 0.48611918 -0.08275461
v 0.16902579 0.46113500 -0.10155699
v 0.15537226 0.46594152 -0.09700434
v 0.06505679 0.53151798 -0.08780108
v 0.05415545 0.52437556 -0.09472091
v 0.17472529 -0.07635117 -0.01893017
v 0.16992410 -0.08975723 -0.05016145
v 0.13623315 0.15450051 -0.07271305
v 0.14324477 0.16113636 -0.04961981
v 0.00824974 0.18059257 -0.16579136
v 0.00668219 0.15716419 -0.16412209
v 0.02779177 0.52738810 -0.10654433
v 0.02775087 0.11076915 -0.15657966
v 0.00583060 0.10802230 -0.15756001
v 0.00564304 0.13340312 -0.16094981
v 0.02716499 0.13396600 -0.15884303
v -0.00245422 0.07245496 -0.15241048
v -0.00126249 0.08435741 -0.15350918
v -0.00400217 -0.09575421 -0.12910713
v 0.00742101 -0.09628749 -0.12817375
v 0.20490816 0.35211769 -0.09524336
v 0.22071522 0.36530343 -0.09373207
v 0.22326386 0.34601542 -0.09039934
v 0.20698953 0.33512893 -0.09289852
v 0.04714323 0.11374488 -0.15011427
v 0.06678502 0.11612982 -0.13746846
v 0.17193179 0.33922866 -0.07222714
v 0.17267765 0.34609583 -0.09105138
v 0.01722342 0.27709189 -0.15845262
v 0.06572762 0.34053877 -0.16627708
v 0.06755604 0.35702720 -0.16163440
v 0.08391024 0.35716638 -0.15950888
v 0.08171140 0.34201917 -0.16450006
v -0.00379272 -0.14747819 -0.01012629
v 0.24073385 0.37251964 0.00727271
v 0.24702519 0.36155310 0.00217988
v 0.25099921 0.36803868 -0.00505509
v 0.24541199 0.37991622 -0.00011990
v 0.00786293 -0.18777195 -0.01585754
v 0.01111927 -0.20116648 -0.00245372
v 0.01776070 -0.13744685 0.05796425
v 0.00359679 -0.13652965 0.04311905
v 0.08672962 -0.25045505 -0.07207239
v 0.08496280 -0.22178695 -0.08212496
v 0.08753628 -0.27937362 -0.06065076
v 0.08868065 -0.30781493 -0.04873612
v 0.11366028 -0.48020694 0.04612831
v 0.12793964 -0.50667834 0.05134215
v 0.14471748 -0.59230971 0.08390108
v -0.00020103 -0.11914384 0.07267633
v 0.14973322 -0.62508166 0.09434751
v 0.15526226 -0.65969312 0.10637684
v 0.16153763 -0.69593692 0.11879380
v 0.16797495 -0.73146129 0.12822387
v 0.27814829 0.26664075 -0.04690226
v 0.27573466 0.29281130 -0.04433754
v 0.27429637 0.28724328 -0.02608805
v 0.27907649 0.26208153 -0.03056870
v 0.19535445 0.26760712 -0.02400146
v 0.19300483 0.27151349 -0.03907746
v 0.19896995 0.25124422 -0.03863984
v 0.20208710 0.24881199 -0.02419777
v 0.20805892 0.22761849 -0.02393895
v 0.21426922 0.22646537 -0.01218470
v 0.20712048 0.24750343 -0.01172698
v 0.24741948 0.23718336 0.00345497
v 0.25898844 0.24444571 0.00086465
v 0.25077453 0.26754490 0.00517156
v 0.23697488 0.25828901 0.00785865
v 0.27560258 0.25726786 -0.01596608
v 0.26870716 0.28034738 -0.01140672
v 0.26045623 0.27393320 -0.00098136
v 0.26815468 0.25122729 -0.00526904
v 0.20475893 0.23562244 -0.06851004
v 0.20198783 0.23180905 -0.05360219
v 0.19678433 0.25430027 -0.05429100
v 0.19877693 0.25853434 -0.06970431
v 0.23953065 0.37729385 -0.08577661
v 0.24075675 0.35462305 -0.08162525
v 0.17532983 0.36071780 -0.07894039
v 0.17909056 0.36770204 -0.09465957
v 0.17806360 0.35886410 -0.08934540
v 0.17075007 0.35569283 -0.07172815
v 0.23133625 0.30498841 -0.08515738
v 0.22657591 0.32629767 -0.08761667
v 0.24234441 0.33304980 -0.07797983
v 0.24652737 0.31027648 -0.07524326
v 0.19350618 0.28134993 -0.07047945
v -0.00285691 -0.13328889 0.03399051
v 0.19163841 0.27618960 -0.05508723
v 0.18479343 0.29679558 -0.05650860
v 0.18685061 0.30168459 -0.07217962
v 0.21539661 0.27152291 0.00691457
v 0.20493150 0.29016402 0.00758376
v 0.19029452 0.34089217 -0.09137090
v 0.19203787 0.32510236 -0.08752679
v 0.16829234 0.33917287 -0.09213316
v 0.17608044 0.31954029 -0.03809050
v 0.17662293 0.32665005 -0.03603554
v 0.12326048 0.29034969 -0.13739403
v 0.12671624 0.30432698 -0.14233102
v 0.16030245 0.28446862 -0.07058871
v 0.16569512 0.30001178 -0.06446996
v 0.13178433 0.29532799 -0.13093126
v 0.13183708 0.30480400 -0.13649395
v 0.07930090 0.22348592 -0.14781247
v 0.04301836 0.48933426 -0.10301296
v 0.20915484 0.31566307 -0.09040274
v 0.19456121 0.30746964 -0.08416735
v 0.20253931 0.33117715 0.01628168
v 0.19609870 0.32562944 0.01170201
v 0.20328073 0.31253937 0.01330080
v 0.00038498 -0.10813335 0.08396786
v 0.00124352 -0.09494287 0.09588885
v 0.21212274 0.31975612 0.01688467
v 0.14583755 0.34775546 0.06066810
v 0.12892184 0.33967963 0.06651777
v 0.13968620 0.32309452 0.05681399
v 0.15399410 0.33319816 0.05177616
v 0.25640669 0.37444201 -0.02251680
v 0.25918925 0.37168220 -0.03378703
v 0.25572696 0.39104000 -0.03293782
v 0.25226510 0.38994303 -0.01994281
v 0.25915322 0.36814824 -0.04912767
v 0.25406149 0.36277100 -0.06683080
v 0.25278172 0.38579550 -0.06918550
v 0.25679570 0.39020911 -0.04932699
v 0.15951352 -0.03660971 0.02255423
v 0.16727600 -0.04033145 -0.00453747
v 0.12167734 0.07359603 -0.08966623
v 0.10385132 0.06565288 -0.10462528
v 0.08246326 -0.02416766 -0.11142480
v 0.02705458 -0.16221538 -0.08689176
v 0.01209647 -0.16994151 -0.06255776
v 0.01727312 -0.22155747 0.01249552
v 0.17018400 -0.04814088 -0.03322767
v 0.02736084 -0.24790934 0.02557077
v 0.03882524 -0.27514365 0.03811051
v 0.08168065 -0.25565043 0.09538156
v 0.10846733 -0.25282291 0.10015634
v 0.10082372 -0.22423050 0.09620026
v 0.07050656 -0.22572121 0.08982964
v 0.13517319 -0.25262657 0.09561111
v 0.13058494 -0.22456881 0.09188288
v 0.14424868 -0.36036763 -0.03028111
v 0.16825868 -0.55297089 0.17807478
v 0.19321419 -0.58804190 0.17839117
v 0.19009781 -0.55034089 0.17275310
v 0.17341180 -0.58945119 0.18352781
v 0.20856512 -0.55186915 0.15916735
v 0.20361964 -0.51833963 0.14983529
v 0.21594769 -0.61275184 0.09670889
v 0.17822874 -0.62803626 0.18583187
v 0.19601527 -0.62769520 0.18124911
v 0.21137795 -0.62916887 0.17061821
v 0.21076557 -0.58932126 0.16572395
v 0.00673547 -0.17920741 -0.02771290
v 0.16143286 -0.13854519 -0.07216052
v 0.15410465 -0.10778499 -0.07952283
v 0.09753273 -0.10864165 -0.10769823
v 0.07177806 -0.12809449 -0.10916160
v 0.08732121 0.13903257 -0.12385949
v 0.10662152 0.14236739 -0.10943083
v 0.10907488 0.18285802 -0.11431007
v 0.12478721 0.18668780 -0.09713355
v 0.12348944 0.16675434 -0.09446879
v 0.10727172 0.16191235 -0.11126228
v 0.14466593 0.19591883 -0.05297370
v 0.14612344 0.20171687 -0.02682577
v 0.14357553 0.18436953 -0.02599693
v 0.14263280 0.17817566 -0.05114658
v 0.14382869 0.16798368 -0.02519433
v 0.13811642 0.17459926 -0.00160453
v 0.08198492 0.21995476 0.06081097
v 0.09909348 0.21334365 0.05070086
v 0.10247802 0.23307267 0.05242148
v 0.08485752 0.24150124 0.06199235
v 0.01971722 -0.10171682 -0.12453818
v 0.00484209 -0.16864142 -0.04325244
v 0.08302383 -0.19487092 -0.09067954
v 0.11006847 -0.16294309 -0.10037985
v 0.13889070 -0.15292415 -0.09221965
v 0.18110500 0.32152221 -0.03087929
v 0.17968217 0.35080376 0.03764049
v 0.17882085 0.36063763 0.04191158
v 0.26298344 0.34598640 -0.04618125
v 0.25684378 0.33963743 -0.06284801
v 0.18111664 0.31864056 -0.07535166
v 0.22001588 0.38299665 -0.09716825
v 0.20372795 0.36854783 -0.09872072
v 0.20270523 0.38435933 -0.10297641
v 0.11144206 -0.03517902 -0.10173081
v 0.14111331 -0.04694200 -0.08873296
v 0.11691351 -0.06144598 -0.09999646
v -0.00046750 -0.13825199 0.02822374
v 0.04814100 -0.14701918 -0.10335399
v 0.04913209 -0.30218151 0.04831443
v 0.05745775 -0.32829955 0.05868365
v 0.06449613 -0.35328761 0.06887786
v 0.07091468 -0.37798735 0.07972516
v 0.07758141 -0.40302899 0.09077223
v 0.08828495 -0.42798343 0.10031931
v 0.10094297 -0.45400938 0.10675776
v 0.10840946 -0.48045495 0.11781712
v 0.10761557 -0.54610991 0.12862068
v 0.11286685 -0.53976738 0.14457020
v 0.11123684 -0.50880647 0.13195707
v 0.11570786 -0.57205796 0.15543467
v 0.12268180 -0.60478091 0.16306517
v 0.13438353 -0.64010322 0.16742221
v 0.14998776 -0.71385026 0.17773645
v 0.14384274 -0.67702246 0.17190807
v -0.00340730 -0.14183405 0.00338198
v -0.00203638 -0.13990024 0.01485226
v 0.13857482 0.47006503 -0.09189790
v 0.17228070 0.33784643 -0.05144240
v 0.17102249 0.34116235 -0.04768890
v 0.17889823 0.33404317 -0.07959139
v 0.26172552 0.30273798 -0.00660918
v 0.26998389 0.31099936 -0.02047224
v 0.17871009 0.31569389 -0.05872192
v 0.16739571 0.35207173 -0.05512770
v 0.17189063 0.35291621 -0.06229940
v 0.30257496 0.06518468 -0.09293012
v 0.31245402 0.06764176 -0.08283329
v 0.31145400 0.04606166 -0.08629857
v 0.30137643 0.04402009 -0.09475830
v 0.28935102 0.06200877 -0.09710082
v 0.28897819 0.04132965 -0.09752546
v 0.24693000 0.04503867 -0.04985151
v 0.24839702 0.04872206 -0.06471902
v 0.25387040 0.02859131 -0.06481546
v 0.25330976 0.02529380 -0.05045206
v 0.27729204 0.01835909 -0.09562826
v 0.26819137 0.01553056 -0.08818395
v 0.26574889 0.03541157 -0.08833808
v 0.27640742 0.03832230 -0.09542752
v 0.26339936 0.04599443 -0.02385837
v 0.27638909 0.05051020 -0.01896309
v 0.26916322 0.06933388 -0.01525441
v 0.25576887 0.06474122 -0.02184701
v 0.23012313 0.12934312 -0.05432397
v 0.22661662 0.12370932 -0.04053706
v 0.22285208 0.14004532 -0.04325397
v 0.22789612 0.14717665 -0.05583855
v 0.30332652 0.10866243 -0.08848403
v 0.31077924 0.11094439 -0.07554896
v 0.31231311 0.08950534 -0.07918082
v 0.30316314 0.08688819 -0.09098388
v 0.25989917 0.09828386 -0.08900712
v 0.24865550 0.09509078 -0.07756424
v 0.24764729 0.11798117 -0.07650505
v 0.25965115 0.12154600 -0.08729528
v 0.30344227 0.13149562 -0.08430330
v 0.30810466 0.13245296 -0.06996074
v 0.26289269 0.05550185 -0.08913232
v 0.25400460 0.05262372 -0.07769471
v 0.25058836 0.07355776 -0.07809854
v 0.26104468 0.07654640 -0.08960298
v 0.27654508 0.00875464 -0.03208095
v 0.28826520 0.01257047 -0.02905522
v 0.28290102 0.03156254 -0.02371115
v 0.27039018 0.02727249 -0.02757555
v 0.26230240 0.01245061 -0.07771976
v 0.25902838 0.00910738 -0.06554228
v 0.25840741 0.03233084 -0.07741924
v 0.31922045 0.02492741 -0.06509048
v 0.31697848 0.02543625 -0.07840396
v 0.31755531 0.04702470 -0.07361987
v 0.31878778 0.04656830 -0.05869757
v 0.23546629 0.08672956 -0.05083422
v 0.23967077 0.09100068 -0.06502678
v 0.24319163 0.06952223 -0.06492367
v 0.24099681 0.06568876 -0.05003737
v 0.28968129 0.10529432 -0.09587624
v 0.28944591 0.08328059 -0.09673490
v 0.31700280 0.06808576 -0.05243963
v 0.31699929 0.06870034 -0.06878789
v 0.31476614 0.09036064 -0.06382109
v 0.31385949 0.08937371 -0.04634022
v 0.30211347 0.10642970 -0.02635850
v 0.28963229 0.10101637 -0.01695726
v 0.29611221 0.08151516 -0.02193604
v 0.30745220 0.08638853 -0.03221067
v 0.23219118 0.10827705 -0.05242722
v 0.23164351 0.10397005 -0.03716600
v 0.24785447 0.08392057 -0.02122921
v 0.26135695 0.08818296 -0.01259384
v 0.25266370 0.10647824 -0.01174844
v 0.23923859 0.10294434 -0.02204468
v 0.27474698 0.16882849 -0.08629483
v 0.28917643 0.17170647 -0.08285138
v 0.29027963 0.15235710 -0.08927760
v 0.27497122 0.15003467 -0.09107567
v 0.30212188 0.15404215 -0.07892917
v 0.30051321 0.17285863 -0.07168256
v 0.29392889 0.19906905 -0.04609443
v 0.28971770 0.19575158 -0.03334419
v 0.29118541 0.18449453 -0.03710885
v 0.29768670 0.18682411 -0.05054785
v 0.28939381 0.14324492 -0.01327910
v 0.27332583 0.13722751 -0.00759663
v 0.28203872 0.11958662 -0.01205114
v 0.29663965 0.12562200 -0.01965113
v 0.24875143 0.14399597 -0.00533440
v 0.23459783 0.13707867 -0.01230343
v 0.24322845 0.12320408 -0.01187490
v 0.25794479 0.12997773 -0.00665445
v 0.22640842 0.18953124 -0.01038393
v 0.21787462 0.18804196 -0.02099892
v 0.22014499 0.17403278 -0.01893609
v 0.22964013 0.17584488 -0.00762358
v 0.21268182 0.19225493 -0.05002605
v 0.21697792 0.19643548 -0.06349495
v 0.22071379 0.18304494 -0.06081228
v 0.21556687 0.17857471 -0.04807162
v 0.26841629 0.21942213 -0.07658513
v 0.28028736 0.22396079 -0.06561991
v 0.28359798 0.21143326 -0.06895116
v 0.27020213 0.20650259 -0.07810552
v 0.28277406 0.15777701 -0.00876900
v 0.26419866 0.15391567 -0.00381359
v 0.21774703 0.16639313 -0.04602318
v 0.22316980 0.17169419 -0.05832346
v 0.22584754 0.15995324 -0.05669366
v 0.21971923 0.15396482 -0.04463340
v 0.01804537 0.44785944 0.05760853
v 0.01899078 0.46235695 0.05370243
v 0.24602488 0.18460110 -0.07251505
v 0.25737250 0.18932536 -0.07874794
v 0.26013738 0.17818013 -0.07948389
v 0.24726614 0.17347673 -0.07080483
v 0.27258670 0.19514671 -0.08018376
v 0.28600270 0.19953397 -0.07296692
v 0.28823042 0.18613461 -0.07804355
v 0.27429435 0.18259194 -0.08290787
v 0.28210792 0.17976609 -0.01246520
v 0.27418125 0.17453805 -0.00304931
v -0.01405687 0.05879316 -0.14753760
v -0.01440887 0.07195535 -0.14866056
v 0.27885547 0.16731212 -0.00540660
v 0.28630444 0.17245582 -0.01505199
v 0.24098997 0.15480933 -0.00581997
v 0.22811531 0.14979574 -0.01418276
v 0.00457227 0.07610795 0.09125876
v 0.00366247 0.09259403 0.08117659
v 0.24885136 0.15838388 -0.07190892
v 0.23763388 0.15320584 -0.06436454
v 0.23576972 0.16672313 -0.06458016
v 0.29799762 0.18823859 -0.06534998
v 0.23752308 0.19242731 -0.00380103
v 0.24870458 0.19610897 0.00028015
v 0.24313301 0.21066734 0.00030033
v 0.23211409 0.20683870 -0.00441742
v 0.22260289 0.20568839 -0.01206229
v 0.21487644 0.20535150 -0.02308569
v 0.20786759 0.20930168 -0.05225155
v 0.21125333 0.21368888 -0.06659394
v 0.22061595 0.21973738 -0.07801215
v 0.23437318 0.22741923 -0.08403231
v 0.24153659 0.20938042 -0.07999940
v 0.22705570 0.20201752 -0.07400877
v 0.27586100 0.24457482 -0.06359708
v 0.26387146 0.24128392 -0.07593110
v 0.28151396 0.24242035 -0.04910294
v 0.28532577 0.22434393 -0.05257009
v 0.21704823 0.16231170 -0.03090982
v -0.01401980 -0.02326259 -0.13176946
v -0.01408338 -0.04982781 -0.12939759
v 0.21542025 0.17496875 -0.03337028
v 0.31209019 0.06579247 -0.03790102
v 0.30165550 0.06162336 -0.02752283
v 0.30607465 0.04122928 -0.03346650
v 0.31510612 0.04459664 -0.04431568
v 0.29928607 0.01690206 -0.03210974
v 0.29526213 0.03665295 -0.02610203
v 0.27531984 0.05859646 -0.09593819
v 0.27496883 0.07987931 -0.09618327
v 0.28824428 0.02102891 -0.09917122
v 0.26058003 0.16228253 -0.08132862
v 0.26011157 0.14422187 -0.08469655
v 0.28537485 0.19227341 -0.02056933
v 0.28764954 0.20654276 -0.02960217
v 0.28363436 0.20209625 -0.01707548
v 0.29896364 0.14852637 -0.02743922
v 0.29976407 0.15208757 -0.04705199
v 0.29376709 0.17059925 -0.03847304
v 0.29247734 0.16348487 -0.02071082
v 0.26943186 0.18171301 -0.00192467
v 0.27853832 0.18741944 -0.01035495
v 0.27535206 0.19677499 -0.00797774
v 0.26510099 0.19063643 -0.00102061
v 0.25581446 0.20085183 -0.07902101
v 0.25470430 0.21496150 -0.08052456
v 0.28471735 0.21864691 -0.02558318
v 0.28565097 0.22173533 -0.03891081
v 0.28303888 0.23778197 -0.03420291
v 0.28113770 0.23467007 -0.02058543
v 0.28964177 0.21013251 -0.04253908
v 0.28016782 0.21421698 -0.01370487
v 0.27523634 0.22978559 -0.00972518
v 0.24979711 0.23534074 -0.08306058
v 0.26054507 0.20228007 -0.00006136
v 0.27150914 0.20851699 -0.00526491
v 0.26600406 0.22365418 -0.00243138
v 0.25474983 0.21687332 0.00122694
v 0.28968218 0.05624208 -0.02078831
v 0.28316098 0.07560077 -0.01622053
v 0.22425891 0.13551572 -0.02623197
v 0.23044142 0.12038508 -0.02360329
v 0.22000922 0.14951596 -0.02898803
v 0.25205654 0.04362956 -0.03509060
v 0.25927502 0.02469543 -0.03697667
v 0.23779297 0.08344236 -0.03501187
v 0.24495840 0.06322643 -0.03452608
v 0.30921909 0.10966656 -0.04063125
v 0.24677524 0.16960168 -0.00186818
v 0.23437075 0.16419041 -0.00618276
v 0.25340053 0.16161665 -0.00191546
v 0.20986547 0.20718262 -0.03721697
v 0.21317180 0.18911257 -0.03527704
v 0.26921394 0.16393748 -0.00156619
v 0.20381963 0.22914055 -0.03818534
v 0.30077690 0.17316315 -0.05609933
v 0.29335847 0.20059815 -0.06023570
v 0.28908694 0.21197990 -0.05601736
v 0.31029543 0.02492002 -0.09021829
v 0.27419248 0.10134524 -0.09576777
v 0.24873769 0.14096612 -0.07420221
v 0.23813565 0.13539714 -0.06474876
v 0.25822273 0.17542902 0.00123901
v 0.25333470 0.18437567 0.00058247
v 0.24198891 0.17974988 -0.00259533
v 0.24504262 0.19656518 -0.07590082
v 0.23125711 0.18950954 -0.07016301
v 0.26610443 0.00636777 -0.04035478
v 0.23322827 0.17847171 -0.06645594
v 0.30452177 0.15511942 -0.06342970
v 0.03872257 0.46426204 0.05451098
v 0.15339726 0.26974621 -0.07769519
v 0.11209957 0.24302855 -0.12489951
v 0.12755974 0.24669978 -0.10937165
v 0.17216298 0.32478055 -0.05668254
v 0.17281187 0.33283618 -0.05418729
v 0.17310759 0.34568033 -0.04534058
v 0.17022753 0.34603938 -0.03978194
v 0.16001733 0.30707595 -0.08307074
v -0.00322668 0.09672976 -0.15329072
v 0.05113202 0.10902947 0.07049568
v 0.02784392 0.10861588 0.07211857
v 0.03038249 0.09126845 0.07901089
v 0.05436540 0.09113532 0.07539117
v 0.03353195 0.07375029 0.08933465
v 0.15249677 0.04001030 0.02952514
v 0.14750087 0.06063181 0.02580101
v 0.13513382 0.05971143 0.04858509
v 0.13945699 0.03820595 0.05438301
v 0.15072896 0.07507631 -0.00075081
v 0.14256965 0.07822132 0.02309092
v 0.15518397 0.05856991 0.00023085
v 0.15733588 0.05229366 -0.02637346
v 0.15285595 0.06954408 -0.02639347
v 0.15318824 0.04214895 -0.05059033
v 0.14867464 0.06069750 -0.05060273
v 0.14307377 0.03132376 -0.07213158
v 0.12668435 0.02072465 -0.08954480
v 0.10752172 -0.01091376 -0.10148470
v 0.08226373 0.00040814 -0.11333822
v 0.10517096 0.01035550 -0.10307080
v 0.03727195 -0.01436684 -0.12694836
v 0.05869488 -0.00828311 -0.12112163
v 0.00116455 -0.02136150 -0.13198969
v 0.01838788 -0.01849598 -0.13046886
v 0.12846929 0.45152631 -0.10559763
v 0.14436120 0.51959074 -0.00748773
v 0.15151881 0.51979613 -0.02998517
v 0.12835675 0.52787375 -0.00559594
v 0.15671900 0.46175370 0.03913070
v 0.16378440 0.47863153 0.02518473
v 0.13995959 0.47992709 0.03986028
v 0.13368818 0.46369794 0.05047903
v 0.11437064 0.52437389 0.01188490
v 0.10434813 0.52816463 0.01263404
v 0.12833150 0.51759827 0.01296922
v 0.08829428 0.51120567 0.03561101
v 0.10476484 0.51361573 0.02935648
v 0.20349176 0.48872271 -0.03907833
v 0.19996667 0.47960505 -0.01338766
v 0.21072000 0.47283998 -0.02019541
v 0.21537295 0.48216447 -0.04520855
v 0.18453570 0.43616512 0.03195815
v 0.17788878 0.42168841 0.04011025
v 0.19090423 0.41847119 0.03334004
v 0.19604477 0.43250242 0.02526442
v 0.23982981 0.44255987 -0.06413749
v 0.23951569 0.44411716 -0.04050314
v 0.24706027 0.42888036 -0.04520965
v 0.24561840 0.42578682 -0.06740102
v 0.20086539 0.44677040 0.01403209
v 0.10009841 0.35050687 0.07598436
v 0.13905956 0.36293951 0.06657498
v 0.12106161 0.35584059 0.07253455
v 0.17832248 0.37118915 0.04424298
v 0.16823006 0.37049225 0.05090185
v 0.17020306 0.35814044 0.04790704
v 0.19353385 0.37106696 0.03100406
v 0.18706326 0.37074253 0.03744852
v 0.18903595 0.36883160 -0.10052151
v 0.18835877 0.38090470 -0.10600187
v 0.20043208 0.40037575 -0.10622339
v 0.19454880 0.36122546 0.01992399
v 0.19693673 0.35907325 0.01784739
v 0.20059085 0.36336127 0.01930448
v 0.19630295 0.36592999 0.02141537
v 0.19058973 0.49608389 -0.03437964
v 0.23467675 0.43838057 -0.02160913
v 0.23116244 0.42893162 -0.00663279
v 0.23995379 0.41840073 -0.01201710
v 0.24357615 0.42582098 -0.02633781
v 0.22600260 0.41996059 0.00634922
v 0.22146139 0.40917251 0.01607442
v 0.23055254 0.40197936 0.01037787
v 0.23522700 0.41091391 0.00106855
v 0.20565730 0.36748263 0.02089607
v 0.19865608 0.37171975 0.02274486
v 0.23820034 0.39709637 -0.08769498
v 0.22011869 0.46689996 -0.07876562
v 0.20650469 0.45234624 -0.09883744
v 0.19942515 0.46557429 -0.09583068
v 0.21141341 0.47958252 -0.07296407
v 0.18208992 0.33300838 -0.02080663
v 0.17804442 0.33655438 -0.03515393
v 0.18467276 0.33136752 -0.00793935
v 0.19209656 0.35070953 0.01407883
v 0.18811443 0.33200994 0.00204857
v 0.17805377 0.34713957 -0.08428038
v 0.18941507 0.35590973 -0.09536946
v 0.19095965 0.43052515 -0.10750343
v 0.18481454 0.44360140 -0.10641813
v 0.25010219 0.40661839 -0.06911509
v 0.25275278 0.41049895 -0.04814288
v 0.20572421 0.35017446 0.01873475
v 0.21387526 0.34271410 0.01958495
v 0.20998852 0.35490027 0.02009053
v 0.18885261 0.34912291 0.02455256
v 0.19210151 0.35658553 0.01758039
v 0.22486305 0.47140160 -0.05160189
v 0.25088680 0.40906712 -0.03083620
v 0.24670920 0.40461811 -0.01558473
v 0.21717255 0.42528144 0.01265581
v 0.22148578 0.43684652 0.00053516
v 0.21174255 0.44243023 0.00732209
v 0.20732418 0.42907485 0.01884944
v 0.23855118 0.39261666 0.00492766
v 0.23307241 0.38330331 0.01253941
v 0.21206565 0.41349193 0.02174285
v 0.20212935 0.41602710 0.02728378
v 0.21487814 0.36005679 0.02048545
v 0.17799731 0.45420578 -0.10412477
v 0.16590290 0.43211058 -0.10954259
v 0.15666960 0.43917009 -0.10766762
v 0.18019676 0.40850797 -0.11167431
v 0.17326540 0.42163107 -0.11119823
v 0.18564954 0.39390281 -0.10991344
v 0.14379950 0.44554272 -0.10584764
v 0.26462838 0.16846570 0.00055100
v 0.22251621 0.33494845 0.01837740
v 0.20894516 0.33685544 0.01876194
v 0.21860194 0.32787445 0.01816247
v 0.25254288 0.29613730 0.00275650
v 0.28713289 0.18340150 -0.02366186
v 0.28922451 0.17610386 -0.02568784
v 0.30423972 0.12967271 -0.03437801
v 0.31144455 0.11172256 -0.05856623
v 0.30659139 0.13205680 -0.05340932
v 0.29061523 0.12911627 -0.09391946
v 0.27468237 0.12542722 -0.09451535
v 0.23801236 0.11325675 -0.06492914
v 0.26735678 0.11301926 -0.00874462
v 0.29830250 -0.01657519 -0.10473505
v 0.30853215 -0.01565966 -0.09899542
v 0.30809924 -0.03573415 -0.10305955
v 0.29749420 -0.03662780 -0.10735226
v 0.28719082 -0.05724064 -0.10844187
v 0.28718328 -0.03854552 -0.10570435
v 0.29732746 -0.05552712 -0.11169688
v 0.28010565 -0.05926189 -0.10135335
v 0.27962860 -0.04080245 -0.09942989
v 0.27657095 -0.06120792 -0.09190784
v 0.27488270 -0.06329718 -0.08200054
v 0.27229825 -0.04540333 -0.08058222
v 0.27466467 -0.04306826 -0.09062426
v 0.27264246 -0.04767653 -0.07016923
v 0.27616239 -0.04895726 -0.06014656
v 0.27063596 -0.03063020 -0.05713566
v 0.26837307 -0.02893999 -0.06848275
v 0.29587147 -0.06573156 -0.05262912
v 0.30448833 -0.06345871 -0.05352405
v 0.30150968 -0.04498580 -0.04725606
v 0.29182205 -0.04758254 -0.04667340
v 0.31454456 -0.01987800 -0.05419330
v 0.30671531 -0.02262142 -0.04572729
v 0.31015593 -0.04218134 -0.05259850
v 0.31740627 -0.03961179 -0.06019608
v 0.32128188 -0.05802223 -0.06471373
v 0.32303527 -0.05637756 -0.07531244
v 0.32047692 -0.03798714 -0.07018606
v 0.30010140 0.02333805 -0.09756166
v 0.29935047 0.00335273 -0.10126863
v 0.28776330 0.00100371 -0.10168442
v 0.26994452 -0.00433990 -0.08863406
v 0.27752510 -0.00160286 -0.09670985
v 0.27824774 -0.02128527 -0.09795196
v 0.27196315 -0.02390280 -0.08958119
v 0.25958046 0.00639543 -0.05211567
v 0.26381770 -0.00998262 -0.06675202
v 0.26555476 -0.01211485 -0.05457487
v 0.26894429 -0.02649400 -0.07949164
v 0.26562694 -0.00715032 -0.07840256
v 0.27738243 -0.03043827 -0.04746212
v 0.28294292 -0.04889891 -0.05162384
v 0.31528494 -0.01608238 -0.08863650
v 0.31873366 -0.01705024 -0.07685347
v 0.31896541 -0.03714165 -0.08198489
v 0.31531242 -0.03612426 -0.09359248
v 0.27192321 -0.01205209 -0.04400652
v 0.31912199 0.00377551 -0.07115377
v 0.31611851 0.00444588 -0.08353947
v 0.31897390 -0.01800814 -0.06467141
v 0.31780064 0.00247070 -0.05821940
v 0.31653866 -0.05468681 -0.09839030
v 0.30829844 -0.05434337 -0.10746895
v 0.30941430 0.00456223 -0.09463117
v 0.28698161 -0.02871081 -0.04134668
v 0.29754713 -0.02575871 -0.04084954
v 0.29302534 -0.00655887 -0.03486947
v 0.28186092 -0.00998273 -0.03670917
v 0.30930009 0.02069274 -0.04007183
v 0.30308178 -0.00296161 -0.03890652
v 0.31191707 0.00016829 -0.04725768
v 0.31338876 -0.06071696 -0.05789765
v 0.31660667 0.02332285 -0.05120318
v 0.29104403 -0.13173249 -0.11068113
v 0.29121980 -0.14231953 -0.11675183
v 0.29117405 -0.13921371 -0.11013314
v 0.28837118 -0.12663507 -0.10771000
v 0.26543668 -0.12881789 -0.10196877
v 0.27195820 -0.14124522 -0.10532634
v 0.28212720 -0.13949788 -0.09986779
v 0.27733400 -0.12886719 -0.09641869
v 0.29330054 -0.13882074 -0.11335574
v 0.29439861 -0.14562860 -0.12191382
v 0.29529440 -0.15293089 -0.12905784
v 0.29728141 -0.14781842 -0.12462170
v 0.30022362 -0.15078315 -0.13456434
v 0.30630559 -0.14337870 -0.13787964
v 0.31302038 -0.15509245 -0.13941480
v 0.30428699 -0.15738335 -0.13838565
v 0.32328084 -0.13749376 -0.11776282
v 0.32742023 -0.13715521 -0.10595427
v 0.33201990 -0.15357229 -0.10879430
v 0.32644895 -0.15358600 -0.12042147
v 0.33239466 -0.14997020 -0.08643538
v 0.33184561 -0.15286687 -0.09796187
v 0.32832125 -0.13607678 -0.09598850
v 0.32853195 -0.13426033 -0.08589703
v 0.28905207 -0.12567028 -0.10079239
v 0.29290232 -0.13789645 -0.10202278
v 0.29466552 -0.13870665 -0.09528244
v 0.29092386 -0.12752131 -0.09292483
v 0.29820523 -0.14741787 -0.13074042
v 0.29436031 -0.15559974 -0.11866511
v 0.29209644 -0.15525362 -0.12214315
v 0.29558980 -0.14315608 -0.13326555
v 0.27993619 -0.09818926 -0.07632206
v 0.28057534 -0.10928991 -0.07633986
v 0.28313687 -0.11196628 -0.06863126
v 0.28222474 -0.09920987 -0.06768511
v 0.26847929 -0.09618309 -0.09473918
v 0.27245024 -0.08705279 -0.10597540
v 0.26666656 -0.09691027 -0.10995282
v 0.26161185 -0.10492632 -0.09738970
v 0.26224461 -0.11089551 -0.11223568
v 0.26393348 -0.12698293 -0.11309464
v 0.26139757 -0.11674857 -0.09895952
v 0.26886263 -0.14259636 -0.11417672
v 0.29012132 -0.10857484 -0.05678933
v 0.28989717 -0.09858689 -0.05846167
v 0.28679517 -0.19356018 -0.12328804
v 0.28638729 -0.19491506 -0.12904191
v 0.28458461 -0.19718616 -0.12738720
v 0.28555068 -0.19565068 -0.12155271
v 0.31665772 -0.09250161 -0.06188616
v 0.30814835 -0.09457621 -0.05697849
v 0.31046596 -0.10149220 -0.05688887
v 0.31818515 -0.09935662 -0.06345186
v 0.31390575 -0.11021426 -0.05635684
v 0.32092020 -0.10794416 -0.06517993
v 0.29197332 -0.20306388 -0.13348702
v 0.29605108 -0.20637766 -0.13133633
v 0.28973702 -0.20969877 -0.12926555
v 0.28680417 -0.20582980 -0.13138431
v 0.29296753 -0.15083238 -0.11310020
v 0.29161453 -0.15316644 -0.12131895
v 0.29328474 -0.16177639 -0.12651615
v 0.29507697 -0.16803065 -0.13077164
v 0.29525793 -0.17018673 -0.12487067
v 0.29515222 -0.16262218 -0.11734402
v 0.29720938 -0.15080103 -0.10191534
v 0.29940823 -0.16190812 -0.10435553
v 0.30148581 -0.15873805 -0.09638940
v 0.29900381 -0.14865777 -0.09358448
v 0.30425084 -0.15735438 -0.07497570
v 0.30058768 -0.14980730 -0.07334013
v 0.30010194 -0.14844134 -0.07989517
v 0.30349752 -0.15755132 -0.08253981
v 0.31203917 -0.18116066 -0.09604442
v 0.30947414 -0.17378876 -0.08920331
v 0.30832911 -0.17414877 -0.09585942
v 0.30975315 -0.18078396 -0.10455799
v 0.31619582 -0.08483419 -0.06082296
v 0.30712321 -0.08716026 -0.05673840
v 0.33034620 -0.15686026 -0.05501394
v 0.33676818 -0.15798327 -0.06463903
v 0.33093637 -0.14584556 -0.06503475
v 0.32473922 -0.14405790 -0.05599411
v 0.32323810 -0.09826896 -0.07303031
v 0.32263443 -0.09092495 -0.07093699
v 0.29947120 -0.20928884 -0.12654033
v 0.29312131 -0.21233922 -0.12459108
v 0.27033141 -0.12054089 -0.12506044
v 0.27181900 -0.14012700 -0.12596919
v 0.27283514 -0.10414442 -0.12228614
v 0.28298467 -0.08428732 -0.11518711
v 0.27842164 -0.09307709 -0.11818604
v 0.29793015 -0.16774848 -0.11394888
v 0.29461408 -0.14651427 -0.10530941
v 0.29556644 -0.13875338 -0.08984438
v 0.29339412 -0.13661817 -0.06619045
v 0.29693538 -0.14312425 -0.06596002
v 0.29917479 -0.14206544 -0.05818454
v 0.29684547 -0.13470063 -0.05627779
v 0.31261593 -0.15587083 -0.05420404
v 0.32167205 -0.15591922 -0.05134809
v 0.31585401 -0.14577666 -0.05167690
v 0.30777785 -0.14835003 -0.05429124
v 0.28813335 -0.15545699 -0.12448706
v 0.29059491 -0.13959512 -0.13426776
v 0.29861438 -0.09646490 -0.05548986
v 0.30063349 -0.10444251 -0.05404777
v 0.29834923 -0.08838394 -0.05676978
v 0.27395886 -0.10838833 -0.08718600
v 0.28345752 -0.11691871 -0.09037790
v 0.28535110 -0.11818978 -0.08441330
v 0.27830583 -0.10789356 -0.08169672
v 0.28288370 -0.11999360 -0.10094431
v 0.27028504 -0.11820674 -0.09503730
v 0.28813884 -0.12844901 -0.10180695
v 0.27590197 -0.09673986 -0.08432382
v 0.27754667 -0.08720770 -0.08535528
v 0.28138331 -0.08851257 -0.07643615
v 0.28484493 -0.08941498 -0.06720760
v 0.29128990 -0.08948049 -0.05983909
v 0.27701017 -0.07748285 -0.08394679
v 0.28031114 -0.07932767 -0.07503034
v 0.28507796 -0.08043459 -0.06595568
v 0.29123580 -0.08064303 -0.05920577
v 0.32306066 -0.08227250 -0.06937741
v 0.32342944 -0.07180580 -0.06753103
v 0.31543589 -0.07480624 -0.05969288
v 0.27502277 -0.08608249 -0.09525928
v 0.27681717 -0.07590982 -0.09380038
v 0.27873656 -0.07361904 -0.10448715
v 0.28702042 -0.07231757 -0.11223108
v 0.29120830 -0.15234247 -0.10394438
v 0.29353684 -0.14629710 -0.10496956
v 0.28535473 -0.14587355 -0.10170233
v 0.28439748 -0.14994171 -0.10029134
v 0.29901382 -0.16689411 -0.13633142
v 0.29772016 -0.15933797 -0.13358814
v 0.30628273 -0.16708830 -0.13952029
v 0.28693798 -0.12156281 -0.06556736
v 0.29265493 -0.11840907 -0.05556611
v 0.29732063 -0.17220703 -0.11997843
v 0.30153087 -0.18559727 -0.13892500
v 0.30774012 -0.18872914 -0.13727084
v 0.30124736 -0.20176658 -0.13390540
v 0.29633710 -0.19838902 -0.13625607
v 0.29493842 -0.18039277 -0.12110536
v 0.30003324 -0.18334660 -0.11700109
v 0.30342564 -0.17959234 -0.11786902
v 0.29677525 -0.17541674 -0.12173286
v 0.31140572 -0.17812023 -0.08779390
v 0.30953762 -0.17207214 -0.08176607
v 0.32409796 -0.16772482 -0.13396940
v 0.32186842 -0.15218499 -0.13329878
v 0.32552901 -0.17011335 -0.11990644
v 0.30647746 -0.16616282 -0.08541003
v 0.30280077 -0.15768656 -0.08908577
v 0.30552089 -0.16654393 -0.09143345
v 0.30429301 -0.17564538 -0.11063601
v 0.30126914 -0.16939732 -0.10656714
v 0.29987943 -0.17104897 -0.11230262
v 0.30085567 -0.17473504 -0.11599268
v 0.32083359 -0.13165572 -0.05618985
v 0.30938181 -0.13479641 -0.05093650
v 0.28818575 -0.19894135 -0.13272449
v 0.28477219 -0.20090097 -0.13031733
v 0.30608794 -0.07764032 -0.05647581
v 0.29807380 -0.07978120 -0.05629660
v 0.29977354 -0.14786425 -0.08676396
v 0.31648025 -0.13804832 -0.12993760
v 0.29589239 -0.13861462 -0.08401428
v 0.31530327 -0.17713693 -0.07723027
v 0.32139760 -0.17915478 -0.07947882
v 0.32711738 -0.17210171 -0.07743011
v 0.31907207 -0.17320397 -0.07143809
v 0.28963873 -0.19466674 -0.11819085
v 0.29390642 -0.19815761 -0.11499333
v 0.29672468 -0.19390085 -0.11643335
v 0.29174083 -0.19089559 -0.11958897
v 0.29250988 -0.17977652 -0.13197097
v 0.29215151 -0.17930678 -0.12610796
v 0.29483151 -0.17346904 -0.12678859
v 0.29491758 -0.17310640 -0.13222818
v 0.29882032 -0.17366931 -0.13717213
v 0.29662731 -0.18224332 -0.13660304
v 0.31246945 -0.18955323 -0.12319043
v 0.30705971 -0.18753168 -0.11738145
v 0.30219755 -0.19879749 -0.11622956
v 0.30508050 -0.20312724 -0.12153849
v 0.32658359 -0.11978975 -0.08495709
v 0.32586458 -0.11931303 -0.07504795
v 0.32818365 -0.13336918 -0.07535416
v 0.33192667 -0.14833328 -0.07531677
v 0.33321545 -0.16282991 -0.07532312
v 0.33532181 -0.16469762 -0.08656563
v 0.32636383 -0.13225159 -0.06620939
v 0.32429567 -0.18163332 -0.11331949
v 0.32068875 -0.18331864 -0.11580034
v 0.31915548 -0.18110594 -0.12215452
v 0.29591295 -0.13922074 -0.07597317
v 0.29181075 -0.19431695 -0.13495319
v 0.30721149 -0.08916906 -0.11574176
v 0.31804803 -0.08890811 -0.10566938
v 0.31906891 -0.09807947 -0.10704736
v 0.30507925 -0.09748521 -0.11908881
v 0.28850093 -0.19005886 -0.12469929
v 0.28844294 -0.19092533 -0.13070501
v 0.31041509 -0.17676279 -0.07872277
v 0.31070045 -0.17408547 -0.07069542
v 0.30959463 -0.17195985 -0.07451639
v 0.31016600 -0.17723760 -0.08148219
v 0.32379380 -0.11907908 -0.06629325
v 0.33332202 -0.16895732 -0.06575012
v 0.32700893 -0.17018130 -0.05678185
v 0.32457587 -0.09763828 -0.08402379
v 0.32436925 -0.10731205 -0.07437864
v 0.32526800 -0.10724816 -0.08440736
v 0.33032057 -0.16974625 -0.09855823
v 0.32637000 -0.12128291 -0.09406881
v 0.32480735 -0.10808018 -0.09314321
v 0.32357338 -0.09722909 -0.09376027
v 0.32305068 -0.08890173 -0.09351808
v 0.32423344 -0.08979419 -0.08304590
v 0.30014342 -0.20742548 -0.11913696
v 0.30476859 -0.20312962 -0.12872735
v 0.32422763 -0.08075401 -0.08159021
v 0.32448247 -0.06985494 -0.07905631
v 0.32259628 -0.07992330 -0.09248549
v 0.32196826 -0.06901523 -0.09018883
v 0.32299823 -0.10913941 -0.10256431
v 0.31773889 -0.10966638 -0.11294040
v 0.32493594 -0.12223485 -0.10334721
v 0.32069761 -0.12336412 -0.11449845
v 0.33483103 -0.16837254 -0.11014736
v 0.29033682 -0.20099324 -0.11276114
v 0.28383800 -0.20505424 -0.10961294
v 0.28411880 -0.20960671 -0.11069310
v 0.29207310 -0.20748022 -0.11348921
v 0.29754919 -0.20249826 -0.11478701
v 0.29345521 -0.21001004 -0.11715525
v 0.31149769 -0.12448433 -0.12747321
v 0.31078371 -0.18330470 -0.11658154
v 0.30172172 -0.11125353 -0.12663440
v 0.30260333 -0.13208809 -0.13746937
v 0.29406318 -0.12510720 -0.13625686
v 0.28754902 -0.09869072 -0.12578712
v 0.28196654 -0.11348540 -0.13174018
v 0.29562917 -0.08238015 -0.11732596
v 0.29253462 -0.08999702 -0.12033910
v 0.29742780 -0.07066151 -0.11476101
v 0.28093758 -0.13128802 -0.13401443
v 0.27939519 -0.19868489 -0.12385425
v 0.28070375 -0.19751653 -0.11759409
v 0.30862609 -0.06975970 -0.11106960
v 0.30804387 -0.08112815 -0.11360677
v 0.29173157 -0.13778073 -0.10363047
v 0.29179159 -0.12906691 -0.08197512
v 0.29114345 -0.12998953 -0.07522863
v 0.29028305 -0.12989107 -0.06594177
v 0.29516503 -0.12739709 -0.05518198
v 0.31779107 -0.06887135 -0.10191849
v 0.27701703 -0.06543300 -0.07255918
v 0.28180519 -0.06652591 -0.06351626
v 0.32032406 -0.05545613 -0.08668184
v 0.27918062 -0.20318340 -0.12760302
v 0.31160143 -0.18263713 -0.10614692
v 0.31584987 -0.18475708 -0.09866574
v 0.27649960 -0.14589500 -0.10308234
v 0.27768114 -0.14976141 -0.10146463
v 0.27149257 -0.14768061 -0.11073790
v 0.27155879 -0.15012071 -0.12101598
v 0.27445680 -0.15612021 -0.11467305
v 0.27424806 -0.15294984 -0.10768600
v 0.28626063 -0.11985525 -0.07924484
v 0.28685102 -0.12151745 -0.07329004
v 0.30683586 -0.12374994 -0.05086519
v 0.31771412 -0.12031630 -0.05609058
v 0.30512261 -0.17576936 -0.13980617
v 0.31443676 -0.16853091 -0.13928890
v 0.31176040 -0.17780098 -0.13836420
v 0.31261328 -0.18933138 -0.13144171
v 0.31137362 -0.18252018 -0.11729059
v 0.31637093 -0.18560955 -0.11794244
v 0.26935399 -0.11218598 -0.09194823
v 0.28087062 -0.11693704 -0.09715821
v 0.29623729 -0.14585850 -0.11336349
v 0.29562578 -0.15441105 -0.11144082
v 0.30345020 -0.16728935 -0.09897834
v 0.32286662 -0.17980257 -0.10279122
v 0.32884318 -0.17737117 -0.10713738
v 0.30642560 -0.17459646 -0.10263376
v 0.28090492 -0.21286592 -0.12613106
v 0.27931914 -0.20813346 -0.12820536
v 0.31811669 -0.17838040 -0.13276455
v 0.30702981 -0.16514602 -0.07765858
v 0.32554218 -0.18090418 -0.09481759
v 0.31589600 -0.18218061 -0.10428831
v 0.32196099 -0.16369328 -0.05289947
v 0.31777894 -0.08032951 -0.10415411
v 0.28228042 -0.19921263 -0.11208194
v 0.28711405 -0.19661795 -0.11537504
v 0.28406051 -0.21267758 -0.11466765
v 0.28352562 -0.21420504 -0.12103206
v 0.30376205 -0.11402330 -0.05214044
v 0.29179898 -0.12858281 -0.08718339
v 0.28817260 -0.06670466 -0.05626864
v 0.28019038 -0.15747640 -0.12204941
v 0.27989724 -0.14606813 -0.13026902
v 0.31018600 -0.18114552 -0.11011289
v 0.32701579 -0.17173240 -0.07032968
v 0.32591170 -0.18435445 -0.08469647
v 0.32521981 -0.18851802 -0.09126000
v 0.33071887 -0.17512742 -0.08500655
v 0.32073292 -0.18951026 -0.09496488
v 0.27618507 -0.21411604 -0.11333992
v 0.27657929 -0.21531396 -0.11897670
v 0.27594462 -0.21343181 -0.12436052
v 0.27566698 -0.20885986 -0.12607580
v 0.27567932 -0.20412087 -0.12496752
v 0.27641448 -0.21089265 -0.10952315
v 0.27702156 -0.20643541 -0.10837398
v 0.27791944 -0.20107934 -0.11042315
v 0.26996151 -0.20975801 -0.10892501
v 0.26771465 -0.21346231 -0.11298645
v 0.26548174 -0.21117769 -0.12235218
v 0.26191512 -0.20873982 -0.12249458
v 0.26424596 -0.20691884 -0.12482129
v 0.26919547 -0.21120855 -0.12428658
v 0.25944784 -0.20394170 -0.12397727
v 0.25742808 -0.20629176 -0.12207374
v 0.26575765 -0.21327253 -0.11923835
v 0.26074573 -0.21075454 -0.11856762
v 0.25615242 -0.20741494 -0.11439168
v 0.25596759 -0.20788100 -0.11829557
v 0.26102045 -0.21013312 -0.11455700
v 0.26481631 -0.21277285 -0.11539569
v 0.26960835 -0.21464393 -0.11908370
v 0.25214383 -0.20556971 -0.11840022
v 0.25190160 -0.20219284 -0.11798500
v 0.25511089 -0.20218632 -0.12216413
v 0.25427219 -0.20482740 -0.12158771
v 0.27273831 -0.20679486 -0.12533876
v 0.26669165 -0.20365788 -0.12493122
v 0.26126871 -0.20077601 -0.12345667
v 0.25666448 -0.19918624 -0.12128791
v 0.26238450 -0.19795182 -0.12149125
v 0.26784977 -0.20009160 -0.12299351
v 0.25852713 -0.19719434 -0.11927611
v 0.26264003 -0.19631475 -0.11843394
v 0.26821956 -0.19746441 -0.11943261
v 0.27479121 -0.20010099 -0.12013565
v 0.27463093 -0.20293294 -0.12394589
v 0.25975135 -0.19628173 -0.11756872
v 0.25347140 -0.19952634 -0.11703086
v 0.26226547 -0.20969686 -0.11128910
v 0.25705376 -0.20600922 -0.11173306
v 0.26341823 -0.20723999 -0.10913704
v 0.25806203 -0.20407876 -0.11016172
v 0.25272694 -0.20585051 -0.11474124
v 0.25281349 -0.20368883 -0.11329095
v 0.27636257 -0.20001030 -0.12141487
v 0.27776423 -0.19950460 -0.11536388
v 0.27525982 -0.19966790 -0.11439429
v 0.26811078 -0.19680390 -0.11397834
v 0.27405080 -0.20122088 -0.11000687
v 0.27139118 -0.20516866 -0.10805188
v 0.26481500 -0.20386890 -0.10857703
v 0.26673523 -0.19991720 -0.10985731
v 0.26105359 -0.19822969 -0.11107635
v 0.25952652 -0.20092189 -0.10997665
v 0.26193807 -0.19625646 -0.11445506
v 0.25643101 -0.19896670 -0.11210878
v 0.25431606 -0.20128974 -0.11239363
v 0.25824991 -0.19762577 -0.11245038
v 0.25859377 -0.19672497 -0.11509301
v 0.25613061 -0.19772685 -0.11581479
v 0.29878500 -0.20488468 -0.11064227
v 0.30230436 -0.20529905 -0.11258897
v 0.28837594 -0.20617428 -0.11083883
v 0.28713837 -0.20964324 -0.10778725
v 0.30843106 -0.20993754 -0.11124037
v 0.30795345 -0.21237674 -0.10814515
v 0.30057916 -0.21144724 -0.11549473
v 0.29568121 -0.20820060 -0.11613941
v 0.30587772 -0.21396425 -0.10500294
v 0.30047873 -0.21541232 -0.11337821
v 0.32005304 -0.19513729 -0.11621174
v 0.32198003 -0.19444808 -0.11112455
v 0.31452730 -0.20795473 -0.10587922
v 0.31403971 -0.20672908 -0.11193633
v 0.30598661 -0.18743756 -0.11573541
v 0.30415851 -0.18683389 -0.11143366
v 0.30501482 -0.20765772 -0.11394815
v 0.29124799 -0.20603257 -0.11464137
v 0.29585055 -0.20521030 -0.10798457
v 0.29480925 -0.20858893 -0.10543658
v 0.29843381 -0.19712070 -0.10838047
v 0.29969969 -0.19714853 -0.11322623
v 0.31359398 -0.19277480 -0.12276797
v 0.30923432 -0.18992546 -0.11967039
v 0.31766620 -0.19444540 -0.12016702
v 0.31420118 -0.18937495 -0.10324340
v 0.30730873 -0.18802187 -0.10553409
v 0.30021802 -0.19900879 -0.10311657
v 0.30502602 -0.20235917 -0.09982699
v 0.31169426 -0.20471731 -0.11591862
v 0.30339715 -0.19903460 -0.11714590
v 0.30764037 -0.20203558 -0.11808789
v 0.30135676 -0.21265510 -0.10308519
v 0.31136712 -0.20518014 -0.10082196
v 0.28907248 -0.21647343 -0.10679942
v 0.28189632 -0.21973926 -0.11070290
v 0.28510270 -0.22021033 -0.11392105
v 0.29367754 -0.21742168 -0.10878763
v 0.29948887 -0.21127263 -0.10433665
v 0.29760167 -0.21600807 -0.11132678
v 0.28006533 -0.20819063 -0.11419016
v 0.27897248 -0.21227700 -0.11047330
v 0.28205588 -0.20724779 -0.11771932
v 0.32106885 -0.19191751 -0.10528208
v 0.28885344 -0.21135743 -0.12246686
v 0.28484771 -0.20840620 -0.12069178
v 0.27989373 -0.21681544 -0.10920820
v 0.28728136 -0.21353546 -0.10564286
v 0.28831157 -0.21938287 -0.11716032
v 0.29074618 -0.21557605 -0.12130904
v 0.28073576 -0.21666308 -0.11946432
v 0.28253552 -0.21715280 -0.12121370
v 0.28120425 -0.21683922 -0.11993611
v 0.27947554 -0.21525879 -0.12098700
v 0.27810332 -0.21256101 -0.11990985
v 0.27857122 -0.21740422 -0.11944628
v 0.27711663 -0.21821117 -0.11875315
v 0.27604803 -0.21742278 -0.11725986
v 0.27156171 -0.21193570 -0.12241648
v 0.27206162 -0.21138667 -0.11845523
v 0.26382586 -0.21818802 -0.11327642
v 0.25810161 -0.21826625 -0.11347550
v 0.25876632 -0.22118032 -0.11506541
v 0.26501414 -0.22141431 -0.11378761
v 0.26824543 -0.21748674 -0.11310430
v 0.27188382 -0.21996491 -0.11399911
v 0.26905778 -0.21392459 -0.11431713
v 0.26352981 -0.21392103 -0.11405163
v 0.25763044 -0.21099949 -0.11696853
v 0.25719079 -0.21377310 -0.11385871
v 0.26392022 -0.21133053 -0.11716367
v 0.26854321 -0.21149740 -0.11684383
v 0.25344655 -0.21945402 -0.11611320
v 0.25387463 -0.21792647 -0.11404806
v 0.27451679 -0.21503198 -0.11635222
v 0.27352437 -0.22266692 -0.11838104
v 0.26586428 -0.22415119 -0.11694846
v 0.25904498 -0.22291410 -0.11800694
v 0.25381598 -0.22060242 -0.11932661
v 0.25927976 -0.22354402 -0.12143412
v 0.26593646 -0.22515096 -0.12103727
v 0.25514099 -0.22085461 -0.12217689
v 0.25927827 -0.22217110 -0.12471494
v 0.26564065 -0.22387311 -0.12530082
v 0.27343914 -0.22152418 -0.12400155
v 0.27366921 -0.22270596 -0.12165686
v 0.25629482 -0.22053778 -0.12410323
v 0.25075021 -0.21544087 -0.11711319
v 0.25156328 -0.21668537 -0.12033696
v 0.25170591 -0.21407202 -0.11397122
v 0.26460865 -0.21074370 -0.11994754
v 0.25781110 -0.21117039 -0.11981818
v 0.26451746 -0.21040127 -0.12295181
v 0.25767276 -0.21132901 -0.12234055
v 0.25306949 -0.21129210 -0.11659718
v 0.25266770 -0.21196388 -0.11900313
v 0.27681819 -0.21346889 -0.11849116
v 0.27571949 -0.21500228 -0.11635590
v 0.27290919 -0.21945119 -0.12552632
v 0.26527634 -0.22008888 -0.12828979
v 0.27262196 -0.21694732 -0.12622672
v 0.27205899 -0.21338139 -0.12578240
v 0.26496038 -0.21203063 -0.12591888
v 0.26529559 -0.21553710 -0.12820181
v 0.25916323 -0.21502939 -0.12701699
v 0.25835451 -0.21254279 -0.12477349
v 0.25921735 -0.21892694 -0.12723048
v 0.25435641 -0.21416737 -0.12393810
v 0.25309649 -0.21295938 -0.12156530
v 0.25595227 -0.21557347 -0.12576179
v 0.25568625 -0.21821541 -0.12521799
v 0.25344405 -0.21760559 -0.12298982
v 0.29553112 -0.19663087 -0.09588403
v 0.29821143 -0.20139712 -0.09753770
v 0.29628447 -0.20191355 -0.09912464
v 0.29475072 -0.19591922 -0.09854099
v 0.30036137 -0.20873967 -0.09215328
v 0.30132696 -0.20960823 -0.08773342
v 0.29447237 -0.20873705 -0.09051558
v 0.29473409 -0.20857720 -0.09454337
v 0.29964504 -0.20646730 -0.08182886
v 0.29260734 -0.20499954 -0.08678657
v 0.31630847 -0.19384471 -0.09318846
v 0.31953010 -0.19537374 -0.08945078
v 0.30952379 -0.20553383 -0.08790775
v 0.30731472 -0.20449337 -0.09232889
v 0.29968080 -0.20548028 -0.09585354
v 0.29560772 -0.20628746 -0.09733042
v 0.29357645 -0.19354665 -0.09318256
v 0.29344341 -0.19234034 -0.09028307
v 0.29838166 -0.19045356 -0.08458398
v 0.29845574 -0.19008875 -0.08731976
v 0.30794945 -0.18231776 -0.09048195
v 0.31014076 -0.18542072 -0.09460516
v 0.31317130 -0.18953344 -0.09514485
v 0.31474826 -0.18779251 -0.07919315
v 0.30994424 -0.18336412 -0.07948163
v 0.29996005 -0.19257802 -0.08121334
v 0.30432931 -0.19815308 -0.07894254
v 0.30527261 -0.20037571 -0.09488305
v 0.29950836 -0.19181883 -0.09264240
v 0.30280975 -0.19588396 -0.09533451
v 0.29586914 -0.19933361 -0.08233529
v 0.30917355 -0.20296338 -0.08226047
v 0.29181001 -0.19003777 -0.09195879
v 0.28441939 -0.19097580 -0.09701800
v 0.28216437 -0.19345325 -0.09392208
v 0.28987864 -0.19270547 -0.08811542
v 0.29381815 -0.19342446 -0.08560354
v 0.29082564 -0.19857509 -0.08564195
v 0.29014090 -0.20045739 -0.10364446
v 0.28947130 -0.19499877 -0.10269293
v 0.28856662 -0.20467010 -0.10186368
v 0.31940749 -0.19298717 -0.08343276
v 0.30605885 -0.18060127 -0.08161697
v 0.28450796 -0.20737052 -0.09597898
v 0.28663811 -0.20706283 -0.09937274
v 0.28745714 -0.19128275 -0.10009864
v 0.29312339 -0.19190453 -0.09552082
v 0.28182909 -0.19848338 -0.09192735
v 0.28324506 -0.20441177 -0.09242940
v 0.27564898 -0.19806874 -0.09705555
v 0.27597800 -0.20363133 -0.09758142
v 0.27704522 -0.20665281 -0.10035247
v 0.27986541 -0.20671462 -0.10305768
v 0.28257677 -0.20460591 -0.10509723
v 0.27718708 -0.19371286 -0.09930521
v 0.28028426 -0.19212663 -0.10189891
v 0.28295061 -0.19298020 -0.10348758
v 0.27401629 -0.19274284 -0.10306060
v 0.27078447 -0.19652562 -0.10218915
v 0.26608518 -0.20353703 -0.10905093
v 0.26228097 -0.20315360 -0.11235073
v 0.26403412 -0.20406929 -0.11375186
v 0.26757553 -0.20506854 -0.11003792
v 0.26809326 -0.20384002 -0.10571411
v 0.27073351 -0.20546909 -0.10462847
v 0.26772895 -0.20115821 -0.10397777
v 0.26452908 -0.20053759 -0.10708752
v 0.26235661 -0.19578740 -0.11005670
v 0.26106903 -0.20004144 -0.11037531
v 0.26592842 -0.19620407 -0.10680997
v 0.26806822 -0.19735697 -0.10399386
v 0.26049969 -0.20250826 -0.11616036
v 0.25977692 -0.20216832 -0.11432001
v 0.27099314 -0.20207852 -0.10186112
v 0.27447233 -0.20656678 -0.10649493
v 0.27031884 -0.20534626 -0.11156222
v 0.26647374 -0.20409887 -0.11571267
v 0.26336202 -0.20145909 -0.11798659
v 0.26918384 -0.20225281 -0.11675838
v 0.27330002 -0.20367672 -0.11302704
v 0.26626518 -0.19996575 -0.11873320
v 0.27099773 -0.19963050 -0.11721382
v 0.27567115 -0.20081030 -0.11399212
v 0.28067109 -0.20131937 -0.10878623
v 0.27791134 -0.20466557 -0.10794622
v 0.26822147 -0.19863419 -0.11840513
v 0.25883093 -0.19845204 -0.11563811
v 0.26174024 -0.19697623 -0.11769837
v 0.25836840 -0.19950809 -0.11318439
v 0.26756492 -0.19343005 -0.10687059
v 0.26365420 -0.19328658 -0.11045805
v 0.27026895 -0.19150326 -0.10802999
v 0.26577368 -0.19165620 -0.11175883
v 0.25974676 -0.19621435 -0.11217326
v 0.26054528 -0.19465446 -0.11324945
v 0.28471836 -0.20079032 -0.10577837
v 0.28492275 -0.19623512 -0.10530549
v 0.28185210 -0.19714950 -0.10858342
v 0.27642521 -0.19662903 -0.11393538
v 0.28053108 -0.19311851 -0.10713843
v 0.27722707 -0.19154799 -0.10588926
v 0.27279964 -0.19066471 -0.10962963
v 0.27507505 -0.19252175 -0.11203888
v 0.27048805 -0.19252089 -0.11526111
v 0.26831159 -0.19120333 -0.11351794
v 0.27147558 -0.19590296 -0.11702529
v 0.26543769 -0.19292895 -0.11613956
v 0.26260772 -0.19317506 -0.11487767
v 0.26775226 -0.19334483 -0.11685169
v 0.26778385 -0.19592378 -0.11826035
v 0.26492605 -0.19626203 -0.11840984
v 0.30681047 -0.18114409 -0.08563420
v 0.30064937 -0.18106252 -0.06242047
v 0.30074474 -0.18371505 -0.06372270
v 0.29762807 -0.18554914 -0.06528249
v 0.29739019 -0.18202153 -0.06410421
v 0.30456182 -0.19020924 -0.06298643
v 0.30543998 -0.19119665 -0.06019482
v 0.30127004 -0.19196302 -0.06166610
v 0.30033764 -0.19169235 -0.06386095
v 0.30522773 -0.18939433 -0.05648058
v 0.30121902 -0.18942150 -0.05803545
v 0.31270036 -0.17644173 -0.06911224
v 0.31813970 -0.17829016 -0.06978841
v 0.31064394 -0.18733537 -0.06516603
v 0.30804023 -0.18418315 -0.06571604
v 0.31167120 -0.17543855 -0.05237263
v 0.31563619 -0.17689607 -0.05132639
v 0.31882972 -0.17131394 -0.05326920
v 0.31518987 -0.16816643 -0.05503201
v 0.30286190 -0.18767494 -0.06458689
v 0.29899773 -0.18901831 -0.06502761
v 0.30144730 -0.17810744 -0.05964817
v 0.30254123 -0.17750630 -0.05665183
v 0.31132975 -0.17962250 -0.05112804
v 0.30864778 -0.17750573 -0.05335024
v 0.30928746 -0.17547110 -0.06085816
v 0.30892345 -0.17571571 -0.05538085
v 0.31162396 -0.16838560 -0.05847925
v 0.31079322 -0.17060331 -0.06401742
v 0.31018770 -0.17645478 -0.06409292
v 0.32216313 -0.17998400 -0.05826071
v 0.31955317 -0.17867050 -0.05325520
v 0.31402108 -0.18296096 -0.05213141
v 0.31405446 -0.18634811 -0.05572460
v 0.30540630 -0.18192843 -0.06362389
v 0.30689886 -0.17756394 -0.05700507
v 0.30501315 -0.17965022 -0.06021509
v 0.30552718 -0.18479338 -0.05412664
v 0.31255522 -0.18891221 -0.06155002
v 0.29738459 -0.17830825 -0.05945969
v 0.29491869 -0.17864305 -0.05579753
v 0.29555306 -0.18094918 -0.05323071
v 0.29908481 -0.18019837 -0.05721333
v 0.30504397 -0.18106169 -0.05231644
v 0.30105504 -0.18456146 -0.05574147
v 0.29369643 -0.18582559 -0.06428470
v 0.29396096 -0.18178219 -0.06229821
v 0.29408744 -0.18971339 -0.06392793
v 0.32238695 -0.17912376 -0.06643532
v 0.29560325 -0.19378486 -0.05867249
v 0.29460797 -0.19282576 -0.06192249
v 0.29436460 -0.17917123 -0.05910492
v 0.29720822 -0.17923734 -0.06196228
v 0.29620859 -0.18557596 -0.05239275
v 0.29661444 -0.19121876 -0.05487714
v 0.29030105 -0.18599771 -0.05030659
v 0.28946111 -0.19045801 -0.05265189
v 0.28802225 -0.19273123 -0.05715298
v 0.28823105 -0.19151664 -0.06027318
v 0.28874788 -0.18862984 -0.06211716
v 0.29115489 -0.18092637 -0.05146157
v 0.29154888 -0.17903823 -0.05404847
v 0.29112151 -0.17954816 -0.05804016
v 0.28605118 -0.18192574 -0.04891980
v 0.28366145 -0.18629549 -0.04932052
v 0.27560946 -0.18887426 -0.05569227
v 0.27215222 -0.18844621 -0.05516889
v 0.27202836 -0.18736151 -0.05692851
v 0.27595630 -0.18867725 -0.05778268
v 0.27884772 -0.18968107 -0.05567309
v 0.28086731 -0.19045095 -0.05749733
v 0.28020814 -0.18910073 -0.05288822
v 0.27642480 -0.18898275 -0.05206184
v 0.27399543 -0.18512604 -0.04825594
v 0.27258566 -0.18859200 -0.05117127
v 0.27778766 -0.18583971 -0.04888092
v 0.28072396 -0.18704598 -0.05001700
v 0.26866558 -0.18643776 -0.05496598
v 0.26932636 -0.18809251 -0.05413045
v 0.28323379 -0.19069126 -0.05308349
v 0.28202048 -0.18874617 -0.06023553
v 0.27647111 -0.18701243 -0.05937738
v 0.27170804 -0.18541031 -0.05803036
v 0.26882753 -0.18377830 -0.05546867
v 0.27305606 -0.18324448 -0.05809730
v 0.27802745 -0.18468726 -0.05958499
v 0.27042845 -0.18193929 -0.05576402
v 0.27479371 -0.18135984 -0.05741362
v 0.27984598 -0.18217751 -0.05890559
v 0.28553715 -0.18340047 -0.06062358
v 0.28370187 -0.18626443 -0.06101596
v 0.27222672 -0.18093637 -0.05589260
v 0.26822749 -0.18492389 -0.05096758
v 0.26887259 -0.18235306 -0.05202756
v 0.26912120 -0.18765251 -0.05041694
v 0.27917984 -0.18360901 -0.04764647
v 0.27456304 -0.18275817 -0.04724180
v 0.28078625 -0.18105446 -0.04789462
v 0.27523801 -0.18038809 -0.04793536
v 0.27099571 -0.18534598 -0.04816674
v 0.27069011 -0.18326843 -0.04823982
v 0.28943363 -0.18500546 -0.06267446
v 0.29041448 -0.18216470 -0.06129282
v 0.28721109 -0.18078107 -0.05908911
v 0.28156134 -0.17967974 -0.05676330
v 0.28794780 -0.17858577 -0.05484706
v 0.28752521 -0.17934115 -0.05103325
v 0.28174010 -0.17893422 -0.04956723
v 0.28216055 -0.17809069 -0.05283492
v 0.27639732 -0.17821784 -0.05255879
v 0.27601025 -0.17885107 -0.04981245
v 0.27595612 -0.17937833 -0.05561762
v 0.27205202 -0.17979266 -0.05115185
v 0.27099732 -0.18105339 -0.04945033
v 0.27316472 -0.17917468 -0.05262280
v 0.27241585 -0.17991547 -0.05433619
v 0.27038148 -0.18078512 -0.05319011
v 0.32171264 -0.17309749 -0.05418638
v 0.28994486 -0.16764215 -0.11246313
v 0.28565168 -0.16825733 -0.11393395
v 0.28804263 -0.15837368 -0.09970120
v 0.29209036 -0.16232207 -0.10407883
v 0.28184369 -0.15680942 -0.09797972
v 0.27510974 -0.16118011 -0.10427047
v 0.27755883 -0.15821442 -0.10000062
v 0.29213628 -0.16575870 -0.10941860
v 0.28046584 -0.16787156 -0.11459835
v 0.27571675 -0.16474590 -0.11014253
v 0.28410739 -0.17455027 -0.10668235
v 0.27895272 -0.17142799 -0.10691851
v 0.27954096 -0.16974923 -0.10706957
v 0.27763012 -0.16542891 -0.10263045
v 0.27887139 -0.16352007 -0.10055514
v 0.28429043 -0.17452273 -0.10483049
v 0.28481999 -0.17306325 -0.10494009
v 0.28518781 -0.16923425 -0.10353659
v 0.28852925 -0.18123290 -0.09859949
v 0.29203415 -0.18544897 -0.10157531
v 0.29357469 -0.19158718 -0.11374821
v 0.29399937 -0.19612351 -0.11261785
v 0.28988796 -0.19572678 -0.11460432
v 0.28959557 -0.19044438 -0.11626129
v 0.29313174 -0.18874475 -0.11293131
v 0.29003653 -0.18502989 -0.11534874
v 0.29668418 -0.19225100 -0.10769612
v 0.29479203 -0.18904814 -0.10796526
v 0.29498562 -0.18920669 -0.10324338
v 0.29551694 -0.19219109 -0.10141435
v 0.29748172 -0.19677219 -0.10729006
v 0.29587886 -0.20075777 -0.10677311
v 0.29417911 -0.19984928 -0.11094894
v 0.29074419 -0.20026556 -0.11138810
v 0.29251468 -0.18577698 -0.10777336
v 0.28313026 -0.18063715 -0.11641674
v 0.28417608 -0.18813488 -0.11695495
v 0.02063763 0.48915413 0.04488337
v 0.02128416 0.50076425 0.04027770
v 0.28500393 -0.19486561 -0.11421634
v 0.28634998 -0.19942150 -0.11014082
v 0.28009903 -0.19310048 -0.11165811
v 0.27848625 -0.18560830 -0.11512665
v 0.28234082 -0.19727001 -0.10806747
v 0.27776253 -0.19156787 -0.10776627
v 0.27484575 -0.18353572 -0.11004123
v 0.27473870 -0.17425498 -0.11092785
v 0.27809510 -0.17618576 -0.11428733
v 0.28024474 -0.19548514 -0.10607851
v 0.29208219 -0.20264617 -0.10605958
v 0.28777096 -0.20122340 -0.10471120
v 0.29177567 -0.19088283 -0.09838375
v 0.29247585 -0.19597736 -0.09812656
v 0.29641744 -0.19642499 -0.10104692
v 0.28738624 -0.18828723 -0.09606117
v 0.28790584 -0.19497457 -0.09671420
v 0.29614699 -0.19992045 -0.10239932
v 0.29281726 -0.20042005 -0.10056996
v 0.28166798 -0.16287461 -0.10000665
v 0.28556424 -0.16550967 -0.10125877
v 0.27524072 -0.17496923 -0.10429902
v 0.27392119 -0.18295518 -0.10406354
v 0.27798152 -0.17739448 -0.09991188
v 0.28336582 -0.17884901 -0.09772711
v 0.28237185 -0.18649516 -0.09568787
v 0.27725068 -0.18381831 -0.09825402
v 0.28010765 -0.19214430 -0.09927723
v 0.28343329 -0.19360790 -0.09715036
v 0.27778718 -0.19141683 -0.10339060
v 0.28421280 -0.19752637 -0.09999630
v 0.28825781 -0.19944111 -0.09964398
v 0.28172025 -0.19560644 -0.10079938
v 0.28101829 -0.19589487 -0.10343102
v 0.28387225 -0.19866869 -0.10384020
v 0.31434056 -0.16162226 -0.05479544
v 0.31019273 -0.16293016 -0.06025815
v 0.30792722 -0.15673551 -0.06023396
v 0.30304578 -0.14990321 -0.05931836
v 0.30401242 -0.14181146 -0.05372593
v 0.30115443 -0.15028873 -0.06635587
v 0.30554998 -0.15753409 -0.06727460
v 0.30789658 -0.16556677 -0.06882557
v 0.29747692 -0.14411452 -0.07187101
v 0.02514914 0.44932583 -0.12311444
v 0.02385576 0.43337068 -0.13082729
v 0.20010558 0.28710094 -0.08241366
v 0.21374041 0.29584518 -0.08870918
v 0.26168364 0.31640866 -0.06112607
v 0.27066451 0.32050803 -0.03986064
v 0.04752799 0.13553295 -0.15157600
v 0.11427169 0.20575109 0.03788159
v 0.11850525 0.22410068 0.03958539
v 0.04273940 0.23121157 0.06851076
v 0.06299864 0.22607031 0.06720914
v 0.13574003 0.17243645 -0.07419532
v 0.13725057 0.19126818 -0.07661979
v 0.08886519 0.15922084 -0.12603989
v 0.09173436 0.18073502 -0.12957928
v 0.12364979 0.14781585 -0.09271702
v 0.08292759 0.17728224 0.05919832
v 0.10096698 0.17394975 0.05080754
v 0.09809723 0.19379905 0.05008772
v 0.08101091 0.19878337 0.06000553
v 0.02271708 0.23492256 0.06417902
v 0.02271058 0.21055803 0.06327270
v 0.14803655 0.21429691 -0.05447153
v 0.15008949 0.21892026 -0.02792555
v 0.13822407 0.23168913 0.02087251
v 0.12527850 0.24065122 0.03970283
v 0.10886823 0.25123003 0.05302234
v 0.08987532 0.26225230 0.06254737
v 0.07703094 0.20224938 -0.14693770
v 0.05960004 0.22567531 -0.15725990
v 0.13936797 0.21074989 -0.07940093
v 0.01058182 0.20489278 -0.16624856
v 0.07526845 0.29461446 0.07055739
v 0.05118740 0.30261192 0.07416181
v 0.14683019 0.22456279 -0.00245745
v 0.03587589 0.38814333 -0.14852591
v 0.05470649 0.38968393 -0.14926779
v 0.05207923 0.37333646 -0.15570496
v 0.03373916 0.37107876 -0.15398388
v 0.06978031 0.37356517 -0.15538059
v 0.08668991 0.37286708 -0.15328005
v 0.10230570 0.37142339 -0.15022385
v 0.13977918 0.36139539 -0.13766843
v 0.12887399 0.36566159 -0.14247483
v 0.15698491 0.34839854 -0.12277012
v 0.14918485 0.35551181 -0.13145790
v 0.16188323 0.33955213 -0.11024733
v 0.16278374 0.32968840 -0.09437522
v 0.16891541 0.33174339 -0.07401082
v 0.16452163 0.31985351 -0.07771417
v 0.15652686 0.31792280 -0.09893325
v 0.15492399 0.32825425 -0.11336462
v 0.15070184 0.33680472 -0.12577750
v 0.01590581 0.30305383 -0.15595050
v 0.01508572 0.32857290 -0.15504155
v 0.02650843 0.46525523 -0.11518519
v 0.27575305 0.09464058 -0.01223612
v 0.28737935 -0.01875010 -0.10401659
v 0.04120185 0.50244009 0.04007364
v 0.06306951 0.50612485 0.03976205
v 0.13446039 0.50801957 0.02048314
v 0.15542689 0.51012349 -0.00356042
v 0.11156256 0.50483489 0.03524641
v 0.08679121 0.50012398 0.04273686
v 0.12740257 0.22736940 -0.10398309
v 0.06125884 0.46866640 0.05558450
v 0.08722761 0.48830333 0.04935231
v 0.11297832 0.49296024 0.04282271
v 0.14097819 0.49614492 0.02793250
v 0.16957131 0.49670026 0.00314135
v 0.18792278 0.48721883 -0.00628938
v 0.20523496 0.46058962 -0.00056696
v 0.22470883 0.44920400 -0.01655332
v 0.23090789 0.45598772 -0.03405874
v 0.22151929 0.46505776 -0.02657530
v 0.21584395 0.45455244 -0.00770491
v 0.26245937 0.35425255 -0.03170238
v 0.26362160 0.32664981 -0.01356239
v 0.26520911 0.33824888 -0.02507936
v 0.25540006 0.31909886 -0.00212771
v 0.24878702 0.31458762 0.00555646
v 0.23953880 0.31425962 0.01173069
v 0.22856753 0.31953517 0.01582619
v 0.20008929 0.34543738 0.01702724
v 0.19206716 0.35448053 0.01619828
v 0.18638219 0.34639189 0.02778674
v 0.18155444 0.34247372 0.03103249
v 0.16263652 0.32039323 0.04064525
v 0.15257852 0.30725512 0.04343886
v 0.02225999 0.53554547 0.02324558
v 0.13920492 0.29515031 0.04866188
v 0.01043579 0.32993546 0.06871071
v 0.01201895 0.34946713 0.07000576
v 0.00444118 0.26133046 0.06052600
v 0.00645805 0.28550521 0.06356670
v 0.11460903 0.07750559 0.05985857
v 0.11099675 0.09448558 0.05503076
v 0.09329928 0.09338391 0.06507075
v 0.00393116 0.10882366 0.07218391
v 0.00362414 0.13278940 0.06539646
v 0.00293615 0.18683675 0.05672183
v 0.00300762 0.21256116 0.05726009
v 0.09740464 0.07583755 0.07206748
v 0.04781875 0.13248906 0.06765744
v 0.01441084 0.38562325 0.06932254
v 0.01534710 0.40183225 0.06733765
v 0.01613070 0.41756448 0.06472647
v 0.02602502 0.13230166 0.06734507
v 0.14933808 0.09052593 -0.00124863
v 0.15062773 0.08491388 -0.02604070
v 0.12762260 0.09514982 0.04014074
v 0.14105813 0.09376717 0.02118075
v 0.14572643 0.07712027 -0.05006303
v 0.08299164 0.04084611 -0.11579572
v 0.06241328 0.03484148 -0.12632301
v 0.02206016 0.02742279 -0.13922697
v 0.00334642 0.02526650 -0.14158329
v 0.13570377 0.06779212 -0.07124441
v 0.04175074 0.03057444 -0.13431682
v 0.12120803 0.05769733 -0.08862261
v 0.10271639 0.04858917 -0.10339402
v 0.06900300 0.13264769 0.06611383
v 0.07172500 0.11034727 0.06822543
v 0.01442280 0.51397419 -0.10227372
v 0.01342324 0.50390708 -0.09975134
v 0.09135664 0.11135349 0.06345172
v 0.07279960 0.36915544 0.07790545
v 0.05160088 0.36852238 0.07541884
v 0.09442780 0.37092802 0.07878576
v 0.11413468 0.39425662 0.07523693
v 0.11568397 0.37540004 0.07526095
v 0.13462672 0.37962756 0.06886277
v 0.01583296 0.52400613 -0.10605273
v 0.00850030 0.44957641 -0.12217829
v 0.00676449 0.43335167 -0.13003922
v 0.13357019 0.39634392 0.06806143
v -0.00187192 0.32662573 -0.15064861
v -0.00449599 0.30196133 -0.15186529
v 0.01000613 0.46446356 -0.11414337
v -0.00763063 0.27593508 -0.15627623
v 0.16809124 0.39468059 0.04975820
v 0.16670047 0.38267443 0.05164811
v 0.17880139 0.38187084 0.04418768
v 0.18148695 0.39296231 0.04253409
v 0.19664869 0.38027987 0.03087141
v 0.18906978 0.38057223 0.03749197
v 0.20317875 0.37878302 0.02394149
v 0.21189313 0.37365964 0.02183999
v 0.22476324 0.39296588 0.01726912
v 0.21563780 0.39879087 0.02203355
v 0.17180273 0.40795782 0.04573571
v 0.15430263 0.41059670 0.05476904
v 0.05196185 0.40483394 0.07231267
v 0.03257073 0.40262780 0.06866795
v 0.16926980 0.31298795 -0.05995357
v 0.17427857 0.30802599 -0.04061471
v 0.17823826 0.30632094 -0.02167686
v 0.17941867 0.30867288 -0.00439026
v 0.17877871 0.31316212 0.01163940
v 0.17544037 0.32023790 0.02525142
v 0.17671621 0.33670834 0.03376338
v 0.17064761 0.32947537 0.03687558
v 0.00250277 -0.08284661 0.10537876
v 0.17280576 0.34654310 0.04214014
v 0.16488802 0.34084120 0.04663362
v 0.15485451 0.36753210 0.05851638
v 0.15977186 0.35349372 0.05375886
v 0.15155101 0.38203052 0.06024015
v 0.15156737 0.39655009 0.05895001
v 0.13608693 0.41333017 0.06439327
v 0.11639244 0.41352221 0.07236689
v 0.10387224 0.44803879 0.06565779
v 0.09909326 0.43054006 0.07200384
v 0.09478862 0.41113815 0.07649933
v 0.09210017 0.39075682 0.07909185
v 0.11190456 0.53452981 -0.00236754
v 0.09061829 0.53324115 0.01232787
v 0.23060149 0.32919702 0.01581456
v 0.23788087 0.32701018 0.01259018
v 0.00511116 -0.03576836 0.12413618
v 0.00563227 -0.01235709 0.12404111
v 0.23543668 0.33650938 0.01387971
v 0.23132378 0.33552244 0.01590391
v 0.24480230 0.32873282 0.00839605
v 0.25167450 0.33192703 0.00208507
v 0.24748453 0.34451810 0.00529111
v 0.23986170 0.33841601 0.01100050
v 0.25768176 0.33946380 -0.00728591
v 0.25272840 0.34975854 -0.00220060
v 0.26026681 0.34866902 -0.01603875
v 0.25963357 0.36009404 -0.02162439
v 0.25681642 0.36405590 -0.01549419
v 0.25562128 0.35771945 -0.00997937
v 0.24301134 0.39934805 -0.00434336
v 0.24905717 0.38698682 -0.00957755
v 0.25381142 0.37410244 -0.01337226
v 0.22077285 0.36620936 0.01988942
v 0.22921374 0.35802945 0.01699175
v 0.23566359 0.34892282 0.01368380
v 0.24239731 0.35484710 0.00888747
v 0.23535579 0.36492887 0.01302711
v 0.00427000 -0.05603468 0.11919373
v 0.22715612 0.37419334 0.01733739
v 0.07099528 0.38905814 0.07753140
v 0.05067598 0.38739178 0.07453637
v -0.01414548 -0.09779978 -0.12893206
v -0.01352102 -0.11625838 -0.12490106
v 0.20086947 0.39002696 0.02964316
v -0.01372469 -0.13199899 -0.11625780
v -0.01257328 -0.14597955 -0.10457473
v 0.19254823 0.39168444 0.03587213
v 0.20923644 0.38781670 0.02435181
v 0.21864958 0.38264361 0.02081468
v 0.20664746 0.40169075 0.02725226
v 0.19709918 0.40340117 0.03271646
v 0.18567152 0.40537205 0.03891813
v 0.07275917 0.40760568 0.07572578
v 0.03164785 0.38592443 0.07115862
v 0.00531523 0.03421456 0.11112112
v 0.00490846 0.05551922 0.10120359
v -0.01428298 0.00201178 -0.13644920
v 0.01676549 0.53406954 -0.10983305
v 0.02467973 0.58123326 0.00471734
v 0.01245478 0.49338368 -0.09960030
v 0.01151245 0.48345205 -0.10325338
v -0.00469324 -0.13763705 0.00879208
v 0.01052127 0.47311053 -0.10943379
v -0.00386972 -0.13655689 0.02055403
v 0.00310188 0.23712638 0.05786473
v 0.19666032 0.41559884 -0.10745491
v 0.21244770 0.43572393 -0.10006595
v 0.22678535 0.45104912 -0.08373588
v 0.23281276 0.45787540 -0.05898234
v 0.22306150 0.16145071 -0.01618101
v 0.02325855 0.18521556 0.06231013
v 0.02455021 0.15894824 0.06350717
v 0.04505816 0.15791973 0.06486270
v 0.02890613 0.30633292 0.07088755
v 0.03170381 0.36769971 0.07246114
v 0.10795369 0.33870319 -0.15738274
v 0.09535753 0.34070393 -0.16141225
v 0.09855683 0.35589120 -0.15650353
v 0.11188886 0.35370031 -0.15243702
v 0.12893339 0.33430699 -0.14577933
v 0.11914699 0.33661690 -0.15203002
v 0.12388055 0.35109690 -0.14749110
v 0.13431114 0.34792057 -0.14177792
v 0.13726461 0.33059934 -0.13845845
v 0.14336562 0.34329471 -0.13483146
v 0.11498572 0.32122013 -0.15562569
v 0.10438853 0.32290509 -0.16129224
v 0.09243631 0.32520321 -0.16484609
v 0.13141672 0.31775936 -0.14173482
v 0.12386528 0.31992301 -0.14903107
v 0.02841143 0.53674507 -0.10911717
v 0.02703260 0.48706147 -0.10442583
v 0.02752054 0.49686733 -0.10145998
v 0.01535048 0.34914699 -0.15303893
v 0.01796523 0.38411751 -0.14567865
v 0.02000803 0.40150610 -0.14127068
v 0.02205761 0.41773149 -0.13652489
v 0.02679119 0.47629216 -0.10947590
v 0.01652801 0.36703578 -0.14988843
v 0.15487424 -0.08261418 0.05542535
v 0.13995472 -0.09854379 0.07740133
v 0.14489202 -0.07533666 0.06983602
v 0.13328525 -0.08720830 0.08509675
v 0.15127535 -0.01121005 0.03930951
v 0.15057163 -0.03586149 0.04765191
v 0.15298158 0.01491952 0.03371192
v 0.11509643 -0.09540069 0.09928437
v 0.09136938 -0.09893480 0.10952663
v 0.09072372 -0.08097845 0.11520213
v 0.14033327 0.01324549 0.05846164
v 0.14023088 -0.01273116 0.06342146
v 0.14933567 -0.05783015 0.05837933
v 0.13946509 -0.05775145 0.07565740
v 0.13842297 -0.07149488 0.07860751
v 0.11349589 -0.07986340 0.10319957
v 0.12920102 -0.07619801 0.09026623
v 0.03587354 0.05410627 0.09910397
v 0.06251268 0.05400974 0.09587178
v 0.05873797 0.07325101 0.08566906
v 0.12002070 0.05820361 0.06688444
v 0.12986323 0.07842779 0.04341799
v 0.12786689 -0.05996951 0.09157585
v 0.11179607 -0.06081700 0.10621507
v 0.08994194 -0.06058884 0.11750647
v 0.08936469 0.01183805 0.10783881
v 0.08942416 -0.01209223 0.11396240
v 0.11025548 -0.01368013 0.10167262
v 0.10951082 0.01129311 0.09564283
v 0.12418607 0.03647178 0.07397914
v 0.12602179 0.01151317 0.07933553
v 0.08772288 0.03472105 0.09956327
v 0.10726253 0.03548479 0.08872153
v 0.10286655 0.05685782 0.08039322
v 0.12693983 -0.01445457 0.08447325
v 0.06295467 -0.03583261 0.12482221
v 0.08960007 -0.03678933 0.11785400
v 0.03446008 -0.03512657 0.12483679
v 0.08440154 0.05564204 0.09002377
v 0.07927905 0.07473955 0.08015545
v 0.07481963 0.09238151 0.07165214
v 0.06618275 0.15660748 0.06342606
v 0.14537574 -0.33500621 -0.04010099
v 0.00099418 -0.16422781 -0.01676758
v -0.00061114 -0.15050015 0.00889177
v 0.16367847 -0.06076667 -0.06074955
v 0.16952638 -0.06721932 0.01060979
v 0.15948983 -0.06054449 0.03592593
v 0.03053769 -0.17135826 -0.07841295
v 0.01502821 -0.17564884 -0.05767872
v 0.14730105 -0.07518303 -0.08469544
v 0.10456486 -0.13587722 -0.10462001
v 0.00661413 -0.17244551 -0.03678351
v 0.14002648 -0.03699347 0.06924921
v 0.12731127 -0.03894022 0.08852848
v 0.11093881 -0.03833878 0.10568365
v 0.06274481 -0.05887899 0.12382537
v 0.03343747 -0.05678928 0.12292159
v 0.00950809 -0.12207839 -0.12079237
v 0.00394699 -0.11026266 -0.12521511
v -0.00404689 -0.11355254 -0.12480639
v -0.00236276 -0.13009748 -0.11737385
v 0.08185171 0.02170566 -0.11387110
v 0.06029887 0.01494417 -0.12344441
v 0.02009179 0.00653449 -0.13441825
v 0.00221741 0.00374812 -0.13662156
v 0.13872366 0.05016533 -0.07177800
v 0.03942050 0.01018861 -0.13018131
v 0.12338492 0.03961402 -0.08882140
v 0.10318361 0.03009981 -0.10271673
v 0.15786816 -0.75459278 0.15717681
v 0.16126761 -0.78393507 0.15843329
v 0.16122207 -0.78017330 0.17310956
v 0.15530677 -0.75020456 0.17152879
v 0.16893339 -0.73960590 0.19813520
v 0.15861401 -0.74407482 0.19076759
v 0.18288691 -0.73755014 0.20017479
v 0.18218142 -0.76875114 0.20606677
v 0.19361556 -0.76915300 0.19939399
v 0.19633673 -0.73803115 0.19560173
v 0.20596397 -0.73959303 0.18705082
v 0.21334098 -0.77511144 0.16260113
v 0.21570426 -0.74696076 0.15611444
v 0.21268317 -0.74190438 0.17557000
v 0.21148673 -0.77173591 0.18157491
v 0.21115009 -0.75440955 0.13803358
v 0.21086808 -0.77997649 0.14462171
v 0.19785996 -0.75968003 0.12835202
v 0.16407579 -0.75877130 0.14306200
v 0.16634835 -0.78685582 0.14251889
v 0.16948713 -0.77065051 0.20430250
v 0.16254064 -0.77389383 0.19498791
v 0.15465675 -0.74766469 0.18165089
v 0.16170301 -0.77740145 0.18369776
v 0.16277838 -0.80965054 0.17392209
v 0.15599284 -0.81442487 0.15608503
v 0.16937998 -0.80136120 0.21014023
v 0.16773111 -0.80429816 0.19707577
v 0.19086806 -0.79956961 0.20208493
v 0.18043432 -0.79903567 0.21329939
v 0.21488306 -0.79920197 0.18800953
v 0.20374508 -0.76997137 0.19167709
v 0.20388336 -0.79902232 0.19576667
v 0.21753815 -0.80138469 0.16978002
v 0.21511760 -0.80537140 0.14757897
v 0.16590837 -0.81327856 0.13870263
v 0.16701996 -0.80627406 0.18616702
v 0.28007776 -0.88492632 0.00530231
v 0.28431451 -0.88391113 0.00750406
v 0.28662947 -0.88828850 0.00740780
v 0.28038317 -0.89037776 0.00406670
v 0.23808958 -0.88966727 -0.01989121
v 0.24687418 -0.88631952 -0.01953154
v 0.25014412 -0.89521039 -0.01680760
v 0.23815440 -0.89992905 -0.01785428
v 0.27345881 -0.89610243 -0.00432270
v 0.26871672 -0.89691567 -0.00614610
v 0.26798162 -0.89325893 -0.01024872
v 0.27600133 -0.89157856 -0.00726366
v 0.30078822 -0.88546562 0.04983125
v 0.29723069 -0.88655663 0.04729443
v 0.29686961 -0.88198340 0.04452238
v 0.30161294 -0.88118887 0.04866463
v 0.29458705 -0.89056420 0.02808447
v 0.29120776 -0.89204502 0.02559889
v 0.29093274 -0.88744462 0.02225650
v 0.29639077 -0.88630414 0.02682747
v 0.24181092 -0.88201547 0.00507200
v 0.24587548 -0.88258088 -0.00950241
v 0.23285624 -0.88779306 -0.01075644
v 0.22633213 -0.88353300 0.00321927
v 0.22689721 -0.89844263 -0.00859584
v 0.23482850 -0.90258682 -0.00344226
v 0.22912404 -0.90343201 0.01078109
v 0.22049963 -0.89626884 0.00693220
v 0.24788129 -0.90050006 -0.00198003
v 0.24374717 -0.90044677 0.01137938
v 0.25033882 -0.89037132 0.00854291
v 0.25625548 -0.88991892 -0.00554875
v 0.26997855 -0.88668787 0.01355884
v 0.27740964 -0.88825822 0.00230120
v 0.27055511 -0.88339913 -0.00104333
v 0.26396975 -0.88001847 0.01083821
v 0.26289010 -0.88531053 -0.00441016
v 0.25374565 -0.88264310 0.00617156
v 0.25207183 -0.89292765 0.00677222
v 0.25853556 -0.89332390 -0.00578779
v 0.26379070 -0.89776742 -0.00027313
v 0.25671408 -0.89758658 0.01195329
v 0.26549092 -0.89487159 0.01512341
v 0.27238625 -0.89602876 0.00338790
v 0.27614808 -0.88375473 0.01052209
v 0.26966327 -0.88031185 0.01886991
v 0.27880719 -0.87726688 0.02398818
v 0.28330263 -0.88160372 0.01363245
v 0.27326456 -0.89424706 0.02257494
v 0.26821762 -0.89049065 0.01822193
v 0.27303651 -0.89224291 0.00934322
v 0.27819651 -0.89527857 0.01266313
v 0.28542134 -0.89344943 0.01560860
v 0.28149563 -0.89151919 0.02647542
v 0.28454205 -0.88341618 0.02575504
v 0.28860942 -0.88656890 0.01542926
v 0.29391858 -0.87905455 0.03230280
v 0.29024497 -0.87439895 0.04183784
v 0.29476008 -0.88089645 0.04419607
v 0.29768947 -0.88438046 0.03469783
v 0.28395021 -0.87657928 0.03596110
v 0.28790000 -0.88039958 0.02848047
v 0.28543285 -0.89063919 0.03815089
v 0.28274369 -0.88349736 0.03357207
v 0.28456569 -0.88615644 0.02670171
v 0.28747404 -0.89281237 0.03008308
v 0.29479185 -0.89089084 0.03425244
v 0.29203561 -0.88922441 0.04391791
v 0.30206367 -0.88042212 0.05603432
v 0.29986781 -0.87493157 0.05372565
v 0.29790851 -0.87169707 0.06260996
v 0.29906845 -0.87886000 0.06589280
v 0.29276267 -0.87256145 0.05579213
v 0.29463384 -0.87530458 0.04969498
v 0.29239622 -0.88690901 0.05762450
v 0.29168338 -0.87937880 0.05398392
v 0.29198879 -0.88128340 0.04877607
v 0.29368910 -0.88800418 0.05144911
v 0.30060911 -0.88608527 0.05579144
v 0.29700136 -0.88527977 0.06365235
v 0.22115478 -0.88045871 0.01766907
v 0.24114098 -0.88117921 0.02035512
v 0.24006461 -0.90172362 -0.01215409
v 0.21621618 -0.89489126 0.02187658
v 0.24720845 -0.90027714 -0.01124572
v 0.24418303 -0.89922965 0.02547730
v 0.22563513 -0.90213668 0.02580461
v 0.24737111 -0.89092910 0.01499467
v 0.27292868 -0.88659453 -0.00757495
v 0.26500189 -0.88807011 0.02281794
v 0.26353058 -0.89516771 0.03267002
v 0.26826429 -0.88766289 -0.00945707
v 0.25938770 -0.87772119 0.02803204
v 0.27424487 -0.87562943 0.04212400
v 0.28200299 -0.89415228 0.00747183
v 0.28580952 -0.89297998 0.00907031
v 0.27924761 -0.89178240 0.04480949
v 0.28180590 -0.88239455 0.03536906
v 0.29470018 -0.88222122 0.02659995
v 0.29232770 -0.87881899 0.05385033
v 0.28956085 -0.88838482 0.06008309
v 0.29129070 -0.88263476 0.02450715
v 0.28631660 -0.87122822 0.05820688
v 0.29889420 -0.87832320 0.04880120
v 0.29485568 -0.88593662 0.07450660
v 0.29687849 -0.87769127 0.07833424
v 0.29648161 -0.87811649 0.04625029
v 0.29386631 -0.86952615 0.07280661
v 0.17260721 -0.76225054 0.13216744
v 0.17629530 -0.78795302 0.13206916
v 0.18431818 -0.76219356 0.12759981
v 0.19984341 -0.78514206 0.13259882
v 0.18862440 -0.78718078 0.12935616
v 0.18038985 -0.81223619 0.12762991
v 0.20524593 -0.80912435 0.13324220
v 0.19423681 -0.80968904 0.12625599
v 0.21820731 -0.81991971 0.19632101
v 0.22352502 -0.82190061 0.17895761
v 0.20253170 -0.82079208 0.20309858
v 0.18068048 -0.82107234 0.22164196
v 0.19082677 -0.82109737 0.21160141
v 0.18579799 -0.83046067 0.11855812
v 0.17185733 -0.83361089 0.13485652
v 0.20059459 -0.82705534 0.11551818
v 0.21457593 -0.82502282 0.12724991
v 0.21067229 -0.87613809 0.03297340
v 0.20501956 -0.87511337 0.05411759
v 0.21831681 -0.86223578 0.05442090
v 0.22933647 -0.87082481 0.03702119
v 0.23591518 -0.85998201 0.06340232
v 0.24765220 -0.87066925 0.04640697
v 0.25107101 -0.86109459 0.07619926
v 0.26281509 -0.86939442 0.05906976
v 0.26429802 -0.86241269 0.09000218
v 0.27622074 -0.86748111 0.07360442
v 0.27587786 -0.86587632 0.10366523
v 0.28736699 -0.86770952 0.08678100
v 0.28418806 -0.87425208 0.11177394
v 0.29397240 -0.87600672 0.09375472
v 0.20719723 -0.89425349 0.03792143
v 0.20202547 -0.89178717 0.05929906
v 0.21886852 -0.90412188 0.04430248
v 0.21381912 -0.90337443 0.06546074
v 0.23662677 -0.90129673 0.05058446
v 0.22982034 -0.90117514 0.07187279
v 0.28289613 -0.88706326 0.10981506
v 0.29139605 -0.88768303 0.09055904
v 0.25391698 -0.89685798 0.06004696
v 0.24587575 -0.89624083 0.08117022
v 0.26943967 -0.89456403 0.07110694
v 0.26112333 -0.89404261 0.09197710
v 0.28171209 -0.89195442 0.08178544
v 0.27347675 -0.89201450 0.10215512
v 0.20538521 -0.85597205 0.07516098
v 0.22291905 -0.84769464 0.08131242
v 0.02319750 0.54880953 0.01536470
v 0.01985423 0.47628090 0.04941123
v 0.23729901 -0.85009038 0.09501737
v 0.25004908 -0.85470092 0.10982548
v 0.26115426 -0.86274040 0.12372585
v 0.27168474 -0.87135148 0.13238040
v 0.23857373 -0.84269500 0.13554856
v 0.24735779 -0.86085868 0.14739431
v 0.25667763 -0.87175286 0.15317452
v 0.23589364 -0.85946703 0.17157231
v 0.24295700 -0.87169969 0.17490971
v 0.00373487 -0.07162118 0.11253665
v 0.01688302 0.43285510 0.06162873
v 0.21639711 -0.85974860 0.21094412
v 0.00566454 0.01135927 0.11916658
v 0.00508208 0.41790751 -0.13522457
v 0.00392625 0.40099552 -0.13934749
v 0.00260661 0.38293263 -0.14324753
v 0.00129952 0.36563161 -0.14635544
v -0.01458098 0.08586499 -0.14730239
v -0.01482062 0.09952861 -0.14709494
v 0.00327422 0.15980962 0.05892017
v -0.01441148 0.04304448 -0.14516877
v -0.01531485 0.11370733 -0.15489200
v 0.00850003 0.30852225 0.06648688
v 0.00002366 0.34807310 -0.14854553
v -0.01436554 0.02362370 -0.14131945
v 0.01327712 0.36823222 0.07022326
v -0.01549372 0.13486013 -0.15999737
v -0.01436839 -0.07541743 -0.12968177
v -0.01382928 0.20499739 -0.16373973
v -0.00372589 0.54338408 -0.10229082
v -0.01430508 0.54926550 -0.09556440
v -0.01695801 0.54038787 -0.09442285
v -0.00601207 0.53452682 -0.10012759
v -0.04080591 0.56303287 -0.04350064
v -0.03876968 0.57107902 -0.04938716
v -0.03468233 0.57627547 -0.03304870
v -0.03813072 0.56828630 -0.02822995
v -0.02721708 0.57866335 -0.01900997
v -0.03102290 0.57073188 -0.01508323
v -0.01954542 0.57003355 -0.00533973
v -0.01706374 0.57932186 -0.00850239
v -0.00520389 0.57585740 -0.00043443
v -0.00867805 0.56608903 0.00189257
v -0.02544611 0.55539966 -0.08697574
v -0.03460129 0.56167722 -0.07516721
v -0.03398404 0.55070126 -0.07793015
v -0.02540479 0.54698396 -0.08796708
v -0.03875914 0.56805825 -0.06285761
v -0.04050957 0.55783856 -0.06174223
v 0.00737237 0.56560910 0.00602899
v 0.00977886 0.57855105 0.00331333
v -0.01216503 0.51362741 -0.09694612
v 0.00062186 0.50917971 -0.10003924
v 0.00245203 0.51951790 -0.10176092
v -0.00949304 0.52444661 -0.09840611
v -0.04422444 0.51861799 -0.07341984
v -0.05802982 0.52845311 -0.05609902
v -0.06533726 0.51685727 -0.06176054
v -0.05096150 0.50625920 -0.07757834
v -0.06459348 0.48432598 -0.09469345
v -0.08882850 0.49277475 -0.07677002
v -0.08680483 0.47092459 -0.09517153
v -0.06650758 0.46631905 -0.10400023
v -0.08602034 0.45242521 -0.10799040
v -0.06759284 0.44888619 -0.11391124
v -0.08399995 0.40131244 -0.13577385
v -0.06663585 0.39949974 -0.13999349
v -0.06746412 0.41566041 -0.13168389
v -0.08535793 0.41786668 -0.12738712
v -0.10188130 0.30980179 -0.14734611
v -0.08900154 0.31154624 -0.15373501
v -0.09466357 0.32729205 -0.15576714
v -0.10663386 0.32650170 -0.15151332
v -0.15067287 0.41783562 -0.10069329
v -0.15154259 0.43291619 -0.09492873
v -0.16054201 0.42041227 -0.09174874
v -0.15964700 0.40568462 -0.09513897
v -0.10642070 0.53125358 -0.03174446
v -0.09985135 0.51483440 -0.05367085
v -0.08515130 0.52134681 -0.04813050
v -0.09056962 0.53659475 -0.02963774
v -0.14766525 0.34152296 -0.10277216
v -0.14244092 0.33056697 -0.11002460
v -0.13906114 0.33810499 -0.11931877
v -0.14383774 0.34898177 -0.11396495
v -0.13088211 0.22264674 -0.10211462
v -0.11669752 0.21860763 -0.11912899
v -0.11631081 0.24119130 -0.12224093
v -0.12986487 0.24502233 -0.10611625
v -0.16021618 0.27736798 -0.03781665
v -0.16098672 0.27776918 -0.01068762
v -0.15932050 0.26067200 -0.00969524
v -0.15976724 0.25789085 -0.03673425
v -0.11497257 0.40190378 -0.12632048
v -0.10021312 0.40226641 -0.13114659
v -0.10187788 0.41857770 -0.12277284
v -0.11663119 0.41773269 -0.11831899
v -0.22744931 0.28559795 -0.05923621
v -0.21453151 0.27514109 -0.05457430
v -0.20430301 0.29713276 -0.05627961
v -0.21713537 0.30772921 -0.06082705
v -0.15798008 0.15535030 -0.02697178
v -0.15535703 0.16265872 -0.00280704
v -0.15920568 0.14408410 -0.00074911
v -0.16091518 0.13601822 -0.02636599
v -0.19221146 0.45499310 -0.07322923
v -0.20310521 0.47202322 -0.05693441
v -0.21026210 0.45374325 -0.05812743
v -0.19766171 0.43676236 -0.07201007
v -0.14923356 0.39033017 -0.10955274
v -0.15010910 0.40367380 -0.10570033
v -0.15870191 0.39379188 -0.09800392
v -0.15695921 0.38312593 -0.10067393
v -0.16560857 0.30846390 -0.00781058
v -0.16426358 0.30936363 -0.03031085
v -0.16606911 0.32473943 -0.02558410
v -0.16803966 0.32360867 -0.00509421
v -0.16255020 0.29362026 -0.03441429
v -0.16367401 0.29317370 -0.00957210
v -0.13962060 0.39613953 -0.11596423
v -0.12814239 0.39993230 -0.12126999
v -0.12931976 0.41531268 -0.11433469
v -0.13985150 0.41121337 -0.11064421
v -0.09755394 0.29444972 -0.14235090
v -0.08196076 0.29678264 -0.15031086
v -0.15489054 0.12724438 -0.05074542
v -0.14333391 0.11824763 -0.07219369
v -0.14315459 0.13883463 -0.07256396
v -0.15351669 0.14722839 -0.05101613
v -0.09966736 0.25950661 -0.13733339
v -0.09712099 0.27844134 -0.13903823
v -0.11146925 0.27974400 -0.12879576
v -0.11465538 0.26133421 -0.12539591
v -0.12747514 0.11029214 -0.09050432
v -0.10987288 0.10353941 -0.10695206
v -0.11047124 0.12567607 -0.10759747
v -0.12821116 0.13155055 -0.09107673
v -0.08596258 0.43495944 -0.11834620
v -0.06782026 0.43216732 -0.12299992
v -0.12222384 0.31263986 -0.13238935
v -0.11303542 0.31067529 -0.14020397
v -0.11683112 0.32698682 -0.14479478
v -0.12488367 0.32803038 -0.13685410
v -0.16536535 0.39098480 -0.08397567
v -0.16689600 0.40271613 -0.08174534
v -0.16432060 0.38422874 -0.06330381
v -0.16663343 0.37940767 -0.06728221
v -0.16089937 0.12553382 -0.00064617
v -0.16150995 0.11711615 -0.02679215
v -0.12616144 0.08915362 -0.09007524
v -0.10891852 0.08201045 -0.10584238
v -0.16192268 0.36734405 -0.00369889
v -0.15858692 0.36794463 -0.00050211
v -0.16140412 0.36651739 0.01419016
v -0.16563435 0.36590937 0.01185182
v -0.05557799 0.32504806 -0.16151689
v -0.06939715 0.33558527 -0.16129257
v -0.07676407 0.31962672 -0.15915065
v -0.06628615 0.30624750 -0.15697321
v -0.12089240 0.29766348 -0.12494797
v -0.12315711 0.28305623 -0.11781107
v -0.11037588 0.29538897 -0.13385680
v -0.04083629 0.31390765 -0.15784816
v -0.05469944 0.28808579 -0.15404077
v -0.04887930 0.42847404 -0.12779436
v -0.04877206 0.41268626 -0.13561104
v -0.04822755 0.44444743 -0.12004635
v -0.02891385 0.43992117 -0.12530762
v -0.02659071 0.45576349 -0.11799991
v -0.04605983 0.46065196 -0.11204508
v -0.02350435 0.47107765 -0.11142796
v -0.04304843 0.47675601 -0.10504083
v -0.02936279 0.50875211 -0.08679000
v -0.03421366 0.49874118 -0.09052368
v -0.16421145 0.38273093 -0.08623501
v -0.16198222 0.37430081 -0.08843820
v -0.14257690 0.09762335 -0.07219852
v -0.10910885 0.46625784 0.06927137
v -0.10342473 0.44938090 0.07650529
v -0.12418775 0.44966635 0.06959055
v -0.12992609 0.46545091 0.06287012
v -0.12155902 0.52958763 -0.03377381
v -0.11814204 0.51337326 -0.05659439
v -0.16190173 0.38082650 0.05702163
v -0.16600452 0.38324079 0.05259737
v -0.16626142 0.39082339 0.05469445
v -0.16002314 0.38936225 0.05982498
v -0.16838519 0.37766591 0.03824055
v -0.16630067 0.37195221 0.03378041
v -0.17259477 0.36443010 0.03431625
v -0.17569081 0.37021843 0.03891185
v -0.15007843 0.15046862 0.02229981
v -0.14585237 0.16888431 0.01976268
v -0.13239023 0.29484573 0.05318827
v -0.14690818 0.28678319 0.03524939
v -0.15182707 0.30286178 0.03341101
v -0.13963154 0.31086275 0.05044970
v -0.00053966 0.43661818 0.06518652
v -0.00077803 0.42094722 0.06829116
v -0.01931388 0.42654935 0.07446004
v -0.01941837 0.44286171 0.07085927
v -0.06594212 0.47733012 0.07254589
v -0.06805854 0.49275312 0.06510560
v -0.04303295 0.48506793 0.06607297
v -0.04162712 0.46917549 0.07161240
v -0.08568160 0.46446922 0.07549220
v -0.08095943 0.44701764 0.08203453
v -0.16592669 0.32647106 0.01483418
v -0.16304132 0.31189457 0.01308645
v -0.16865727 0.35046551 0.00469281
v -0.16913198 0.35194317 0.02119221
v -0.16886117 0.34464106 0.01968688
v -0.16918682 0.34324154 0.00239348
v -0.08319819 0.54327261 -0.02545076
v -0.07855949 0.54886615 -0.00815360
v -0.09188451 0.54396999 -0.00907744
v -0.03874011 0.53195870 0.03331319
v -0.03889271 0.52597558 0.03956416
v -0.05468363 0.53131747 0.03483884
v -0.04902524 0.53593040 0.02900461
v -0.02803946 0.35508499 0.08152229
v -0.00730311 0.35149637 0.07634598
v -0.00989090 0.33154336 0.07562689
v -0.03256258 0.33369699 0.08096860
v -0.16737488 0.37051198 0.04377045
v -0.16633955 0.36679754 0.04538415
v -0.16813898 0.36121163 0.03565346
v -0.16701359 0.36488870 0.03557931
v -0.16660962 0.34822002 0.03383183
v -0.16775724 0.35570505 0.03462311
v -0.16451122 0.36136767 0.04579361
v -0.16193658 0.35426888 0.04628964
v -0.14734456 0.32541069 0.04744946
v -0.15720403 0.31817761 0.03136310
v -0.16106588 0.33223209 0.03202984
v -0.15293097 0.33956018 0.04644741
v -0.01452473 0.26166508 0.07003319
v -0.03505622 0.26041475 0.07664855
v -0.03444467 0.28547725 0.07847014
v -0.01302096 0.28630760 0.07215497
v -0.16030405 0.36709848 -0.02656461
v -0.16199337 0.37141404 -0.04335171
v -0.16307168 0.35883465 -0.03865619
v -0.16442972 0.35413876 -0.02153699
v -0.20761131 0.37803844 0.04444694
v -0.19929603 0.38494983 0.04664203
v -0.19510868 0.37926903 0.04691637
v -0.20380469 0.37331858 0.04524048
v -0.17195895 0.33327314 -0.00316475
v -0.16931881 0.33823940 -0.01824544
v -0.17639820 0.31965283 -0.01612200
v -0.17810579 0.31500325 -0.00036126
v -0.13385114 0.52966917 -0.00624982
v -0.13544384 0.52885842 -0.03548264
v -0.12088998 0.53435183 -0.00803254
v -0.17591710 0.33093968 0.02252287
v -0.18007697 0.33506456 0.03202867
v -0.17347847 0.34868231 0.02949384
v -0.17118472 0.34600851 0.01931658
v -0.23279215 0.31852952 -0.05598887
v -0.24306086 0.29626331 -0.05505562
v -0.19063869 0.29529026 0.01407177
v -0.19640419 0.29708144 0.02532450
v -0.18434832 0.31338844 0.02454450
v -0.18069601 0.31177393 0.01318355
v -0.12659617 0.27730814 0.05471781
v -0.14219058 0.26979604 0.03685956
v -0.11886832 0.15759921 0.05730495
v -0.13616666 0.15488467 0.04222276
v -0.13150722 0.17403325 0.03914202
v -0.11493315 0.17782488 0.05426976
v -0.15295622 0.13149753 0.02378603
v -0.12277420 0.13779569 0.05894810
v -0.14004982 0.13596311 0.04395649
v -0.05631740 0.55720270 -0.01337486
v -0.04204796 0.55771148 0.00081279
v -0.05335221 0.55228758 0.00477339
v -0.06627753 0.55274749 -0.00633759
v -0.16687641 0.02093548 0.02951118
v -0.16490574 -0.00526112 0.03508520
v -0.17452751 -0.00771928 0.00767992
v -0.17481139 0.01633760 0.00100937
v -0.02173421 0.54222810 0.02133538
v -0.03822605 0.54958367 0.01212361
v -0.02686097 0.55320299 0.00966971
v -0.00820013 0.54651093 0.01648740
v -0.17158046 0.03955159 -0.00152826
v -0.16506259 0.04581004 0.02592900
v -0.07066646 0.54789889 -0.02602336
v -0.05502620 0.55137265 -0.03227570
v -0.06209601 0.53947341 -0.04223166
v -0.05278859 0.54204154 -0.04801257
v -0.04629849 0.53383505 -0.06404475
v -0.18024261 -0.01705727 -0.02107845
v -0.17658885 0.00711036 -0.02526596
v -0.03525976 0.56374478 -0.00814375
v -0.02193056 0.56111979 0.00187211
v -0.00618107 0.55609787 0.00960818
v 0.00984451 0.55446684 0.01263229
v -0.15342817 0.11293480 0.02346747
v -0.15962584 0.10739481 -0.00152614
v -0.11626868 -0.10682675 0.10671692
v -0.08929432 -0.11248165 0.11226492
v -0.08882569 -0.12527618 0.10462736
v -0.12037040 -0.12162888 0.09916833
v -0.02403548 -0.10406080 0.10722685
v -0.02284869 -0.11755738 0.09424266
v -0.05578312 -0.12374887 0.10213646
v -0.05768789 -0.11137524 0.11281922
v -0.05451194 0.01417446 0.12352052
v -0.05434298 0.03617671 0.11440715
v -0.02676287 0.03556240 0.11359754
v -0.02589838 0.01268062 0.12169018
v -0.12534678 0.11785597 0.06007854
v -0.14241512 0.11677915 0.04444118
v -0.15886886 0.09924886 -0.02728175
v -0.19415025 -0.13821980 0.01986699
v -0.19550902 -0.17325321 0.02573316
v -0.19870420 -0.18620256 -0.01077312
v -0.19603653 -0.15056756 -0.01804985
v -0.15583909 -0.16500917 0.08091202
v -0.15436879 -0.13614747 0.07923834
v -0.12174283 -0.14118257 0.09424658
v -0.12363043 -0.16576818 0.09270839
v -0.09144203 0.07566547 -0.12165760
v -0.10706951 0.06281915 -0.10330971
v -0.08906383 0.05590701 -0.11761457
v -0.03631550 0.06431967 -0.14800064
v -0.05642091 0.06665498 -0.14334302
v -0.05234697 0.04703385 -0.13788886
v -0.03355356 0.04449865 -0.14274043
v -0.03889964 -0.07140791 -0.12488319
v -0.02597279 -0.07313785 -0.12834379
v -0.02756489 -0.04731119 -0.12778978
v -0.04277556 -0.04420409 -0.12411174
v -0.17004238 -0.00350076 -0.05047533
v -0.15414861 -0.01467523 -0.07166269
v -0.14954613 0.00640199 -0.07108440
v -0.16480657 0.01747900 -0.05138173
v -0.02275446 -0.12985900 0.07832012
v -0.05359771 -0.13624904 0.08946472
v -0.18870495 -0.19906667 -0.04468092
v -0.18452361 -0.16388950 -0.05282508
v -0.16687568 -0.21011296 -0.07012405
v -0.13607591 -0.21467522 -0.08200970
v -0.13339241 -0.18444702 -0.08838186
v -0.16288471 -0.17664692 -0.07706986
v -0.04460679 -0.14975443 -0.09350033
v -0.02870061 -0.16260216 -0.06743991
v -0.02393144 -0.15981546 -0.07730351
v -0.03825509 -0.13995090 -0.10589951
v -0.02503093 -0.09070390 0.11603537
v -0.05655418 -0.09583178 0.12208992
v -0.05506393 -0.07811001 0.12789609
v -0.02484849 -0.07462651 0.12240298
v -0.10349657 0.13770983 0.06894700
v -0.10551634 0.11707872 0.07083969
v -0.08301585 0.13714248 0.07454553
v -0.10085168 0.15987426 0.06670220
v -0.08060647 0.16025913 0.07170710
v -0.08412477 0.29677835 0.07523800
v -0.10701521 0.28650305 0.06748088
v -0.11324928 0.30446842 0.06704764
v -0.09068632 0.31656805 0.07621776
v -0.03897122 0.43408975 0.08081499
v -0.03979148 0.45140663 0.07676570
v -0.08677556 -0.16396371 0.09384109
v -0.04777845 -0.15498015 0.07943848
v -0.06137025 -0.19259068 0.08474639
v -0.09477473 -0.19347182 0.09609134
v -0.18082269 -0.19875953 0.06193211
v -0.18105114 -0.16566804 0.05745054
v -0.15737069 -0.19556490 0.08396351
v -0.19552839 -0.20748612 0.03073800
v -0.19987652 -0.22002438 -0.00414617
v -0.16788682 -0.24242130 -0.06333016
v -0.13596269 -0.24524024 -0.07434096
v -0.05054356 -0.21282133 -0.04917436
v -0.07279029 -0.21411851 -0.06528193
v -0.07529248 -0.24041018 -0.05551003
v -0.05221798 -0.23515770 -0.03704169
v -0.07703999 -0.07156050 -0.11259109
v -0.10763939 -0.04669714 -0.10022998
v -0.11329919 -0.07375160 -0.09950121
v -0.08773461 -0.09876439 -0.10787262
v -0.04267561 0.08613229 -0.15132925
v -0.05936617 0.08922040 -0.14744858
v -0.07420169 0.07054347 -0.13505776
v -0.07586855 0.09309867 -0.13849032
v -0.09268877 0.09788594 -0.12397321
v -0.06030775 0.18552497 -0.15728635
v -0.08128260 0.18799028 -0.14698613
v -0.07865953 0.16352507 -0.14478329
v -0.05866175 0.16089854 -0.15522091
v -0.06142860 0.21105364 -0.15808371
v -0.08282954 0.21340063 -0.14849447
v -0.05838384 0.26101562 -0.15468766
v -0.07883937 0.27980468 -0.14783885
v -0.08040354 0.25960317 -0.14682743
v -0.02980515 0.42423460 -0.13194390
v -0.03011225 0.40858558 -0.13841081
v -0.17458546 -0.02655461 -0.04805965
v -0.02393617 -0.17027780 0.05228943
v -0.01803128 -0.18598124 0.02387420
v -0.02569453 -0.21010849 0.03636466
v -0.03642006 -0.19935575 0.06333059
v -0.17217875 0.02909309 -0.02760392
v -0.15515971 0.10735255 -0.05093402
v -0.15142044 0.08955210 -0.05079536
v -0.15341094 0.25589499 -0.06446993
v -0.15181044 0.28022555 -0.06995730
v -0.08335777 0.34174678 -0.15855573
v -0.08526593 0.32979277 -0.15857448
v -0.18040621 -0.13216469 0.05405604
v -0.16483659 -0.30147484 -0.04671631
v -0.13303337 -0.30472872 -0.05559412
v -0.13498609 -0.27599201 -0.06541462
v -0.16797689 -0.27199498 -0.05508332
v -0.04264255 -0.25483242 -0.00232455
v -0.05622651 -0.26055375 -0.02379685
v -0.06170681 -0.28637508 -0.01048586
v -0.05133191 -0.28132644 0.01196873
v -0.05996951 -0.30876401 0.02236009
v -0.06705557 -0.31504503 0.00026237
v -0.07089433 -0.34300968 0.01177064
v -0.06552123 -0.33503452 0.03336915
v -0.19115850 -0.23392031 -0.03746553
v -0.19858232 -0.28285709 0.00521422
v -0.18874876 -0.29409102 -0.02442279
v -0.19088072 -0.26525679 -0.03106624
v -0.20055667 -0.25314048 0.00081429
v -0.12823984 -0.19478938 0.09553537
v -0.03637484 -0.22961035 -0.01573324
v -0.03311100 -0.20896861 -0.02848231
v -0.05106188 -0.26890525 0.05859721
v -0.06347807 -0.26241753 0.08078066
v -0.04977172 -0.23228970 0.07297039
v -0.03756770 -0.23974535 0.04790096
v -0.16356990 -0.25383911 0.08781169
v -0.18265605 -0.25948319 0.06544153
v -0.18193564 -0.23007479 0.06363025
v -0.16047573 -0.22514853 0.08594838
v -0.19421265 -0.27026460 0.03599750
v -0.19611125 -0.24008474 0.03326239
v -0.19436115 -0.34002963 0.01371811
v -0.18198328 -0.35027263 -0.01210752
v -0.18564780 -0.32246199 -0.01816515
v -0.19646657 -0.31133720 0.00960098
v -0.19141448 -0.32722417 0.04295683
v -0.19253401 -0.29883483 0.03935473
v -0.18347093 -0.28752241 0.06773935
v -0.18474004 -0.31588921 0.06941868
v -0.16833329 -0.30920020 0.08781688
v -0.16673589 -0.28143707 0.08778791
v -0.14365402 -0.27959922 0.10109650
v -0.14778474 -0.30641243 0.10051525
v -0.11909908 -0.28046367 0.10479887
v -0.09532512 -0.28382567 0.09865628
v -0.10493378 -0.31001386 0.09957135
v -0.12584014 -0.30697903 0.10459957
v -0.07251000 -0.32193294 0.07345295
v -0.08564198 -0.31534049 0.08960305
v -0.07508086 -0.28960356 0.08569208
v -0.06274444 -0.29622635 0.06627885
v -0.10917077 -0.42357084 0.10254933
v -0.12406428 -0.41722503 0.10771501
v -0.11387127 -0.39126554 0.10175180
v -0.09758072 -0.39749929 0.09562549
v -0.13922793 -0.41205356 0.11388555
v -0.15593910 -0.40930507 0.11444977
v -0.14656325 -0.38421121 0.10818765
v -0.13001667 -0.38680241 0.10664949
v -0.17895970 -0.38892964 0.09004396
v -0.16254467 -0.38450679 0.10315488
v -0.17213757 -0.40963110 0.10887700
v -0.18725950 -0.41421458 0.09566790
v -0.20241809 -0.42102602 0.07891136
v -0.19634137 -0.39511958 0.07525747
v -0.20140895 -0.43115827 0.05759789
v -0.19949780 -0.40450731 0.05497390
v -0.18884903 -0.41805574 0.02837453
v -0.19428849 -0.44315186 0.03150154
v -0.09075204 -0.44628641 0.06160628
v -0.08867420 -0.43730780 0.07911853
v -0.07954355 -0.41375282 0.06789525
v -0.08287520 -0.42095485 0.05094476
v -0.11242732 -0.43164858 0.01618069
v -0.13010581 -0.43545291 -0.00744952
v -0.13359724 -0.46015528 0.00673576
v -0.11768419 -0.45595589 0.02960615
v -0.19196829 -0.35374632 0.04667866
v -0.19169945 -0.36683771 0.01868543
v -0.16980726 -0.33646402 0.08737667
v -0.18655905 -0.34320465 0.07065615
v -0.08078335 -0.34689286 0.08084664
v -0.09512669 -0.34041426 0.09365040
v -0.07522262 -0.37082019 0.02388136
v -0.07036645 -0.36238202 0.04407348
v -0.15695593 -0.38352212 -0.02356132
v -0.17844614 -0.37691978 -0.00702465
v -0.17883222 -0.40316609 -0.00243591
v -0.15723805 -0.40958408 -0.01885079
v -0.19557227 -0.37896785 0.05140304
v -0.19031654 -0.36930147 0.07277705
v -0.17301215 -0.36307725 0.08777685
v -0.15648037 -0.35894576 0.10048425
v -0.13893181 -0.35891607 0.10459664
v -0.12237096 -0.36141744 0.10256483
v -0.10491327 -0.36567274 0.09771192
v -0.08901517 -0.37182024 0.08754280
v -0.07451620 -0.38816538 0.05584078
v -0.07942407 -0.39665380 0.03773645
v -0.15676954 -0.43463978 -0.01321870
v -0.18119648 -0.42802718 0.00135827
v -0.18461584 -0.45137295 0.00944521
v -0.15849072 -0.45795217 -0.00133847
v -0.16182227 -0.47752014 0.01360562
v -0.14109400 -0.47807828 0.02276184
v -0.14805210 -0.43781558 0.12216976
v -0.16573668 -0.43518463 0.12168355
v -0.18274021 -0.43489018 0.11525711
v -0.20691609 -0.44534513 0.08468834
v -0.20570740 -0.45796862 0.05901546
v -0.19707096 -0.46904966 0.03624200
v -0.18447456 -0.47305021 0.01901687
v -0.11410353 -0.49033007 0.09648159
v -0.10334884 -0.46414652 0.08723907
v -0.10467198 -0.47167662 0.07061680
v -0.11612075 -0.49693146 0.07946011
v -0.12799788 -0.47695288 0.12200379
v -0.14094841 -0.46972701 0.13200998
v -0.13351656 -0.44321075 0.11697027
v -0.12096126 -0.44994923 0.10822535
v -0.15974037 -0.46278712 0.13590133
v -0.17690337 -0.46071807 0.13335450
v -0.19438779 -0.46029046 0.12596898
v -0.19789413 -0.43811813 0.10328829
v -0.20900008 -0.46375796 0.11168522
v -0.21564142 -0.47296640 0.08908843
v -0.21366003 -0.48620448 0.05844310
v -0.20398472 -0.52644467 0.04549734
v -0.19602014 -0.49879864 0.03814213
v -0.22245985 -0.51377988 0.06362054
v -0.19607213 -0.62464666 0.06951308
v -0.21969488 -0.61891019 0.07051909
v -0.22178179 -0.65287018 0.08213346
v -0.20074469 -0.65833926 0.08126977
v -0.12247343 -0.52408195 0.08860934
v -0.11996016 -0.51819539 0.10743514
v -0.13325092 -0.50480330 0.13611686
v -0.14871863 -0.49715278 0.14598018
v -0.23613517 -0.52993941 0.10196939
v -0.22667825 -0.50069726 0.09382510
v -0.22043943 -0.49163082 0.11937019
v -0.22969095 -0.52153349 0.12823980
v -0.13759986 -0.61874640 0.11310025
v -0.13487327 -0.61385143 0.13291489
v -0.12615386 -0.58166862 0.12636246
v -0.12887818 -0.58727062 0.10439216
v -0.13714442 -0.53641987 0.14756714
v -0.14206585 -0.56889296 0.15732649
v -0.15948135 -0.56112242 0.16658971
v -0.15250951 -0.52811229 0.15788467
v -0.24467671 -0.59813762 0.11714990
v -0.24240288 -0.56270456 0.10968331
v -0.23667240 -0.55473197 0.13576563
v -0.23952779 -0.59143043 0.14136952
v -0.23044547 -0.54243684 0.07249467
v -0.23518401 -0.57397258 0.08121698
v -0.21697941 -0.58597946 0.06122816
v -0.21032846 -0.55492365 0.05181598
v -0.19087991 -0.59202993 0.05907083
v -0.18333982 -0.56113720 0.05111902
v -0.16244416 -0.68435574 0.14230804
v -0.14923725 -0.64842701 0.13721670
v -0.15100084 -0.65339971 0.11976270
v -0.16392979 -0.68997645 0.12716034
v -0.16853926 -0.59593749 0.17078349
v -0.15069100 -0.60321581 0.16193108
v -0.16322874 -0.63869464 0.16278586
v -0.17766753 -0.63354337 0.17086589
v -0.24626859 -0.67604363 0.13091861
v -0.24554476 -0.63616669 0.12407961
v -0.24065250 -0.63077688 0.14628533
v -0.24086063 -0.67091417 0.15125646
v -0.22473788 -0.68978202 0.09490442
v -0.24012372 -0.64418817 0.09821685
v -0.24143952 -0.68295491 0.10924703
v -0.22826417 -0.72591412 0.10444525
v -0.21240535 -0.73001409 0.10246241
v -0.20575772 -0.69441164 0.09329431
v -0.17665642 -0.72375941 0.13349855
v -0.17347597 -0.71901262 0.14765558
v -0.19053619 -0.70794249 0.17461959
v -0.18530807 -0.67127907 0.17206827
v -0.17277759 -0.67588282 0.16396336
v -0.17955217 -0.71254981 0.16656810
v -0.21806820 -0.66801357 0.17247306
v -0.20120871 -0.66852653 0.17503497
v -0.20557371 -0.70524740 0.17744522
v -0.22120431 -0.70536804 0.17471109
v -0.24044612 -0.70803726 0.15511291
v -0.23151341 -0.66853654 0.16464132
v -0.23216265 -0.70601439 0.16723379
v -0.24600846 -0.71253657 0.13628654
v -0.24250937 -0.72000253 0.11653893
v -0.01083728 -0.15012756 0.02378466
v -0.01402922 -0.16619369 -0.00483717
v -0.01540853 -0.17190656 0.00890500
v -0.01687378 -0.15317085 0.03703725
v -0.07792623 -0.26740631 -0.04513527
v -0.08061935 -0.29570183 -0.03305538
v -0.08493215 -0.35192832 -0.00967351
v -0.08224309 -0.32378528 -0.02143547
v -0.08710118 -0.37727603 0.00475907
v -0.09059931 -0.40286550 0.01996964
v -0.09389222 -0.42708609 0.03501571
v -0.10132937 -0.45226684 0.04665161
v -0.11392626 -0.47744736 0.05472956
v -0.12575318 -0.50248146 0.06176980
v -0.13743165 -0.55781567 0.07858902
v -0.12508491 -0.55485392 0.09629762
v -0.13413055 -0.52805769 0.07123858
v -0.15067202 -0.62263417 0.09293124
v -0.14227737 -0.58955860 0.08519390
v -0.16149032 -0.65789306 0.10208985
v -0.17333478 -0.69440019 0.11252695
v -0.18581870 -0.72802317 0.11973330
v -0.10025628 -0.16395637 -0.09118991
v -0.07292672 -0.17204097 -0.08215167
v -0.07230814 -0.15606847 -0.08983170
v -0.09786682 -0.14236036 -0.09643431
v -0.02003572 -0.16326663 -0.04795843
v -0.01393353 -0.15878364 -0.03150103
v -0.01341443 -0.15842149 -0.03714741
v -0.01731359 -0.16261581 -0.05472592
v -0.18940130 -0.39149496 0.02388315
v -0.15225807 -0.33284739 0.09973249
v -0.13294093 -0.33309177 0.10381828
v -0.11370534 -0.33573619 0.10031869
v -0.10694653 -0.38462052 -0.01562724
v -0.12958455 -0.38614461 -0.02672883
v -0.12866184 -0.41090688 -0.01730794
v -0.10758488 -0.41076538 -0.00297242
v -0.17689908 -0.53550458 0.04458890
v -0.15947062 -0.56024456 0.06453454
v -0.15356219 -0.53286493 0.05564777
v -0.17252746 -0.51288342 0.03549277
v -0.18835810 -0.48744848 0.14639828
v -0.20633098 -0.48719737 0.13711545
v -0.19674522 -0.51710749 0.15875009
v -0.16714856 -0.49210277 0.14880580
v -0.17485824 -0.52145946 0.16199018
v -0.10408873 -0.33085313 -0.03847023
v -0.13115242 -0.33249864 -0.04517357
v -0.12999962 -0.35918114 -0.03463408
v -0.10405897 -0.35726890 -0.02631655
v -0.12847885 0.19213584 0.03681900
v -0.11279961 0.19695362 0.05167687
v -0.13873607 0.31034699 -0.10635488
v -0.14410064 0.29716465 -0.09161469
v -0.13445807 0.28860989 -0.10492367
v -0.13032901 0.30245367 -0.11556435
v -0.14516115 0.32078204 -0.09809600
v -0.15043341 0.30878988 -0.08191036
v -0.15004003 0.33243516 -0.09006609
v -0.15470953 0.32182387 -0.07387528
v -0.16151908 0.37110302 -0.04824262
v -0.15727121 0.37543103 -0.04342459
v -0.06090625 0.23659006 -0.15744531
v -0.03721296 0.23299757 -0.16172884
v -0.03508804 0.25701347 -0.15923010
v -0.07073873 0.05057728 -0.12976427
v -0.05606515 -0.07165229 -0.12066503
v -0.06165241 -0.04057914 -0.11994310
v -0.08190325 -0.03389552 -0.11179729
v -0.02054847 -0.14462051 -0.10325368
v -0.05751588 0.28207412 0.07827961
v -0.05696058 0.25700554 0.07722864
v -0.02061187 0.45970491 0.06656626
v -0.00015350 0.45186803 0.06147100
v -0.02105265 0.48910901 0.05674199
v -0.02033510 0.50149000 0.05133638
v 0.00156929 0.49331215 0.04795847
v 0.00082214 0.48065463 0.05275080
v 0.00106175 0.53892410 0.02272016
v 0.00626898 0.54622746 0.01757246
v -0.01476489 -0.16089496 -0.02608907
v -0.00900753 -0.15042695 -0.00320854
v -0.00933914 -0.15120599 -0.01316071
v -0.05009600 -0.19364533 -0.05969749
v -0.03260546 -0.19283620 -0.04057949
v -0.03315359 -0.18096736 -0.05039547
v -0.05073863 -0.17849782 -0.06837707
v -0.19161180 -0.11583263 -0.02642080
v -0.19080615 -0.10332346 0.01119971
v -0.08776665 -0.14164034 0.09678474
v -0.21956387 0.25898328 0.02301716
v -0.22979732 0.26437423 0.02945910
v -0.21733846 0.28344563 0.03229885
v -0.20811313 0.27857283 0.02482561
v -0.05172779 0.35900137 0.08506317
v -0.06346585 0.33324966 0.08150798
v -0.07558966 0.53196764 -0.04298588
v -0.16181387 0.52067196 -0.04063897
v -0.15765423 0.50664592 -0.06613802
v -0.14652298 0.51066613 -0.06266431
v -0.14875823 0.52564883 -0.03772019
v -0.15035738 0.47994819 0.04637684
v -0.15398261 0.49540314 0.03188797
v -0.13938656 0.49901113 0.03872638
v -0.13494036 0.48198119 0.05282058
v -0.02551043 -0.00979722 0.12702368
v -0.05347390 -0.00926501 0.13029939
v -0.03641018 0.18552056 0.07171448
v -0.05713113 0.18391231 0.07293648
v -0.05584186 0.20774201 0.07411465
v -0.03540143 0.21019676 0.07273383
v -0.08616876 0.34789136 0.08279726
v -0.10451176 0.33252403 0.07502002
v -0.03198729 0.35876039 -0.15536062
v -0.04917744 0.36382267 -0.15590933
v -0.05059783 0.34636924 -0.16046076
v -0.03472458 0.33834109 -0.15887123
v -0.22543433 0.32773522 0.03992682
v -0.20729172 0.33977702 0.04337782
v -0.19810723 0.32696417 0.03997925
v -0.21264093 0.31108430 0.03969225
v -0.17517281 -0.09467378 0.05166922
v -0.14951672 -0.11083376 0.08306439
v -0.14709803 0.22645721 0.01710801
v -0.13342589 0.23232356 0.03829796
v -0.12989384 0.21152684 0.03742493
v -0.14429127 0.20573810 0.01738585
v -0.15620439 0.28139427 0.01360195
v -0.15373918 0.26462296 0.01466453
v -0.15997355 0.29709223 0.01318627
v -0.16776107 0.36793932 0.02458556
v -0.16342792 0.36792091 0.02605687
v -0.16963747 0.37272689 0.03335574
v -0.07304140 -0.19181815 -0.07496529
v -0.06570859 -0.12654552 -0.10813278
v -0.05835010 -0.11062521 -0.11618395
v -0.00933831 -0.15043011 -0.01941133
v -0.04485918 0.54845428 -0.05396820
v -0.03976378 0.54267859 -0.07049635
v -0.16947672 0.34658858 0.00712080
v -0.17355438 0.33045599 0.01068931
v -0.16126944 0.36169758 -0.00671281
v -0.16421351 0.35967287 0.01027260
v -0.16717075 0.35559228 0.00716829
v -0.16417295 0.35763922 -0.01073229
v -0.16595981 0.36108515 0.02441996
v -0.16811231 0.35728934 0.02289144
v -0.12914504 0.43109062 -0.10693291
v -0.13044710 0.44660982 -0.09795509
v -0.14147116 0.44143036 -0.09633856
v -0.14020669 0.42563984 -0.10405912
v -0.11699723 0.43434688 -0.10973778
v -0.10253154 0.43555167 -0.11364664
v -0.10299491 0.45299998 -0.10288884
v -0.11782199 0.45103315 -0.09974712
v -0.05914953 0.49803105 -0.08648393
v -0.07551412 0.50810206 -0.06841739
v -0.03926264 0.48951295 -0.09811269
v -0.02097537 0.48328415 -0.10535276
v -0.00478392 0.53010869 0.03023962
v 0.00214732 0.51527822 0.03764768
v -0.01853438 0.52175498 0.03884804
v -0.02582610 0.53374124 0.03041853
v -0.03500314 0.52999091 -0.07913585
v -0.02473481 0.52021909 -0.08844317
v -0.01471660 0.50291300 -0.09624313
v -0.24591108 0.32550034 -0.04478873
v -0.25511372 0.30443147 -0.04492760
v -0.04434364 0.56198096 -0.02215502
v -0.04674672 0.55575752 -0.03796109
v -0.25726044 0.33122137 -0.03066578
v -0.26584142 0.30906144 -0.03092316
v -0.13352139 0.51228166 -0.05937873
v -0.14080703 0.48889419 -0.07841685
v -0.12729535 0.49024907 -0.07586896
v -0.02966259 0.53933668 -0.08406155
v -0.02090609 0.53074825 -0.09174424
v -0.18637791 -0.07011682 -0.00174671
v -0.18410242 -0.08320749 -0.03465714
v -0.15261573 0.16722524 -0.05264110
v -0.15616712 0.17437211 -0.02908422
v -0.03796324 0.18305883 -0.16231313
v -0.03711592 0.15864769 -0.16067414
v 0.00445388 0.52977693 -0.10475078
v -0.05803362 0.11278990 -0.14969666
v -0.03654818 0.10873020 -0.15417141
v -0.03641244 0.13447821 -0.15744950
v -0.05749638 0.13679007 -0.15221786
v -0.02700800 0.07261544 -0.14984930
v -0.02862735 0.08459651 -0.15063685
v -0.02428591 -0.09487829 -0.12772840
v -0.03483903 -0.09406245 -0.12520514
v -0.19031614 0.38446292 -0.07004532
v -0.20357640 0.39920583 -0.06691626
v -0.20893358 0.37977532 -0.06335650
v -0.19484882 0.36702481 -0.06729370
v -0.07584016 0.11678293 -0.14002022
v -0.09328473 0.12098911 -0.12457734
v -0.16371033 0.36515841 -0.05145989
v -0.16552845 0.37272909 -0.07001510
v -0.03141457 0.28167656 -0.15545496
v -0.06743303 0.35164282 -0.15890662
v -0.06640749 0.36756137 -0.15407899
v -0.08229991 0.37039086 -0.15037715
v -0.08262528 0.35568193 -0.15544794
v -0.00855834 -0.14740154 -0.00994621
v -0.21433619 0.40881678 0.03702452
v -0.22272861 0.39859894 0.03226681
v -0.22600864 0.40623310 0.02546104
v -0.21816491 0.41738722 0.03007799
v -0.02101910 -0.18628314 -0.01772409
v -0.02279384 -0.20021835 -0.00458613
v -0.02099711 -0.13819918 0.05983705
v -0.00820376 -0.13722309 0.04338804
v -0.10444448 -0.24477217 -0.07054533
v -0.10344033 -0.21566752 -0.07896513
v -0.10304005 -0.27318791 -0.06023831
v -0.10377309 -0.30214551 -0.04966747
v -0.12773852 -0.47888908 0.03999530
v -0.14507115 -0.50540483 0.04413028
v -0.16591942 -0.59148777 0.07259841
v -0.17334718 -0.62392509 0.08117741
v -0.18040973 -0.65910077 0.09137012
v -0.18961236 -0.69489682 0.10141346
v -0.19838008 -0.73054039 0.10867557
v -0.27160195 0.30816397 -0.01438911
v -0.26469558 0.33325008 -0.01231184
v -0.26271808 0.32723567 0.00559039
v -0.27227315 0.30370823 0.00161890
v -0.18743278 0.29642460 0.00078915
v -0.18584439 0.30023733 -0.01456490
v -0.19483177 0.28100321 -0.01364981
v -0.19712979 0.27867714 0.00115066
v -0.20656936 0.25879672 0.00181916
v -0.21195930 0.25799242 0.01399417
v -0.20128271 0.27754095 0.01407008
v -0.24105586 0.27263179 0.03236993
v -0.25172046 0.28162566 0.03098017
v -0.24000901 0.30325034 0.03473328
v -0.22737668 0.29171285 0.03605166
v -0.26781291 0.29754093 0.01576185
v -0.25667489 0.31914058 0.01964040
v -0.24869120 0.31128582 0.02930433
v -0.26030895 0.28987399 0.02580679
v -0.20569611 0.26713911 -0.04310209
v -0.20246314 0.26247862 -0.02836547
v -0.19395617 0.28450420 -0.02939412
v -0.19663468 0.28929618 -0.04464928
v -0.21934511 0.41418400 -0.05646535
v -0.22371149 0.39189342 -0.05289831
v -0.15958023 0.38957515 -0.05539072
v -0.16400340 0.39808348 -0.07137158
v -0.16351756 0.38881311 -0.06589131
v -0.15555736 0.38397655 -0.04828519
v -0.22262722 0.34011957 -0.05743664
v -0.21483964 0.36087659 -0.06021060
v -0.22852997 0.36937752 -0.04892696
v -0.23595564 0.34724763 -0.04604638
v -0.18765771 0.31080350 -0.04590919
v -0.18541451 0.30523941 -0.03066919
v -0.17607868 0.32484010 -0.03258347
v -0.17861354 0.33021143 -0.04818120
v -0.20394954 0.30143860 0.03380457
v -0.19064371 0.31870869 0.03335797
v -0.17731355 0.37081274 -0.06680845
v -0.18133155 0.35467532 -0.06311784
v -0.16268912 0.36485019 -0.07284658
v -0.16728140 0.34539828 -0.01736138
v -0.16642104 0.35216597 -0.01399849
v -0.12979327 0.31604931 -0.12478466
v -0.13119154 0.32894126 -0.12910376
v -0.16036069 0.31382778 -0.05330681
v -0.16242442 0.32848671 -0.04664047
v -0.13646398 0.32155612 -0.11736301
v -0.13559273 0.32965228 -0.12273909
v -0.10079797 0.23892018 -0.13623056
v -0.01758577 0.49342611 -0.09962831
v -0.20018734 0.34899941 -0.06460319
v -0.18682197 0.33858046 -0.05998468
v -0.18265055 0.36062983 0.04185745
v -0.17754120 0.35439840 0.03697111
v -0.18642016 0.34202078 0.03894803
v -0.19384879 0.35050657 0.04327037
v -0.12020670 0.37149134 0.07741107
v -0.10431069 0.35930738 0.08063607
v -0.11861931 0.34582391 0.07186046
v -0.13116699 0.35974655 0.06896055
v -0.23249750 0.41296014 0.00886859
v -0.23557392 0.41138664 -0.00276353
v -0.22894569 0.43017033 -0.00178143
v -0.22571613 0.42772391 0.01143749
v -0.23761241 0.40675256 -0.01814978
v -0.23486426 0.40037766 -0.03624657
v -0.23005047 0.42444876 -0.03890252
v -0.23139566 0.42975417 -0.01859255
v -0.16440204 -0.03132147 0.04339911
v -0.17566070 -0.03510672 0.01538612
v -0.13948141 0.07940307 -0.07063270
v -0.12408996 0.07061619 -0.08779107
v -0.10498182 -0.02034879 -0.10086030
v -0.04798034 -0.15802255 -0.08431311
v -0.03076399 -0.16666886 -0.06181562
v -0.02757568 -0.22109696 0.00914994
v -0.18239985 -0.04149604 -0.01288827
v -0.03674185 -0.24772653 0.02195261
v -0.04792191 -0.27533439 0.03453785
v -0.08507271 -0.25672010 0.09658609
v -0.11171926 -0.25328484 0.10387534
v -0.10363944 -0.22465774 0.10095234
v -0.07369964 -0.22681841 0.09207433
v -0.13905650 -0.25221309 0.10088558
v -0.13393898 -0.22414741 0.09879290
v -0.15881595 -0.35644087 -0.02943359
v -0.18071684 -0.55488169 0.17071991
v -0.20838189 -0.58858359 0.17026052
v -0.20285153 -0.55063045 0.16723330
v -0.18835193 -0.59111464 0.17374596
v -0.22216146 -0.55090809 0.15498208
v -0.21526611 -0.51737225 0.14746428
v -0.23848386 -0.60810483 0.08902366
v -0.19541469 -0.62972426 0.17407753
v -0.21361041 -0.62808490 0.17078209
v -0.22983837 -0.62821591 0.16128697
v -0.22671875 -0.58831322 0.15876332
v -0.02107980 -0.17736748 -0.02883186
v -0.17925166 -0.13046172 -0.06033126
v -0.17067330 -0.09958681 -0.06582382
v -0.11923949 -0.10118008 -0.09783730
v -0.09398171 -0.12131634 -0.10232757
v -0.11190706 0.14750931 -0.10915199
v -0.12921740 0.15262797 -0.09275876
v -0.13096201 0.19887522 -0.09859590
v -0.14406592 0.20456842 -0.07979146
v -0.14378157 0.18142226 -0.07662141
v -0.13055973 0.17493775 -0.09539815
v -0.15755597 0.21570608 -0.03336043
v -0.15525080 0.22097757 -0.00729991
v -0.15342051 0.20025167 -0.00626136
v -0.15607178 0.19451323 -0.03133069
v -0.15303972 0.18161783 -0.00455288
v -0.14380836 0.18746188 0.01787175
v -0.07679305 0.22790113 0.07184435
v -0.09581707 0.22319087 0.06379701
v -0.09799791 0.24585262 0.06548071
v -0.07817260 0.25196609 0.07305016
v -0.04658489 -0.09902933 -0.12173747
v -0.02123466 -0.16639313 -0.04367031
v -0.10197629 -0.18792161 -0.08602408
v -0.12920706 -0.15495786 -0.09299729
v -0.15740824 -0.14419010 -0.08257529
v -0.16756907 0.34968874 -0.00661259
v -0.15660799 0.37676921 0.06088977
v -0.15331715 0.38682219 0.06514315
v -0.24462961 0.38507691 -0.01528414
v -0.24045433 0.37815335 -0.03302303
v -0.17167430 0.34739372 -0.05214787
v -0.20036040 0.41792354 -0.07000346
v -0.18718410 0.40120170 -0.07357355
v -0.18433613 0.41773614 -0.07775068
v -0.13200574 -0.02939099 -0.08706959
v -0.15940350 -0.03989121 -0.07160541
v -0.13847819 -0.05519757 -0.08820871
v -0.00621442 -0.13871011 0.02830250
v -0.06967273 -0.14140406 -0.09828372
v -0.05764152 -0.30263868 0.04457842
v -0.06549952 -0.32898638 0.05418642
v -0.07201779 -0.35436693 0.06367226
v -0.07799575 -0.37968639 0.07341711
v -0.08498668 -0.40517303 0.08389403
v -0.09610733 -0.43040422 0.09320647
v -0.10883293 -0.45541498 0.09956013
v -0.11845668 -0.48368719 0.11013821
v -0.12213406 -0.54949462 0.11732683
v -0.12636420 -0.54341376 0.13405541
v -0.12310988 -0.51231301 0.12289113
v -0.13120979 -0.57530022 0.14373238
v -0.13928930 -0.60891986 0.14874247
v -0.15381008 -0.64360368 0.15129769
v -0.17476887 -0.71586442 0.15808550
v -0.16584191 -0.67984748 0.15420908
v -0.00689940 -0.14179352 0.00316702
v -0.00637005 -0.14007106 0.01507555
v -0.11025199 0.49056271 -0.07332513
v -0.16102950 0.36369470 -0.02909839
v -0.15780927 0.36747888 -0.02448553
v -0.16700268 0.36243239 -0.05624520
v -0.24557021 0.33934322 0.02345829
v -0.25343323 0.34896651 0.01041481
v -0.16780695 0.34312639 -0.03525551
v -0.15198942 0.37881699 -0.03170718
v -0.15691328 0.38053063 -0.03860431
v -0.33258414 0.11671767 -0.05977135
v -0.34096313 0.12058932 -0.04830365
v -0.34360492 0.09921432 -0.05258528
v -0.33459952 0.09556070 -0.06251580
v -0.31999773 0.11163124 -0.06563464
v -0.32262984 0.09109810 -0.06687070
v -0.27668458 0.08549169 -0.02369957
v -0.27851328 0.08995542 -0.03829206
v -0.28681055 0.07061389 -0.03875357
v -0.28580672 0.06667808 -0.02453956
v -0.31440592 0.06576785 -0.06725989
v -0.30494645 0.06107441 -0.06092768
v -0.29964927 0.08050486 -0.06051732
v -0.31056392 0.08543977 -0.06625830
v -0.29063007 0.08750835 0.00373412
v -0.30249369 0.09374049 0.01033740
v -0.29200390 0.11102077 0.01387537
v -0.28035778 0.10506427 0.00564140
v -0.24784079 0.16764346 -0.02710198
v -0.24458624 0.16011015 -0.01399779
v -0.23855478 0.17573443 -0.01661820
v -0.24355209 0.18450055 -0.02840796
v -0.32685512 0.16051069 -0.05311150
v -0.33291617 0.16376975 -0.03869315
v -0.33766809 0.14210370 -0.04376810
v -0.33012697 0.13857591 -0.05682766
v -0.28466016 0.14303833 -0.05970320
v -0.27264044 0.13712883 -0.04986914
v -0.26859018 0.16010571 -0.04800248
v -0.28087607 0.16658396 -0.05709331
v -0.32341531 0.18256244 -0.04899996
v -0.32647005 0.18464270 -0.03333026
v -0.29428309 0.10040733 -0.06079029
v -0.28462020 0.09526101 -0.05071564
v -0.27821690 0.11560723 -0.05069830
v -0.28929222 0.12092903 -0.06076178
v -0.31035405 0.05323705 -0.00433207
v -0.32127658 0.05874500 0.00011312
v -0.31230366 0.07632598 0.00570769
v -0.30090654 0.07036230 0.00026746
v -0.29846624 0.05649957 -0.05148924
v -0.29507223 0.05222538 -0.03962962
v -0.29173923 0.07574955 -0.05072057
v -0.35305315 0.07929382 -0.03114020
v -0.35164320 0.07993773 -0.04451216
v -0.34849831 0.10094717 -0.03895947
v -0.34874371 0.09994021 -0.02408429
v -0.25920352 0.12508941 -0.02479249
v -0.26383218 0.13075048 -0.03826896
v -0.27041551 0.10987577 -0.03852129
v -0.26744369 0.10471687 -0.02422234
v -0.31448862 0.15562934 -0.06191691
v -0.31750339 0.13337570 -0.06395395
v -0.34322688 0.12053642 -0.01726003
v -0.34426072 0.12178120 -0.03343436
v -0.33891740 0.14247921 -0.02784239
v -0.33650944 0.14015618 -0.01095860
v -0.32019234 0.15366930 0.00804093
v -0.30782583 0.14556944 0.01585137
v -0.31772050 0.12752005 0.01089693
v -0.32914758 0.13528067 0.00220244
v -0.25318429 0.14625251 -0.02587134
v -0.25187546 0.14113647 -0.01101649
v -0.26938590 0.12264335 0.00597561
v -0.28119245 0.12826648 0.01620267
v -0.26983637 0.14515871 0.01683009
v -0.25802273 0.14011231 0.00475192
v -0.28958407 0.21342352 -0.05266940
v -0.30287203 0.21930763 -0.04721368
v -0.30768126 0.20154431 -0.05296859
v -0.29289117 0.19612435 -0.05728000
v -0.31774291 0.20473507 -0.04180424
v -0.31204325 0.22305205 -0.03495810
v -0.29944378 0.24421021 -0.01176349
v -0.29479045 0.24004188 0.00035569
v -0.29920855 0.22996393 -0.00284114
v -0.30573311 0.23456976 -0.01515778
v -0.30079085 0.18741515 0.02064519
v -0.28556442 0.17884812 0.02456098
v -0.29706779 0.16270462 0.02061418
v -0.31110787 0.17124078 0.01457418
v -0.26032385 0.18173817 0.02340495
v -0.24813834 0.17313924 0.01466231
v -0.25823167 0.16056192 0.01609511
v -0.27129245 0.16918567 0.02320935
v -0.22970353 0.22270229 0.01658155
v -0.22235908 0.22015992 0.00474902
v -0.22720598 0.20658687 0.00674010
v -0.23544407 0.20959690 0.01866673
v -0.21957533 0.22499254 -0.02443032
v -0.22397068 0.23019382 -0.03745107
v -0.23116350 0.21848544 -0.03451553
v -0.22469133 0.21210256 -0.02245677
v -0.27246276 0.26172307 -0.04574670
v -0.28228697 0.26692143 -0.03389933
v -0.28790545 0.25498810 -0.03679879
v -0.27716646 0.24907878 -0.04722737
v -0.29141977 0.20069268 0.02464237
v -0.27375102 0.19374242 0.02758555
v -0.22903746 0.20045879 -0.02080447
v -0.23545998 0.20728198 -0.03192440
v -0.23976168 0.19634530 -0.02977960
v -0.23387745 0.18908742 -0.01839236
v -0.25668445 0.22386411 -0.04398135
v -0.26809359 0.23021248 -0.04875936
v -0.27204737 0.22156206 -0.04909431
v -0.26041391 0.21483782 -0.04147856
v -0.28127727 0.23968318 -0.04854171
v -0.29368064 0.24455133 -0.03962260
v -0.29796663 0.23434129 -0.04312233
v -0.28542799 0.22830060 -0.05043915
v -0.28808141 0.22226420 0.02042257
v -0.28058079 0.21541932 0.02870750
v -0.28641269 0.20917532 0.02697016
v -0.29409957 0.21643236 0.01851174
v -0.25111583 0.19094005 0.02197232
v -0.24012978 0.18433246 0.01207748
v -0.26469344 0.20071235 -0.04213181
v -0.25279465 0.19241485 -0.03642089
v -0.24898888 0.20557460 -0.03709234
v -0.30593112 0.23652330 -0.03051343
v -0.23972668 0.22721961 0.02391147
v -0.24989784 0.23244974 0.02942777
v -0.24174894 0.24612191 0.02891009
v -0.23175362 0.24075153 0.02297801
v -0.22265570 0.23740372 0.01459808
v -0.21636574 0.23651239 0.00270021
v -0.21258371 0.24129763 -0.02679610
v -0.21601382 0.24581704 -0.04080206
v -0.22511038 0.25382611 -0.05157747
v -0.23829557 0.26417473 -0.05646024
v -0.24762031 0.24774584 -0.05212000
v -0.23414680 0.23784795 -0.04726024
v -0.27400881 0.28579405 -0.03195273
v -0.26420382 0.28159419 -0.04544308
v -0.27900046 0.28459218 -0.01665554
v -0.28612089 0.26719424 -0.02008823
v -0.22793889 0.19579640 -0.00592509
v -0.22353886 0.20777646 -0.00815088
v -0.33737287 0.11586946 -0.00357693
v -0.32649842 0.10895920 0.00535778
v -0.33452630 0.08992907 -0.00086943
v -0.34404543 0.09584710 -0.01044220
v -0.33206692 0.06505945 -0.00135575
v -0.32389262 0.08332577 0.00510804
v -0.30645692 0.10597047 -0.06595847
v -0.30256158 0.12677723 -0.06571883
v -0.32534900 0.07059965 -0.06884262
v -0.27563736 0.20768264 -0.05000683
v -0.27773914 0.18977281 -0.05312450
v -0.29006734 0.23529807 0.01277852
v -0.28999531 0.24956843 0.00351484
v -0.28592470 0.24435875 0.01572474
v -0.31079951 0.19473007 0.00783732
v -0.31387252 0.19916561 -0.01142666
v -0.30314898 0.21627572 -0.00333843
v -0.30137360 0.20827350 0.01406199
v -0.27441919 0.22157994 0.02932307
v -0.28318244 0.22895697 0.02202078
v -0.27775341 0.23759136 0.02401530
v -0.26782325 0.22963992 0.02966168
v -0.26395121 0.24169943 -0.04972679
v -0.25971022 0.25478497 -0.05134086
v -0.28458837 0.26105055 0.00721469
v -0.28611615 0.26445559 -0.00621761
v -0.28008798 0.27998409 -0.00191836
v -0.27767107 0.27612755 0.01166808
v -0.29246551 0.25373521 -0.00937182
v -0.28002599 0.25574383 0.01882280
v -0.27188390 0.27014902 0.02217956
v -0.25193232 0.27390137 -0.05399318
v -0.26066825 0.24038687 0.03017086
v -0.27138180 0.24835822 0.02623833
v -0.26310655 0.26247063 0.02862393
v -0.25247800 0.25395420 0.03114675
v -0.31493285 0.10155541 0.01049241
v -0.30504814 0.11936626 0.01490365
v -0.23940644 0.17075613 -0.00012293
v -0.24779692 0.15681669 0.00269546
v -0.23329097 0.18387225 -0.00312943
v -0.28065702 0.08412096 -0.00870712
v -0.29091591 0.06661883 -0.01059979
v -0.26055759 0.12140763 -0.00893247
v -0.27072150 0.10259289 -0.00816084
v -0.32816139 0.16047022 -0.00474678
v -0.25391185 0.20640877 0.02659127
v -0.24302964 0.19968966 0.02051269
v -0.26207846 0.19954541 0.02777283
v -0.21246932 0.23900631 -0.01183942
v -0.21929894 0.22164491 -0.00977492
v -0.27716160 0.20429102 0.02997853
v -0.20301552 0.26003519 -0.01309162
v -0.31194443 0.22043946 -0.02014027
v -0.29984769 0.24607375 -0.02599521
v -0.29261744 0.25627664 -0.02298339
v -0.34590301 0.07846710 -0.05695829
v -0.29890162 0.14938837 -0.06416328
v -0.26600993 0.18251505 -0.04503977
v -0.25548694 0.17516568 -0.03709575
v -0.26411998 0.21353987 0.03105036
v -0.25682294 0.22157291 0.03019455
v -0.24641119 0.21527985 0.02518077
v -0.25312296 0.23519340 -0.04773571
v -0.24056329 0.22625449 -0.04297241
v -0.30097431 0.04977402 -0.01381886
v -0.24531226 0.21608606 -0.03917682
v -0.31881770 0.20423606 -0.02738328
v -0.00042545 0.46730039 0.05720574
v -0.15742658 0.29844394 -0.06025199
v -0.12728132 0.26500067 -0.11078504
v -0.13995545 0.27099428 -0.09371547
v -0.16368781 0.35154989 -0.03736993
v -0.16327120 0.35784695 -0.03278863
v -0.15718976 0.37112144 -0.02101205
v -0.15408222 0.37179962 -0.01599379
v -0.15757169 0.33564833 -0.06630055
v -0.02728575 0.09747612 -0.15172398
v -0.04425920 0.11139768 0.07799959
v -0.02051445 0.10967261 0.07617858
v -0.02258602 0.09239385 0.08308996
v -0.04716458 0.09346801 0.08304964
v -0.02435932 0.07485297 0.09343076
v -0.15300582 0.04634330 0.05168713
v -0.14752854 0.06661674 0.04818268
v -0.13205047 0.06516045 0.06869818
v -0.13649844 0.04367012 0.07434222
v -0.15446131 0.08154935 0.02289033
v -0.14213169 0.08413735 0.04536676
v -0.15942061 0.06500179 0.02394496
v -0.16590309 0.05907086 -0.00261624
v -0.16078214 0.07611015 -0.00275240
v -0.16600712 0.04878148 -0.02762537
v -0.16066296 0.06721285 -0.02784796
v -0.15932162 0.03745553 -0.05083656
v -0.14662021 0.02628684 -0.07101132
v -0.12871009 -0.00580510 -0.08642727
v -0.10489393 0.00443390 -0.10053267
v -0.12637399 0.01524019 -0.08727652
v -0.06325842 -0.01211262 -0.12003544
v -0.08304534 -0.00537887 -0.11152293
v -0.02914391 -0.02054635 -0.13023646
v -0.04552399 -0.01698485 -0.12602957
v -0.10535882 0.47070006 -0.08931634
v -0.09547016 0.53790998 0.01227490
v -0.10786487 0.53923762 -0.00968436
v -0.08110908 0.54305804 0.00986483
v -0.11562770 0.48305032 0.06069151
v -0.12120104 0.50108325 0.04703828
v -0.09394935 0.49778911 0.05910155
v -0.08959276 0.48087588 0.06832734
v -0.06751402 0.53731704 0.02499581
v -0.05796836 0.53928709 0.02389275
v -0.08010866 0.53287172 0.02947015
v -0.03597917 0.51779664 0.04578354
v -0.06113733 0.52622604 0.04146281
v -0.16137210 0.52129650 -0.01186165
v -0.15790382 0.51054704 0.01333083
v -0.16988103 0.50574005 0.00735812
v -0.17534989 0.51661730 -0.01699459
v -0.14713375 0.46364531 0.05682265
v -0.14265053 0.44829968 0.06398129
v -0.15632489 0.44745174 0.05851931
v -0.15998337 0.46222934 0.05145567
v -0.20728736 0.48136893 -0.03378228
v -0.20449519 0.48193374 -0.01022594
v -0.21516865 0.46733907 -0.01441862
v -0.21633187 0.46435317 -0.03650957
v -0.16295192 0.47733411 0.04042097
v -0.07304545 0.36698911 0.08764996
v -0.11011276 0.38560417 0.08233207
v -0.09256639 0.37584290 0.08589543
v -0.15053527 0.39808211 0.06653143
v -0.13992371 0.39606926 0.07132152
v -0.14424634 0.38336846 0.06844538
v -0.16691959 0.40052196 0.05559503
v -0.15996914 0.39931080 0.06096290
v -0.17329997 0.40076783 -0.07728681
v -0.17228849 0.41339836 -0.08270308
v -0.18078558 0.43401733 -0.08090107
v -0.17076476 0.39007148 0.04551798
v -0.17317842 0.38803437 0.04354459
v -0.17601000 0.39306512 0.04535970
v -0.17153481 0.39531162 0.04703252
v -0.14746651 0.52543914 -0.00837731
v -0.19989702 0.47436598 0.00903256
v -0.19655699 0.46418026 0.02292855
v -0.20825417 0.45385370 0.01869580
v -0.21137494 0.46265444 0.00479775
v -0.19294445 0.45349154 0.03537144
v -0.18860684 0.44240287 0.04420777
v -0.19934916 0.43663153 0.03946864
v -0.20344126 0.44664308 0.02952481
v -0.18005110 0.39811447 0.04674798
v -0.17286368 0.40185484 0.04859768
v -0.21544911 0.43417189 -0.05819465
v -0.18563554 0.50391066 -0.05071809
v -0.17692147 0.48726329 -0.07199088
v -0.16786221 0.49893144 -0.06964950
v -0.17476448 0.51405132 -0.04509297
v -0.16596055 0.36101982 0.00385075
v -0.16340764 0.36429289 -0.01089391
v -0.16875893 0.35923776 0.01710633
v -0.17020741 0.37877002 0.03982013
v -0.17023106 0.36002836 0.02719635
v -0.16464771 0.37629423 -0.06055813
v -0.17480414 0.38657716 -0.07106063
v -0.16741551 0.46356669 -0.08273198
v -0.15963486 0.47518370 -0.08209074
v -0.22397192 0.44561514 -0.03841415
v -0.22429068 0.44944343 -0.01705565
v -0.18275782 0.38051203 0.04477314
v -0.19162405 0.37383023 0.04617711
v -0.18603353 0.38586399 0.04644095
v -0.16648111 0.37610206 0.04936198
v -0.16957293 0.38518175 0.04265254
v -0.18641362 0.50875056 -0.02275918
v -0.22093940 0.44788930 0.00098785
v -0.21741095 0.44154671 0.01568314
v -0.18157533 0.45855424 0.04061974
v -0.18454018 0.47114483 0.02869673
v -0.17373374 0.47513440 0.03483589
v -0.17083721 0.46105859 0.04607802
v -0.20973457 0.42871156 0.03422523
v -0.20489302 0.41813883 0.04160630
v -0.17793719 0.44581351 0.04845049
v -0.16748855 0.44706163 0.05316234
v -0.19001202 0.39166155 0.04761958
v -0.15113105 0.48394915 -0.08032078
v -0.14504273 0.46081838 -0.08786762
v -0.13460267 0.46555135 -0.08737934
v -0.16203578 0.44061849 -0.08860026
v -0.15387529 0.45214429 -0.08878383
v -0.16882016 0.42643997 -0.08646606
v -0.12139591 0.46861753 -0.08746412
v -0.27129772 0.20770255 0.03124618
v -0.20132262 0.36693648 0.04566756
v -0.18791845 0.36745575 0.04478966
v -0.19853659 0.35947677 0.04496564
v -0.23781750 0.33320704 0.03254520
v -0.29372904 0.22735515 0.00997246
v -0.29667804 0.22061411 0.00868962
v -0.31956843 0.17829683 0.00142396
v -0.33162236 0.16269138 -0.02273782
v -0.32358003 0.18183950 -0.01767617
v -0.31153172 0.17890170 -0.05881592
v -0.29558221 0.17251685 -0.06211447
v -0.25915319 0.15246156 -0.03763591
v -0.28304794 0.15350190 0.02173545
v -0.34110218 0.03518453 -0.07495621
v -0.35082021 0.03760728 -0.06771579
v -0.35344914 0.01779369 -0.07330900
v -0.34320968 0.01517060 -0.07892814
v -0.33546114 -0.00737742 -0.08205622
v -0.33276770 0.01133427 -0.07856277
v -0.34565458 -0.00363472 -0.08423528
v -0.32839313 -0.01088008 -0.07549921
v -0.32512909 0.00754693 -0.07307427
v -0.32487258 -0.01362875 -0.06625283
v -0.32338667 -0.01643887 -0.05657471
v -0.31766468 0.00096491 -0.05499716
v -0.32020316 0.00418773 -0.06473063
v -0.31818730 -0.00159392 -0.04472731
v -0.32151827 -0.00258616 -0.03451202
v -0.31279182 0.01459196 -0.03155976
v -0.31061015 0.01627192 -0.04295348
v -0.34384304 -0.01588747 -0.02556484
v -0.35201132 -0.01189491 -0.02563648
v -0.34531832 0.00524172 -0.01898044
v -0.33603799 0.00092235 -0.01946172
v -0.35458651 0.03240052 -0.02323299
v -0.34672147 0.02806154 -0.01589775
v -0.35386938 0.00974455 -0.02336704
v -0.36130467 0.01402363 -0.03023937
v -0.36836421 -0.00290605 -0.03564348
v -0.37064052 -0.00046942 -0.04586979
v -0.36474115 0.01668021 -0.03966710
v -0.33672482 0.07486692 -0.06544644
v -0.33908287 0.05497637 -0.06999047
v -0.32791236 0.05085126 -0.07228687
v -0.30958223 0.04181722 -0.06201320
v -0.31753722 0.04627696 -0.06895252
v -0.32099587 0.02680352 -0.07105596
v -0.31457344 0.02279678 -0.06343396
v -0.29522216 0.04925510 -0.02616888
v -0.30295151 0.03427437 -0.04102732
v -0.30436453 0.03198156 -0.02887851
v -0.31136012 0.01924732 -0.05376536
v -0.30482206 0.03785226 -0.05215125
v -0.31885883 0.01547745 -0.02127685
v -0.32774717 -0.00166884 -0.02541407
v -0.35687819 0.03868535 -0.05672875
v -0.35996065 0.03822735 -0.04484079
v -0.36367977 0.01766881 -0.05141782
v -0.36016214 0.01827940 -0.06303868
v -0.31039542 0.03280523 -0.01774221
v -0.35674408 0.05841473 -0.03822746
v -0.35423774 0.05913606 -0.05061186
v -0.35961026 0.03656390 -0.03302116
v -0.35455194 0.05601099 -0.02588603
v -0.36428222 0.00035343 -0.06911883
v -0.35634455 -0.00012925 -0.07888044
v -0.34845826 0.05831912 -0.06221893
v -0.32758567 0.01843217 -0.01407081
v -0.33757639 0.02308711 -0.01218904
v -0.32949796 0.04096428 -0.00588642
v -0.31908646 0.03588340 -0.00908766
v -0.34145561 0.07046673 -0.00804291
v -0.33946598 0.04645863 -0.00859826
v -0.34800723 0.05121443 -0.01570355
v -0.36058968 -0.00740340 -0.02935206
v -0.34943295 0.07587686 -0.01805177
v -0.35043946 -0.08539954 -0.07954784
v -0.35552302 -0.09425673 -0.08730477
v -0.35638967 -0.09000167 -0.08211102
v -0.35029119 -0.07938921 -0.07856870
v -0.32045224 -0.07957059 -0.07763369
v -0.32645771 -0.09173056 -0.07928713
v -0.33520186 -0.09190986 -0.07200909
v -0.33014283 -0.08096927 -0.06966746
v -0.35148695 -0.09291074 -0.08116011
v -0.35706925 -0.09801671 -0.09117149
v -0.36223716 -0.10302928 -0.10031733
v -0.35819373 -0.09928992 -0.09363069
v -0.36595425 -0.10033467 -0.10534018
v -0.37125871 -0.09150782 -0.10889192
v -0.38149348 -0.10084048 -0.11150740
v -0.37283188 -0.10503837 -0.11022885
v -0.38796401 -0.07975087 -0.09114560
v -0.39163694 -0.07807174 -0.07968213
v -0.40032238 -0.09324422 -0.08275989
v -0.39486521 -0.09455088 -0.09407972
v -0.39947373 -0.08961335 -0.06005916
v -0.39984858 -0.09257630 -0.07176231
v -0.39219439 -0.07682678 -0.06971358
v -0.39196891 -0.07496068 -0.05959113
v -0.35229942 -0.07674560 -0.07336613
v -0.35827997 -0.08721766 -0.07500745
v -0.35991710 -0.08707187 -0.06877092
v -0.35412177 -0.07731608 -0.06628866
v -0.35969958 -0.09781697 -0.10026228
v -0.35308501 -0.10805026 -0.08847371
v -0.35150722 -0.10770455 -0.09259813
v -0.35652253 -0.09372559 -0.10311801
v -0.33580247 -0.05034468 -0.05053530
v -0.33911434 -0.06107953 -0.05065915
v -0.34180427 -0.06341317 -0.04269261
v -0.33807376 -0.05109802 -0.04166063
v -0.32474977 -0.04942980 -0.07034758
v -0.32679215 -0.04033032 -0.08121559
v -0.32289898 -0.05056837 -0.08603550
v -0.31948248 -0.05848500 -0.07418251
v -0.32030714 -0.06339431 -0.08908907
v -0.32124481 -0.07744691 -0.08994904
v -0.31775787 -0.06868216 -0.07628667
v -0.32593504 -0.09208503 -0.08928464
v -0.34766823 -0.05865774 -0.03064777
v -0.34535429 -0.04902670 -0.03221408
v -0.36189371 -0.13940278 -0.09699389
v -0.36162490 -0.14126360 -0.10296130
v -0.36034009 -0.14300759 -0.10153949
v -0.36134258 -0.14110628 -0.09570426
v -0.37051505 -0.03710547 -0.03500796
v -0.36250561 -0.04108426 -0.03022278
v -0.36627087 -0.04727957 -0.03012704
v -0.37354758 -0.04346636 -0.03667278
v -0.37183663 -0.05489245 -0.02947060
v -0.37819776 -0.05104718 -0.03850525
v -0.36705115 -0.15017450 -0.10722220
v -0.37107408 -0.15370998 -0.10485920
v -0.36505648 -0.15643328 -0.10289615
v -0.36238018 -0.15224576 -0.10512325
v -0.36105087 -0.09985682 -0.08603176
v -0.35970879 -0.10319313 -0.09352370
v -0.36400259 -0.11013606 -0.09939805
v -0.36729798 -0.11509630 -0.10363972
v -0.36819255 -0.11681578 -0.09794687
v -0.36621320 -0.11010608 -0.09075721
v -0.36537838 -0.09811267 -0.07548857
v -0.37023893 -0.10822317 -0.07806846
v -0.37131047 -0.10471585 -0.07006639
v -0.36632845 -0.09547612 -0.06728876
v -0.37268111 -0.10260424 -0.04907139
v -0.36730722 -0.09637162 -0.04729480
v -0.36694095 -0.09512880 -0.05368662
v -0.37269416 -0.10303178 -0.05636534
v -0.38601109 -0.12258390 -0.06730349
v -0.38240692 -0.11748889 -0.06264284
v -0.38183531 -0.11800411 -0.06846854
v -0.38407344 -0.12249133 -0.07250543
v -0.36862120 -0.02960393 -0.03366610
v -0.35992640 -0.03385970 -0.02979537
v -0.38898018 -0.09683207 -0.03065944
v -0.39843825 -0.09705111 -0.03802846
v -0.39439926 -0.08621332 -0.03885044
v -0.38762826 -0.08546236 -0.03063220
v -0.37831593 -0.04101434 -0.04622043
v -0.37618402 -0.03384241 -0.04394988
v -0.37479973 -0.15629745 -0.09986603
v -0.36853740 -0.15827522 -0.09774104
v -0.33070061 -0.07158226 -0.10077493
v -0.33180991 -0.08977878 -0.10008520
v -0.33198521 -0.05553988 -0.09820437
v -0.33715940 -0.03498837 -0.08964317
v -0.33514303 -0.04432151 -0.09347588
v -0.37039506 -0.11418912 -0.08746979
v -0.36188525 -0.09486547 -0.07857890
v -0.36049059 -0.08673039 -0.06355108
v -0.35730541 -0.08548447 -0.04008999
v -0.36205965 -0.09076670 -0.03999228
v -0.36384425 -0.08921775 -0.03229828
v -0.36032030 -0.08268324 -0.03023299
v -0.37486967 -0.09897283 -0.03067685
v -0.38122776 -0.09734914 -0.02814269
v -0.37880301 -0.08900699 -0.02653352
v -0.37210470 -0.09313956 -0.02896407
v -0.34759289 -0.10865185 -0.09574863
v -0.35119939 -0.09108877 -0.10462494
v -0.35351619 -0.04521909 -0.02897208
v -0.35722807 -0.05254290 -0.02750817
v -0.35152033 -0.03728822 -0.03010002
v -0.33322218 -0.06090000 -0.06238452
v -0.34490952 -0.06822893 -0.06438178
v -0.34635007 -0.06896749 -0.05843372
v -0.33701396 -0.05993012 -0.05634309
v -0.34099934 -0.07299796 -0.07246898
v -0.32703122 -0.07082930 -0.07000937
v -0.34320286 -0.08169672 -0.07122546
v -0.33187929 -0.04934588 -0.05907422
v -0.33085194 -0.03971961 -0.05968973
v -0.33472246 -0.04040471 -0.05041924
v -0.33855876 -0.04070368 -0.04113086
v -0.34489644 -0.03973922 -0.03350169
v -0.32800090 -0.03037307 -0.05835031
v -0.33145398 -0.03182253 -0.04916244
v -0.33644515 -0.03206387 -0.03982808
v -0.34238318 -0.03086266 -0.03265671
v -0.37493724 -0.02509108 -0.04203532
v -0.37311742 -0.01504841 -0.03913479
v -0.36539274 -0.01962522 -0.03168381
v -0.32834634 -0.03892830 -0.06979977
v -0.32790586 -0.02847406 -0.06823039
v -0.32981542 -0.02619722 -0.07889375
v -0.33812281 -0.02246168 -0.08593288
v -0.34720168 -0.10768101 -0.07333851
v -0.34711817 -0.10015610 -0.07384230
v -0.33806309 -0.09956449 -0.07282850
v -0.33918491 -0.10664102 -0.07136776
v -0.37018439 -0.11377791 -0.10898086
v -0.36717910 -0.10768810 -0.10564607
v -0.37693265 -0.11314669 -0.11212316
v -0.34767151 -0.07215354 -0.03955933
v -0.35243818 -0.06780556 -0.02940201
v -0.37085041 -0.11822173 -0.09311877
v -0.37471166 -0.12943766 -0.11238310
v -0.38124406 -0.13263884 -0.11097904
v -0.37608886 -0.14707682 -0.10709342
v -0.37096417 -0.14384791 -0.10948610
v -0.36859515 -0.12559882 -0.09391196
v -0.37405974 -0.12849632 -0.09001191
v -0.37617224 -0.12382963 -0.09110700
v -0.37058789 -0.12097397 -0.09490865
v -0.38430670 -0.11956111 -0.06012633
v -0.38159975 -0.11568335 -0.05559476
v -0.39567459 -0.10975412 -0.10807320
v -0.39013219 -0.09514412 -0.10630664
v -0.39710233 -0.11170736 -0.09522619
v -0.37778136 -0.11066541 -0.05930914
v -0.37216401 -0.10342029 -0.06280559
v -0.37709412 -0.11134097 -0.06515139
v -0.37719253 -0.12031057 -0.08398952
v -0.37373373 -0.11502168 -0.08019155
v -0.37295032 -0.11688825 -0.08577484
v -0.37437648 -0.12002221 -0.08926021
v -0.38319600 -0.07418951 -0.02986891
v -0.37235326 -0.07979503 -0.02479778
v -0.36355415 -0.14555004 -0.10661370
v -0.36077520 -0.14738826 -0.10451755
v -0.35648721 -0.02465615 -0.02889177
v -0.34895009 -0.02858672 -0.02924485
v -0.36665046 -0.09460065 -0.06053342
v -0.38176447 -0.08269009 -0.10260062
v -0.36051098 -0.08665356 -0.05780501
v -0.39005610 -0.11909345 -0.04979327
v -0.39468625 -0.11998579 -0.05222205
v -0.39905044 -0.11272851 -0.05049286
v -0.39363560 -0.11606076 -0.04400953
v -0.36501133 -0.14060920 -0.09196714
v -0.36925781 -0.14421096 -0.08855486
v -0.37149283 -0.13916174 -0.08935830
v -0.36621174 -0.13622305 -0.09249198
v -0.36553010 -0.12475881 -0.10491668
v -0.36553240 -0.12445948 -0.09893490
v -0.36787540 -0.11899737 -0.09970516
v -0.36753371 -0.11901060 -0.10521331
v -0.37090871 -0.11895248 -0.11033954
v -0.36955515 -0.12648860 -0.10971843
v -0.38659266 -0.13399360 -0.09705903
v -0.38148633 -0.13240948 -0.09087913
v -0.37714192 -0.14403585 -0.08924580
v -0.38017562 -0.14845911 -0.09453779
v -0.38653430 -0.06148252 -0.05860407
v -0.38592079 -0.06098327 -0.04857467
v -0.39133292 -0.07423112 -0.04902484
v -0.39724576 -0.08835515 -0.04895411
v -0.40050077 -0.10240474 -0.04780875
v -0.40604010 -0.10366049 -0.06044943
v -0.38893268 -0.07355717 -0.03992220
v -0.39482141 -0.12315789 -0.09108382
v -0.38911632 -0.12417236 -0.09161434
v -0.39159128 -0.12373123 -0.09752966
v -0.36049321 -0.08737502 -0.04975320
v -0.36624876 -0.13976321 -0.10811558
v -0.36147094 -0.03561434 -0.08902243
v -0.37128559 -0.03274110 -0.07863477
v -0.37447929 -0.04235211 -0.08065701
v -0.36171222 -0.04483399 -0.09281771
v -0.36272177 -0.13542673 -0.09758154
v -0.36261407 -0.13632634 -0.10373217
v -0.38479128 -0.11823252 -0.05062466
v -0.38473874 -0.11731961 -0.04584959
v -0.38113481 -0.11555615 -0.04908759
v -0.38382393 -0.11930177 -0.05398192
v -0.38383508 -0.06117418 -0.03978078
v -0.39468858 -0.10658911 -0.03513075
v -0.38727659 -0.10827693 -0.03273092
v -0.37945497 -0.04031155 -0.05731275
v -0.38157573 -0.04972920 -0.04774064
v -0.38235381 -0.04955259 -0.05786879
v -0.40281633 -0.11011258 -0.07291335
v -0.38675240 -0.06288752 -0.06771287
v -0.38201761 -0.05060390 -0.06678535
v -0.37812454 -0.04025045 -0.06712456
v -0.37593600 -0.03210089 -0.06654175
v -0.37745571 -0.03259847 -0.05610815
v -0.37526163 -0.15439919 -0.09247255
v -0.37974384 -0.14927801 -0.10200590
v -0.37569603 -0.02356312 -0.05425053
v -0.37427470 -0.01311269 -0.05059041
v -0.37384656 -0.02273795 -0.06497933
v -0.37133235 -0.01215920 -0.06167420
v -0.38063234 -0.05195507 -0.07627578
v -0.37625864 -0.05386767 -0.08652291
v -0.38568437 -0.06420383 -0.07716280
v -0.38204762 -0.06652310 -0.08806071
v -0.40703782 -0.10858527 -0.08542100
v -0.36595896 -0.14731669 -0.08674291
v -0.35951439 -0.15077442 -0.08359477
v -0.35951951 -0.15572271 -0.08410719
v -0.36743733 -0.15290846 -0.08689308
v -0.37277609 -0.14927685 -0.08844820
v -0.36847541 -0.15593536 -0.09011099
v -0.37434202 -0.07073274 -0.10027574
v -0.38039535 -0.12480953 -0.08844864
v -0.36270452 -0.05965635 -0.09998208
v -0.36577687 -0.08083990 -0.10865939
v -0.35630873 -0.07545218 -0.10820721
v -0.34595355 -0.04904732 -0.10062566
v -0.34357825 -0.06466645 -0.10602282
v -0.34898663 -0.03063163 -0.09094802
v -0.34841302 -0.03921184 -0.09448068
v -0.34817773 -0.01869187 -0.08775198
v -0.34219289 -0.08226776 -0.10637984
v -0.35572132 -0.14412561 -0.09819075
v -0.35733232 -0.14284208 -0.09219950
v -0.35892668 -0.01565680 -0.08328055
v -0.36035249 -0.02711830 -0.08641630
v -0.34583357 -0.09178504 -0.07223055
v -0.35440680 -0.07839647 -0.05567471
v -0.35382974 -0.07946751 -0.04900634
v -0.35295227 -0.07964572 -0.03986244
v -0.35703257 -0.07613555 -0.02901556
v -0.36761686 -0.01322439 -0.07373244
v -0.32556915 -0.01859054 -0.04703890
v -0.33026299 -0.01906356 -0.03764789
v -0.36811525 0.00013939 -0.05736812
v -0.35527894 -0.14873172 -0.10142869
v -0.38754579 -0.12353042 -0.07191123
v -0.39023617 -0.12512061 -0.06966783
v -0.33020505 -0.09984586 -0.07714289
v -0.33298555 -0.10753611 -0.07496087
v -0.32839879 -0.10088348 -0.08581592
v -0.33167949 -0.10181978 -0.09525321
v -0.33308843 -0.11211190 -0.08859088
v -0.33127117 -0.10974482 -0.08123776
v -0.34701049 -0.07042536 -0.05315960
v -0.34763911 -0.07206050 -0.04717566
v -0.36782476 -0.06973103 -0.02427718
v -0.37790683 -0.06380972 -0.02944341
v -0.37747243 -0.11999711 -0.11325622
v -0.38576490 -0.11284408 -0.11283475
v -0.38439620 -0.12160286 -0.11237012
v -0.38649002 -0.13337669 -0.10538216
v -0.38378718 -0.12609830 -0.09133728
v -0.38410881 -0.12583318 -0.09152856
v -0.32904643 -0.06499365 -0.06749141
v -0.34215912 -0.06919304 -0.07053265
v -0.35281825 -0.09964886 -0.08106947
v -0.35280120 -0.10772213 -0.08025651
v -0.37538064 -0.11253652 -0.07261053
v -0.39847130 -0.12239441 -0.07643631
v -0.40129730 -0.12043330 -0.08498649
v -0.37970307 -0.11889037 -0.07581043
v -0.35635957 -0.15867645 -0.09909934
v -0.35523066 -0.15379970 -0.10164455
v -0.39100659 -0.12187639 -0.10700394
v -0.37729907 -0.10931799 -0.05205177
v -0.39985636 -0.12138435 -0.06857097
v -0.39320371 -0.12392673 -0.07293296
v -0.38048312 -0.10333309 -0.03032583
v -0.36942238 -0.02450237 -0.07675561
v -0.35896048 -0.14473510 -0.08651859
v -0.36348715 -0.14258125 -0.08984575
v -0.35962519 -0.15897025 -0.08759946
v -0.35911003 -0.15999147 -0.09388053
v -0.36248931 -0.06100008 -0.02553331
v -0.35463831 -0.07787481 -0.06086884
v -0.33652157 -0.01813051 -0.02997449
v -0.33968842 -0.11210796 -0.09473215
v -0.34075001 -0.09762859 -0.10213356
v -0.38240945 -0.12299922 -0.08017066
v -0.39576063 -0.11212936 -0.03955663
v -0.39880818 -0.12443009 -0.05849427
v -0.39770985 -0.12795833 -0.06561927
v -0.40328515 -0.11527267 -0.05913205
v -0.39325312 -0.12894240 -0.06865750
v -0.35201940 -0.15935488 -0.08406347
v -0.35110477 -0.16114239 -0.09028026
v -0.34866318 -0.15939742 -0.09559321
v -0.34954736 -0.15456289 -0.09878647
v -0.35099140 -0.14966431 -0.09886917
v -0.35287920 -0.15504918 -0.08154175
v -0.35389724 -0.15016562 -0.08203024
v -0.35499778 -0.14525738 -0.08515668
v -0.34766081 -0.15211926 -0.08030063
v -0.34459874 -0.15606868 -0.08172010
v -0.33851865 -0.15529430 -0.08941416
v -0.33504757 -0.15269861 -0.08907557
v -0.33622995 -0.15203497 -0.09258507
v -0.34112391 -0.15669033 -0.09267552
v -0.33223799 -0.14828929 -0.09092535
v -0.33115336 -0.14985642 -0.08779921
v -0.34023628 -0.15646169 -0.08629578
v -0.33583340 -0.15358491 -0.08472863
v -0.33340642 -0.14892952 -0.08013070
v -0.33145019 -0.15031417 -0.08333440
v -0.33798805 -0.15195677 -0.08157061
v -0.34097162 -0.15480977 -0.08292924
v -0.34394631 -0.15939936 -0.08756481
v -0.32793805 -0.14760487 -0.08258851
v -0.32806900 -0.14420165 -0.08311856
v -0.32909116 -0.14556767 -0.08805808
v -0.32848528 -0.14784907 -0.08646978
v -0.34401390 -0.15309401 -0.09647077
v -0.33861443 -0.14944655 -0.09435473
v -0.33426425 -0.14551148 -0.09195712
v -0.33119699 -0.14298812 -0.08876628
v -0.33627680 -0.14270598 -0.09144458
v -0.34041998 -0.14586337 -0.09414059
v -0.33381817 -0.14097705 -0.08829886
v -0.33790216 -0.14052898 -0.08947133
v -0.34227005 -0.14248684 -0.09211098
v -0.34851655 -0.14523810 -0.09495130
v -0.34658757 -0.14898591 -0.09694931
v -0.33570477 -0.14006221 -0.08758450
v -0.33012328 -0.14161406 -0.08359773
v -0.34045324 -0.15092231 -0.07952300
v -0.33573315 -0.14740464 -0.07879217
v -0.34242347 -0.14841959 -0.07912450
v -0.33745417 -0.14521791 -0.07864419
v -0.33040652 -0.14756736 -0.07978728
v -0.33133140 -0.14524016 -0.07929371
v -0.35232678 -0.14516734 -0.09598598
v -0.35432711 -0.14395559 -0.09032306
v -0.35073486 -0.14332676 -0.08986051
v -0.34444275 -0.14089477 -0.08758812
v -0.35114756 -0.14437377 -0.08488603
v -0.34937033 -0.14792249 -0.08136177
v -0.34387013 -0.14545506 -0.08009641
v -0.34517428 -0.14228743 -0.08280824
v -0.33974060 -0.14054206 -0.08206724
v -0.33887663 -0.14269811 -0.07988761
v -0.33906266 -0.13956974 -0.08585906
v -0.33525029 -0.14110348 -0.08100305
v -0.33312586 -0.14297846 -0.07973485
v -0.33671013 -0.14013204 -0.08238690
v -0.33582821 -0.13980758 -0.08498523
v -0.33326313 -0.14060867 -0.08433862
v -0.37404767 -0.14382753 -0.07278606
v -0.37512216 -0.14476755 -0.07811049
v -0.36793247 -0.14300461 -0.07530844
v -0.36717406 -0.14366168 -0.06966354
v -0.37986556 -0.15259299 -0.08230536
v -0.38190517 -0.15643063 -0.07949567
v -0.37382367 -0.15621841 -0.08136515
v -0.37073156 -0.15052249 -0.08173385
v -0.38269916 -0.15864906 -0.07416204
v -0.37426719 -0.16011521 -0.07663187
v -0.38684249 -0.13290581 -0.09042476
v -0.39251351 -0.13359854 -0.08854662
v -0.38868076 -0.14988706 -0.08247304
v -0.38393208 -0.14647320 -0.08540288
v -0.37960428 -0.12621304 -0.07501809
v -0.38227856 -0.12707284 -0.07055214
v -0.37614986 -0.14791906 -0.08160204
v -0.36865720 -0.14572535 -0.07977118
v -0.37375870 -0.14403349 -0.06779940
v -0.37493995 -0.14852843 -0.06470649
v -0.37929061 -0.13883904 -0.06754310
v -0.37627906 -0.13686582 -0.07158086
v -0.37822327 -0.12891230 -0.08821441
v -0.37847084 -0.12758550 -0.08156110
v -0.38218939 -0.13107088 -0.09048152
v -0.39467466 -0.13239911 -0.07435377
v -0.38896933 -0.13002947 -0.07007359
v -0.38392386 -0.14303324 -0.06567934
v -0.38860604 -0.14744845 -0.06858405
v -0.37997475 -0.14282998 -0.08525220
v -0.37530297 -0.13730094 -0.07754719
v -0.37643835 -0.13949940 -0.08270490
v -0.38070568 -0.15677586 -0.06801324
v -0.39131787 -0.14948240 -0.07566160
v -0.36734638 -0.15090063 -0.06427865
v -0.35827747 -0.15018091 -0.06517909
v -0.35903963 -0.15395522 -0.06754962
v -0.36943218 -0.15532498 -0.06628040
v -0.37812617 -0.15348956 -0.06560892
v -0.37223509 -0.15843832 -0.07054625
v -0.35809073 -0.14266536 -0.07519204
v -0.35789719 -0.14298470 -0.06935622
v -0.35851583 -0.14491805 -0.07920371
v -0.39696661 -0.13360456 -0.08257833
v -0.36075523 -0.15426555 -0.08173382
v -0.35929772 -0.14883526 -0.08151649
v -0.35800615 -0.14590004 -0.06580778
v -0.36710390 -0.14606217 -0.06543607
v -0.36021695 -0.15711766 -0.07140923
v -0.36157301 -0.15803652 -0.07799293
v -0.35041091 -0.15103811 -0.07057859
v -0.35148862 -0.15408841 -0.07407367
v -0.35137573 -0.15342829 -0.07548922
v -0.35087475 -0.15151030 -0.07777859
v -0.35106859 -0.14755639 -0.07768248
v -0.34965274 -0.14942750 -0.06924856
v -0.34916273 -0.14728349 -0.06892140
v -0.34971169 -0.14567749 -0.06978871
v -0.34518012 -0.14306924 -0.06693900
v -0.34694919 -0.14543609 -0.06479251
v -0.34447798 -0.15253499 -0.05844104
v -0.34139499 -0.15199119 -0.05442261
v -0.33945885 -0.15390232 -0.05668562
v -0.34332797 -0.15509947 -0.06055939
v -0.34663633 -0.15231346 -0.06125420
v -0.34714344 -0.15442723 -0.06541312
v -0.34733817 -0.14898515 -0.06126815
v -0.34526220 -0.14845207 -0.05755168
v -0.34229949 -0.14367014 -0.05442369
v -0.34274784 -0.14765111 -0.05285990
v -0.34475723 -0.14477542 -0.05864268
v -0.34665355 -0.14581984 -0.06139320
v -0.33663121 -0.15126124 -0.05315321
v -0.33890805 -0.15087818 -0.05174303
v -0.34766021 -0.15018137 -0.06656349
v -0.34534338 -0.15506512 -0.07112151
v -0.34099343 -0.15598971 -0.06397945
v -0.33714113 -0.15403342 -0.05916839
v -0.33432379 -0.15076044 -0.05574387
v -0.33490852 -0.15286000 -0.06157255
v -0.33832040 -0.15484256 -0.06674069
v -0.33320257 -0.14977579 -0.05839949
v -0.33338842 -0.15010947 -0.06321621
v -0.33602419 -0.15160656 -0.06871861
v -0.34205768 -0.15026227 -0.07538086
v -0.34351090 -0.15337460 -0.07420865
v -0.33279064 -0.14872539 -0.06031185
v -0.33592251 -0.14646867 -0.05072319
v -0.33411965 -0.14653203 -0.05381518
v -0.33909199 -0.14692409 -0.04917550
v -0.34347734 -0.14313805 -0.06045800
v -0.34059474 -0.14239177 -0.05632227
v -0.34217474 -0.14149493 -0.06228417
v -0.33888867 -0.14139839 -0.05795610
v -0.33989248 -0.14361858 -0.05116915
v -0.33794227 -0.14297330 -0.05258357
v -0.35063401 -0.14579774 -0.07553101
v -0.35042718 -0.14441419 -0.07156281
v -0.34113905 -0.14673997 -0.07457229
v -0.33535871 -0.14703274 -0.06926352
v -0.34176394 -0.14455687 -0.07243574
v -0.34304479 -0.14294019 -0.06974077
v -0.33992335 -0.14170590 -0.06492770
v -0.33729437 -0.14350581 -0.06767941
v -0.33494970 -0.14294307 -0.06286824
v -0.33705905 -0.14145657 -0.06037104
v -0.33281091 -0.14595465 -0.06396139
v -0.33402607 -0.14234400 -0.05746150
v -0.33549908 -0.14214663 -0.05470991
v -0.33317533 -0.14314181 -0.06003087
v -0.33235052 -0.14576890 -0.06007427
v -0.33271989 -0.14598605 -0.05698204
v -0.36805835 -0.13504702 -0.06538488
v -0.37064430 -0.13947499 -0.06832603
v -0.36792424 -0.13993101 -0.06957653
v -0.36639372 -0.13420218 -0.06736284
v -0.37405756 -0.14808775 -0.06489037
v -0.37589911 -0.14992899 -0.06084022
v -0.36821577 -0.14917955 -0.06216856
v -0.36767665 -0.14798743 -0.06611612
v -0.37529358 -0.14794365 -0.05408530
v -0.36713669 -0.14672557 -0.05718287
v -0.38842288 -0.13316068 -0.06717452
v -0.39232019 -0.13484886 -0.06398623
v -0.38325813 -0.14556366 -0.06222911
v -0.38033435 -0.14383203 -0.06610976
v -0.37255320 -0.14389360 -0.06772122
v -0.36775425 -0.14468446 -0.06863925
v -0.36659727 -0.13266677 -0.06151281
v -0.36698768 -0.13228962 -0.05810643
v -0.37236086 -0.13075039 -0.05483383
v -0.37169555 -0.13029051 -0.05783377
v -0.37993190 -0.12230656 -0.06187498
v -0.38220850 -0.12514374 -0.06633469
v -0.38514522 -0.12902960 -0.06793903
v -0.38858274 -0.12851897 -0.05190561
v -0.38353023 -0.12415072 -0.05120088
v -0.37473378 -0.13380003 -0.05164240
v -0.37951311 -0.13966212 -0.05093450
v -0.37765345 -0.13953346 -0.06769241
v -0.37191692 -0.13136759 -0.06346895
v -0.37490979 -0.13505369 -0.06721385
v -0.37104085 -0.14165509 -0.05185179
v -0.38385031 -0.14378914 -0.05591432
v -0.36480221 -0.13094932 -0.05889022
v -0.35635427 -0.13124137 -0.06220778
v -0.35536930 -0.13474481 -0.05927270
v -0.36405197 -0.13477996 -0.05520859
v -0.36848876 -0.13508078 -0.05364734
v -0.36548826 -0.14097258 -0.05420407
v -0.35912982 -0.13831317 -0.07208505
v -0.35935643 -0.13311347 -0.06956199
v -0.35775331 -0.14279296 -0.07119069
v -0.39287445 -0.13309351 -0.05744227
v -0.37922040 -0.12130687 -0.05264108
v -0.35530588 -0.14686248 -0.06518972
v -0.35627726 -0.14602563 -0.06891209
v -0.35809657 -0.13027281 -0.06579545
v -0.36536232 -0.13119744 -0.06319723
v -0.35513690 -0.13992843 -0.05899337
v -0.35548899 -0.14480275 -0.06123590
v -0.34828487 -0.13693455 -0.06208531
v -0.34717074 -0.14148518 -0.06363040
v -0.34598765 -0.14325400 -0.06604820
v -0.34712753 -0.14358164 -0.06933320
v -0.34932336 -0.14170656 -0.07202280
v -0.34961244 -0.13289639 -0.06408305
v -0.35165724 -0.13130957 -0.06722975
v -0.35261229 -0.13180038 -0.06887056
v -0.34763494 -0.12828425 -0.06728613
v -0.34417072 -0.13060205 -0.06508015
v -0.33487436 -0.13314389 -0.06838089
v -0.33104971 -0.13113740 -0.06978135
v -0.33143303 -0.13227123 -0.07164761
v -0.33499256 -0.13499989 -0.06994231
v -0.33764133 -0.13461357 -0.06630163
v -0.33958969 -0.13757369 -0.06685619
v -0.33962819 -0.13225968 -0.06502953
v -0.33604875 -0.13001853 -0.06664151
v -0.33571109 -0.12531573 -0.06865855
v -0.33254752 -0.12802751 -0.06812042
v -0.33925250 -0.12722681 -0.06699142
v -0.34126368 -0.12963957 -0.06504731
v -0.32839140 -0.12935869 -0.07234004
v -0.32920679 -0.12904352 -0.07057407
v -0.34226677 -0.13561340 -0.06513008
v -0.34074840 -0.14041080 -0.06971242
v -0.33623186 -0.13641147 -0.07231441
v -0.33208773 -0.13326645 -0.07456955
v -0.33042571 -0.12922534 -0.07516609
v -0.33476070 -0.13252717 -0.07683013
v -0.33867308 -0.13610204 -0.07497171
v -0.33290610 -0.12887418 -0.07732783
v -0.33733115 -0.13085446 -0.07795906
v -0.34155646 -0.13448246 -0.07697718
v -0.34721318 -0.13787711 -0.07435432
v -0.34394035 -0.13987508 -0.07226031
v -0.33512625 -0.12861782 -0.07794657
v -0.32936791 -0.12482950 -0.07132988
v -0.33164486 -0.12464750 -0.07435565
v -0.33012274 -0.12643892 -0.06940922
v -0.34160861 -0.12572736 -0.06777480
v -0.33755794 -0.12329115 -0.06933874
v -0.34397092 -0.12477174 -0.07008064
v -0.33941451 -0.12237731 -0.07147951
v -0.33286747 -0.12429477 -0.06924051
v -0.33377543 -0.12293436 -0.07023226
v -0.35212377 -0.13827945 -0.07240242
v -0.35329154 -0.13428691 -0.07148249
v -0.34944484 -0.13466346 -0.07463215
v -0.34379372 -0.13104399 -0.07762462
v -0.35014954 -0.13136223 -0.07268901
v -0.34931865 -0.12884098 -0.07087049
v -0.34530947 -0.12529291 -0.07274924
v -0.34534404 -0.12758678 -0.07568899
v -0.34096649 -0.12488832 -0.07640107
v -0.34102055 -0.12281154 -0.07417427
v -0.33927926 -0.12783408 -0.07834691
v -0.33658460 -0.12282945 -0.07497452
v -0.33499262 -0.12207717 -0.07275538
v -0.33778498 -0.12399891 -0.07654804
v -0.33601984 -0.12596691 -0.07786076
v -0.33373061 -0.12509486 -0.07655981
v -0.37928638 -0.12142923 -0.05680392
v -0.39272827 -0.13415447 -0.04757204
v -0.39043561 -0.13482878 -0.04619202
v -0.38729820 -0.14083686 -0.04929427
v -0.39046299 -0.14063510 -0.04954981
v -0.38355419 -0.13306984 -0.04664828
v -0.38210917 -0.13184908 -0.04978318
v -0.38387269 -0.13802871 -0.05288297
v -0.38309234 -0.13870624 -0.05116464
v -0.38281059 -0.13152829 -0.05327656
v -0.38672823 -0.13764212 -0.05590653
v -0.39782372 -0.12598994 -0.04298807
v -0.39594856 -0.12430313 -0.03961092
v -0.38623706 -0.12969443 -0.04009327
v -0.38983878 -0.13036010 -0.04082036
v -0.39041579 -0.12170312 -0.05080637
v -0.38663295 -0.11908916 -0.05037059
v -0.38623801 -0.11269662 -0.03942342
v -0.37990856 -0.10921499 -0.03498502
v -0.38625136 -0.13446662 -0.04523719
v -0.38458210 -0.14005050 -0.04999876
v -0.39542845 -0.13161096 -0.04957200
v -0.39562860 -0.12924269 -0.05175857
v -0.38844183 -0.12033233 -0.05132106
v -0.39175278 -0.12271383 -0.05088052
v -0.39125258 -0.12235770 -0.04506513
v -0.39307544 -0.12496772 -0.05139130
v -0.37939826 -0.11112669 -0.03813679
v -0.37959725 -0.11365053 -0.04138487
v -0.39482126 -0.12447330 -0.04577833
v -0.38389477 -0.11924621 -0.04221817
v -0.38344967 -0.11875293 -0.04686829
v -0.38470599 -0.11977550 -0.04936683
v -0.38328668 -0.12288794 -0.04635152
v -0.39252916 -0.13097790 -0.04405453
v -0.39337897 -0.12560001 -0.04896369
v -0.39379287 -0.12941727 -0.04725510
v -0.38797626 -0.12867734 -0.05452115
v -0.38257238 -0.12804320 -0.04218110
v -0.39495084 -0.13989708 -0.05136741
v -0.39358929 -0.14932522 -0.05722254
v -0.39472628 -0.14837602 -0.05808261
v -0.39487559 -0.13775656 -0.05281682
v -0.38993606 -0.12700793 -0.05437719
v -0.39128169 -0.13643590 -0.05518400
v -0.38448253 -0.14993826 -0.05831971
v -0.38792521 -0.14958784 -0.05606119
v -0.38312951 -0.14897969 -0.05993978
v -0.39089069 -0.12145814 -0.03743933
v -0.38555503 -0.14627144 -0.06262001
v -0.38307458 -0.14763466 -0.06186434
v -0.39108485 -0.14926401 -0.05614672
v -0.39357609 -0.14013490 -0.05047786
v -0.39398843 -0.14698246 -0.05955410
v -0.39028326 -0.14663950 -0.06125138
v -0.38927338 -0.15646341 -0.06409833
v -0.38928649 -0.15411988 -0.06891751
v -0.38541904 -0.15456840 -0.06847540
v -0.38309446 -0.15442470 -0.06793901
v -0.38241968 -0.15492132 -0.06610191
v -0.39009163 -0.15657315 -0.06290582
v -0.38755712 -0.15690365 -0.06152662
v -0.38787416 -0.15678504 -0.06130346
v -0.38775554 -0.16479698 -0.06306547
v -0.39206472 -0.16408250 -0.06698817
v -0.38930807 -0.16335723 -0.07592791
v -0.38973907 -0.16549781 -0.07790315
v -0.38772359 -0.16513357 -0.07867992
v -0.38765642 -0.16219047 -0.07702404
v -0.39026648 -0.16113099 -0.07464099
v -0.38939697 -0.15923485 -0.07392937
v -0.39197886 -0.16213986 -0.07281131
v -0.39208296 -0.16484573 -0.07425809
v -0.39214578 -0.17062858 -0.07267505
v -0.39258531 -0.16750053 -0.07588118
v -0.39304331 -0.16792771 -0.07071584
v -0.39321280 -0.16455969 -0.07045442
v -0.38866094 -0.16790023 -0.08030593
v -0.39051932 -0.16751680 -0.07919961
v -0.39168513 -0.16104802 -0.06958950
v -0.38580391 -0.15831271 -0.07329369
v -0.38482898 -0.16177902 -0.07694250
v -0.38525009 -0.16530970 -0.07910025
v -0.38610390 -0.16874096 -0.07984567
v -0.38278177 -0.16549459 -0.07768899
v -0.38205639 -0.16174540 -0.07516664
v -0.38377297 -0.16872987 -0.07820976
v -0.38131887 -0.16599789 -0.07513958
v -0.38028070 -0.16249302 -0.07233292
v -0.38116845 -0.15808007 -0.06879878
v -0.38325316 -0.15787926 -0.07130653
v -0.38252032 -0.16823289 -0.07647294
v -0.38984370 -0.17116448 -0.07858157
v -0.38693336 -0.17166170 -0.07786375
v -0.39225549 -0.17001924 -0.07780445
v -0.39098272 -0.16885987 -0.06879067
v -0.39018670 -0.17193267 -0.07127041
v -0.38801119 -0.16919312 -0.06682593
v -0.38733122 -0.17256323 -0.07048935
v -0.39176571 -0.17175528 -0.07486492
v -0.38999391 -0.17303202 -0.07477838
v -0.38285348 -0.15545031 -0.06386250
v -0.38583803 -0.15597883 -0.06119689
v -0.38167104 -0.15920255 -0.06566760
v -0.37987438 -0.16409215 -0.06925344
v -0.38158819 -0.16153333 -0.06351286
v -0.38419694 -0.16356692 -0.06243747
v -0.38453373 -0.16886207 -0.06613630
v -0.38143641 -0.16713843 -0.06695759
v -0.38205278 -0.17025152 -0.07101995
v -0.38447124 -0.17179683 -0.07051659
v -0.38111416 -0.16762486 -0.07271415
v -0.38470098 -0.17201588 -0.07422477
v -0.38703144 -0.17308637 -0.07451683
v -0.38300052 -0.17089835 -0.07382566
v -0.38284504 -0.16967985 -0.07526374
v -0.38459873 -0.17091241 -0.07666105
v -0.38718656 -0.11390600 -0.03919531
v -0.34974250 -0.12401804 -0.08611074
v -0.34466931 -0.12550285 -0.08673105
v -0.34918591 -0.11726412 -0.07046582
v -0.35281149 -0.11925885 -0.07728942
v -0.34266192 -0.11749247 -0.06717803
v -0.33553287 -0.12189975 -0.07301071
v -0.33792534 -0.11946926 -0.06921882
v -0.35270673 -0.12152955 -0.08238456
v -0.33975032 -0.12633279 -0.08487369
v -0.33547518 -0.12479499 -0.07868028
v -0.34090880 -0.13676056 -0.07573912
v -0.33955839 -0.13445976 -0.07191088
v -0.34406307 -0.13062033 -0.06774935
v -0.34519255 -0.12880853 -0.06689134
v -0.34849745 -0.12620386 -0.06737182
v -0.34370655 -0.13657215 -0.08176535
v -0.34799093 -0.13502750 -0.08401653
v -0.35128695 -0.13079384 -0.08166510
v -0.34485382 -0.14510056 -0.07468235
v -0.34724635 -0.14696226 -0.06751549
v -0.35643083 -0.14426848 -0.05775556
v -0.35744071 -0.14797357 -0.05725765
v -0.36102486 -0.14621791 -0.05936876
v -0.36002284 -0.14151034 -0.05952556
v -0.35484701 -0.14265934 -0.05872807
v -0.35643518 -0.13803861 -0.06046633
v -0.35096371 -0.14849177 -0.05862464
v -0.35043326 -0.14600196 -0.06075124
v -0.34770018 -0.14894578 -0.06317401
v -0.34808847 -0.15162715 -0.06308755
v -0.35276124 -0.15173522 -0.05767583
v -0.35524577 -0.15423355 -0.05856655
v -0.35801822 -0.15139225 -0.05766470
v -0.36010900 -0.15110138 -0.05992357
v -0.34976807 -0.14417443 -0.06281646
v -0.35801619 -0.13282272 -0.06480874
v -0.36239091 -0.13857207 -0.06355396
v -0.36297706 -0.14551648 -0.06338139
v -0.36110008 -0.15094087 -0.06388251
v -0.36360011 -0.14496115 -0.06875443
v -0.36326292 -0.13722131 -0.06907359
v -0.36163145 -0.15027961 -0.06829478
v -0.36186615 -0.14536807 -0.07280970
v -0.36164293 -0.13808289 -0.07476754
v -0.35824761 -0.12963989 -0.07431835
v -0.35831037 -0.13007578 -0.06897295
v -0.36102864 -0.14950231 -0.07124294
v -0.35707361 -0.15569058 -0.06093648
v -0.35786173 -0.15520814 -0.06510970
v -0.34788525 -0.15221700 -0.06776704
v -0.34912136 -0.15590689 -0.06599012
v -0.34906471 -0.15480402 -0.06160177
v -0.34807506 -0.15092644 -0.07309410
v -0.35019025 -0.15550682 -0.07078883
v -0.35190547 -0.15620306 -0.06051033
v -0.35241020 -0.15726832 -0.06361569
v -0.35203221 -0.12469760 -0.07102698
v -0.35325545 -0.12664959 -0.07643791
v -0.35548887 -0.13411930 -0.07966569
v -0.35805362 -0.14059767 -0.07901961
v -0.35140100 -0.13938937 -0.08232988
v -0.34644595 -0.14285806 -0.08029430
v -0.35015392 -0.14911547 -0.07781072
v -0.35311583 -0.14517102 -0.08036591
v -0.35536072 -0.15107682 -0.07620277
v -0.35246995 -0.15374973 -0.07454319
v -0.35900575 -0.14786556 -0.07560146
v -0.35537854 -0.15514186 -0.07132894
v -0.35373923 -0.15678862 -0.06788428
v -0.35662195 -0.15285775 -0.07336536
v -0.35875201 -0.15152732 -0.07221308
v -0.35851401 -0.15359291 -0.06908175
v -0.37581930 -0.10370669 -0.03224758
v -0.37438059 -0.10589561 -0.03736446
v -0.37267256 -0.10086843 -0.03601060
v -0.36865476 -0.09576496 -0.03384303
v -0.36827594 -0.08775666 -0.02796053
v -0.36747980 -0.09672472 -0.04060563
v -0.37251419 -0.10217175 -0.04231104
v -0.37589714 -0.10943541 -0.04460481
v -0.36303359 -0.09163097 -0.04576061
v -0.00822135 0.45236138 -0.12074721
v -0.01030734 0.43610689 -0.12841292
v -0.19502614 0.31884161 -0.05767100
v -0.20721781 0.32886758 -0.06252372
v -0.24894185 0.35554698 -0.03068049
v -0.25580159 0.36159495 -0.00853163
v -0.07664372 0.14000329 -0.14190717
v -0.11371403 0.21726134 0.05245975
v -0.11669277 0.23890522 0.05432892
v -0.03565312 0.23466203 0.07410131
v -0.05656173 0.23156336 0.07548875
v -0.15238783 0.18837157 -0.05515934
v -0.15324803 0.21055070 -0.05801558
v -0.11403338 0.17010251 -0.11200246
v -0.11581703 0.19438300 -0.11580059
v -0.14327227 0.15975210 -0.07417703
v -0.07808371 0.18210909 0.07069549
v -0.09738137 0.18029782 0.06462137
v -0.09526280 0.20150092 0.06327324
v -0.07651543 0.20469996 0.07103007
v -0.01570939 0.23637280 0.06738073
v -0.01589301 0.21148744 0.06652316
v -0.15901618 0.23738489 -0.03524132
v -0.15744473 0.24168155 -0.00851555
v -0.13788418 0.25225493 0.03817643
v -0.12140270 0.25925353 0.05517721
v -0.10197856 0.26738343 0.06641661
v -0.08046187 0.27533546 0.07372585
v -0.10108279 0.21592620 -0.13513252
v -0.08235657 0.23795751 -0.14873582
v -0.15366963 0.23316714 -0.06105306
v -0.03827782 0.20817402 -0.16295774
v -0.05937161 0.30645463 0.07974045
v -0.03389376 0.30973402 0.08043848
v -0.15034053 0.24650899 0.01629972
v -0.03011414 0.39294198 -0.14459036
v -0.04859367 0.39674893 -0.14325239
v -0.04852074 0.38068780 -0.14999583
v -0.03043003 0.37641230 -0.15015371
v -0.06604289 0.38337091 -0.14761239
v -0.08261555 0.38530281 -0.14378119
v -0.09799197 0.38645408 -0.13907796
v -0.13610269 0.38270482 -0.12239243
v -0.12475698 0.38545880 -0.12862578
v -0.15289502 0.37321332 -0.10555801
v -0.14534441 0.37888965 -0.11504708
v -0.15736082 0.36546621 -0.09285223
v -0.15799695 0.35668245 -0.07735066
v -0.16146797 0.35879216 -0.05594110
v -0.15934891 0.34805015 -0.06063094
v -0.15411606 0.34504226 -0.08268754
v -0.15245070 0.35416213 -0.09718814
v -0.14840020 0.36137256 -0.10971068
v -0.02438926 0.30697086 -0.15358306
v -0.01832672 0.33172956 -0.15312144
v -0.00552248 0.46734312 -0.11299776
v -0.29441386 0.13688299 0.01867048
v -0.33035183 0.03114614 -0.07588658
v 0.00235676 0.50481188 0.04289887
v -0.01714742 0.51120710 0.04548084
v -0.08589345 0.52483833 0.03771637
v -0.10792198 0.53066015 0.01767473
v -0.06260016 0.51762426 0.04920757
v -0.03945119 0.50894046 0.05272263
v -0.14241628 0.25024787 -0.08747389
v -0.01984477 0.47402653 0.06199216
v -0.04100080 0.49775478 0.05955080
v -0.06922854 0.50777721 0.05641260
v -0.09727204 0.51473117 0.04562018
v -0.12514383 0.51984072 0.02579397
v -0.14355086 0.51562452 0.01893044
v -0.16582046 0.49219552 0.02621900
v -0.18890209 0.48265246 0.01452127
v -0.19347039 0.49273106 -0.00462234
v -0.18196580 0.50056350 0.00139695
v -0.17697652 0.48839691 0.02012834
v -0.24220613 0.39280048 -0.00063726
v -0.24599497 0.36516812 0.01709357
v -0.24778950 0.37665710 0.00633599
v -0.23825614 0.35602567 0.02780617
v -0.23087731 0.34968963 0.03469403
v -0.22116537 0.34719595 0.04032442
v -0.20979676 0.35268876 0.04352339
v -0.17807040 0.37479773 0.04289329
v -0.16924673 0.38321224 0.04143259
v -0.16418198 0.37425777 0.05236599
v -0.16036338 0.36885914 0.05472607
v -0.14243983 0.35195068 0.05814387
v -0.13380033 0.33748868 0.06020359
v -0.12352554 0.32215968 0.06414844
v -0.10885975 0.08194083 0.07695298
v -0.10674998 0.09892863 0.07195811
v -0.08744088 0.09724918 0.07906680
v -0.08993288 0.07947725 0.08605820
v -0.04069015 0.13440499 0.07470338
v -0.01905528 0.13318819 0.07128203
v -0.15195456 0.09739023 0.02251663
v -0.15764128 0.09203047 -0.00190231
v -0.12490810 0.10084260 0.05974491
v -0.14012629 0.09997758 0.04341451
v -0.15659744 0.08403024 -0.02688916
v -0.10511549 0.04463765 -0.10205629
v -0.08692453 0.03764588 -0.11514768
v -0.04957025 0.02866071 -0.13397709
v -0.03183018 0.02573434 -0.13915321
v -0.14973296 0.07377133 -0.05024130
v -0.06791337 0.03248081 -0.12641801
v -0.13881941 0.06345522 -0.07000892
v -0.12235858 0.05329198 -0.08711615
v -0.06294474 0.13616338 0.07589358
v -0.06474874 0.11396325 0.07877100
v -0.08548696 0.11576617 0.07667784
v -0.04370575 0.38014188 0.08574188
v -0.02342110 0.37527302 0.08052590
v -0.06397638 0.38608959 0.08932193
v -0.07952676 0.41055408 0.08841157
v -0.08387589 0.39282712 0.08811174
v -0.10276382 0.40085849 0.08423898
v -0.09910289 0.41640869 0.08393380
v -0.13573505 0.42054990 0.07119958
v -0.13633092 0.40811703 0.07257921
v -0.14926259 0.40918830 0.06700917
v -0.15021518 0.42043701 0.06621046
v -0.16834305 0.41005489 0.05605962
v -0.16027765 0.40930560 0.06193037
v -0.17559431 0.40937999 0.04994057
v -0.18516216 0.40508446 0.04883536
v -0.19473167 0.42627016 0.04561903
v -0.18398590 0.43124560 0.04889550
v -0.13835303 0.43378481 0.06876162
v -0.11989596 0.43441013 0.07476428
v -0.01914782 0.41041067 0.07682486
v -0.00112284 0.40553221 0.07069403
v -0.16308835 0.34167680 -0.04208615
v -0.16674553 0.33759323 -0.02201060
v -0.16864002 0.33691862 -0.00231701
v -0.16895480 0.33887991 0.01497446
v -0.16377801 0.34442338 0.03135988
v -0.15755875 0.35110888 0.04495245
v -0.15585427 0.36244884 0.05687070
v -0.14979799 0.35959789 0.05621561
v -0.15000261 0.37157437 0.06456688
v -0.14165093 0.36929873 0.06523666
v -0.12619777 0.39273432 0.07633397
v -0.13396288 0.38051680 0.07181208
v -0.12036506 0.40537545 0.07848763
v -0.11809859 0.41931507 0.07790388
v -0.09940659 0.43289807 0.08136575
v -0.07865360 0.42928550 0.08611232
v -0.06154822 0.46041611 0.07865861
v -0.05782834 0.44125524 0.08386473
v -0.05814102 0.42386416 0.08711132
v -0.05939870 0.40600362 0.08897482
v -0.06544993 0.54663360 0.01031112
v -0.04294910 0.54167545 0.02161916
v -0.21032926 0.36202869 0.04384365
v -0.21790582 0.36078373 0.04111138
v -0.21412261 0.37007084 0.04232423
v -0.21015367 0.36855903 0.04402316
v -0.22427715 0.36314860 0.03730548
v -0.23133163 0.36879215 0.03151960
v -0.22525781 0.37957433 0.03442759
v -0.21846129 0.37359026 0.03939504
v -0.23764083 0.37700704 0.02319304
v -0.23060273 0.38739547 0.02735518
v -0.23967001 0.38690063 0.01491444
v -0.23766880 0.39858189 0.00949496
v -0.23416369 0.40231350 0.01526800
v -0.23350534 0.39558640 0.02054604
v -0.21375591 0.43603155 0.02549035
v -0.22243296 0.42439166 0.02115795
v -0.22935630 0.41224703 0.01717695
v -0.19510333 0.39848599 0.04775326
v -0.20486519 0.39117166 0.04532741
v -0.21268883 0.38166109 0.04236376
v -0.21860969 0.38928387 0.03778397
v -0.21022059 0.39915326 0.04219690
v -0.20034188 0.40753946 0.04594037
v -0.03906260 0.39872566 0.08471417
v -0.02000184 0.39327040 0.07895148
v -0.17075098 0.42053834 0.05523028
v -0.16184680 0.42088881 0.06062194
v -0.17972969 0.41934350 0.05083678
v -0.19021459 0.41513506 0.04844486
v -0.17446426 0.43277732 0.05354531
v -0.16447558 0.43332067 0.05803100
v -0.15276425 0.43359408 0.06310807
v -0.03854545 0.41779456 0.08310908
v -0.00202327 0.38879696 0.07346404
v -0.17472407 0.44963548 -0.08273253
v -0.18523081 0.47200504 -0.07339194
v -0.19506148 0.48898897 -0.05475517
v -0.19743884 0.49607924 -0.02927405
v -0.23290586 0.19519725 0.00939753
v -0.01654057 0.18604973 0.06572245
v -0.01776563 0.15977845 0.06680574
v -0.03864034 0.15983453 0.07124013
v -0.01152632 0.30963686 0.07418962
v -0.00446134 0.37079802 0.07532351
v -0.10852097 0.35711369 -0.14542781
v -0.09606497 0.35733661 -0.15091023
v -0.09667563 0.37162259 -0.14568938
v -0.10996453 0.37176499 -0.14037962
v -0.12896158 0.35664698 -0.13209571
v -0.11934333 0.35725835 -0.13918428
v -0.12189662 0.37128553 -0.13434567
v -0.13239981 0.36978403 -0.12751713
v -0.13721180 0.35419384 -0.12390831
v -0.14143741 0.36666837 -0.11957404
v -0.11811379 0.34252384 -0.14311641
v -0.10797311 0.34229621 -0.14982414
v -0.09614572 0.34259275 -0.15490694
v -0.13383070 0.34138343 -0.12775627
v -0.12662178 0.34248760 -0.13573690
v 0.00608907 0.53822982 -0.10860336
v -0.00259443 0.48880008 -0.10268183
v -0.00106041 0.49866775 -0.10021904
v -0.01553543 0.35160157 -0.15099752
v -0.01266938 0.38736686 -0.14369892
v -0.01209870 0.40354601 -0.13930246
v -0.01164960 0.41994861 -0.13442802
v -0.00359629 0.47907677 -0.10714242
v -0.01391780 0.36918023 -0.14781302
v -0.15739885 -0.07880178 0.07314688
v -0.13973039 -0.09529892 0.09286135
v -0.14435895 -0.07089707 0.08828495
v -0.13114733 -0.08334467 0.10193354
v -0.15270483 -0.00546551 0.05988046
v -0.15186489 -0.03058276 0.06667335
v -0.15391544 0.02077672 0.05526885
v -0.11194196 -0.09250534 0.11283889
v -0.08696947 -0.09681103 0.12002273
v -0.08421611 -0.07872468 0.12591003
v -0.13803430 0.01840481 0.07836027
v -0.13795388 -0.00765726 0.08289692
v -0.15002339 -0.05293295 0.07723413
v -0.13803667 -0.05311629 0.09293580
v -0.13676986 -0.06708047 0.09621996
v -0.10816014 -0.07665598 0.11776978
v -0.12618221 -0.07239264 0.10593399
v -0.02605319 0.05519021 0.10343325
v -0.05303846 0.05618995 0.10390121
v -0.04986772 0.07542300 0.09346755
v -0.11416546 0.06309316 0.08434886
v -0.12650557 0.08384141 0.06341319
v -0.12417506 -0.05590776 0.10713351
v -0.10564247 -0.05720440 0.12037143
v -0.08158566 -0.05750385 0.12926385
v -0.07963584 0.01507875 0.12002383
v -0.07992382 -0.00887191 0.12593436
v -0.10250148 -0.00978813 0.11681592
v -0.10162666 0.01546344 0.11090086
v -0.11833762 0.04134652 0.09144059
v -0.12073846 0.01621166 0.09712954
v -0.07801940 0.03790590 0.11131604
v -0.09920636 0.03958747 0.10338299
v -0.09507742 0.06089464 0.09486465
v -0.12176311 -0.00978324 0.10240725
v -0.05287419 -0.03260913 0.13329080
v -0.08086146 -0.03238246 0.12937652
v -0.02480802 -0.03280255 0.12909573
v -0.07540519 0.05891389 0.10140286
v -0.07065801 0.07783198 0.09144446
v -0.06665185 0.09559050 0.08260037
v -0.06083699 0.16035739 0.07236220
v -0.16111355 -0.32886204 -0.03766915
v -0.01416337 -0.16315129 -0.01782054
v -0.00891436 -0.15050533 0.00830081
v -0.18010399 -0.05325618 -0.04406638
v -0.17706016 -0.06197155 0.02932380
v -0.16321103 -0.05586553 0.05550581
v -0.05040232 -0.16708055 -0.07624543
v -0.03316516 -0.17249671 -0.05732635
v -0.16617972 -0.06834278 -0.06958298
v -0.12445757 -0.12811992 -0.09582584
v -0.02230092 -0.17138132 -0.03875501
v -0.13821140 -0.03204980 0.08783185
v -0.12311339 -0.03454307 0.10552919
v -0.10367304 -0.03450075 0.12082830
v -0.05332553 -0.05703402 0.13195580
v -0.02415807 -0.05593324 0.12709427
v -0.03633071 -0.11972219 -0.11952950
v -0.03209966 -0.10882041 -0.12442860
v -0.02403831 -0.11269340 -0.12477285
v -0.02401421 -0.12860504 -0.11677891
v -0.10407457 0.02531025 -0.10073419
v -0.08455782 0.01780212 -0.11296894
v -0.04769252 0.00756550 -0.12929825
v -0.03059490 0.00431326 -0.13407199
v -0.15409125 0.05624554 -0.05030846
v -0.06571550 0.01204422 -0.12233067
v -0.14166568 0.04511693 -0.07004341
v -0.12333134 0.03446576 -0.08647105
v -0.18798427 -0.75476420 0.13586161
v -0.19368510 -0.78408289 0.13528924
v -0.19198647 -0.77989495 0.15012781
v -0.18396127 -0.75058806 0.15012918
v -0.19389392 -0.74080026 0.17730168
v -0.18541707 -0.74454129 0.16949330
v -0.20802090 -0.73792362 0.18069057
v -0.20972049 -0.76714385 0.18460354
v -0.22187178 -0.76728868 0.17881158
v -0.22193277 -0.73772585 0.17728359
v -0.23231980 -0.73874593 0.16955385
v -0.24409829 -0.77349842 0.14455643
v -0.24471894 -0.74513876 0.14021388
v -0.24014670 -0.74063790 0.15898417
v -0.24100566 -0.76990366 0.16305260
v -0.24229817 -0.75274909 0.12068543
v -0.24378054 -0.77950346 0.12552789
v -0.23034880 -0.75823796 0.10984233
v -0.19547004 -0.75919974 0.12164110
v -0.19981806 -0.78802347 0.11944687
v -0.19734672 -0.76911318 0.18212609
v -0.19066979 -0.77388060 0.17189005
v -0.18243808 -0.74815655 0.16016695
v -0.19151752 -0.77679276 0.16099077
v -0.19414505 -0.81025434 0.14891616
v -0.19048077 -0.81486118 0.13096721
v -0.19761373 -0.79828024 0.18645865
v -0.19696173 -0.80269837 0.17344591
v -0.21993174 -0.79707229 0.18057480
v -0.20872569 -0.79558778 0.19020444
v -0.24479358 -0.79805088 0.16905662
v -0.23248971 -0.76816928 0.17197695
v -0.23346193 -0.79729915 0.17549860
v -0.24925752 -0.80064821 0.15077443
v -0.25061986 -0.80643332 0.12872802
v -0.20194411 -0.81623971 0.11414787
v -0.19677274 -0.80609345 0.16208220
v -0.32403457 -0.92121458 0.00573784
v -0.32799587 -0.92028236 0.00821481
v -0.32999361 -0.92476285 0.00908675
v -0.32349446 -0.92731118 0.00526710
v -0.28474203 -0.92662632 -0.02347359
v -0.29347083 -0.92385244 -0.02262699
v -0.29575446 -0.93235636 -0.01804241
v -0.28379753 -0.93635559 -0.01966878
v -0.31778583 -0.93311954 -0.00247804
v -0.31320491 -0.93387151 -0.00469318
v -0.31331763 -0.93075621 -0.00929097
v -0.32142058 -0.92881083 -0.00552648
v -0.33913830 -0.91608715 0.05124425
v -0.33586079 -0.91730261 0.04848446
v -0.33616260 -0.91320527 0.04508946
v -0.34033617 -0.91215372 0.04949215
v -0.33548748 -0.92364156 0.03061299
v -0.33228323 -0.92507410 0.02810339
v -0.33281013 -0.92124331 0.02407401
v -0.33678699 -0.92086029 0.02845490
v -0.28662944 -0.91530824 0.00043317
v -0.29210210 -0.91854084 -0.01343725
v -0.27841651 -0.92276156 -0.01519778
v -0.27100083 -0.91604447 -0.00295603
v -0.27157488 -0.93281233 -0.01205065
v -0.27885869 -0.93656385 -0.00536386
v -0.27132714 -0.93462110 0.00807433
v -0.26323026 -0.92764461 0.00201075
v -0.29201096 -0.93494415 -0.00278788
v -0.28639749 -0.93253291 0.00986255
v -0.29411986 -0.92358673 0.00617020
v -0.30128253 -0.92563403 -0.00712484
v -0.31338236 -0.92063904 0.01309094
v -0.32202050 -0.92420614 0.00335363
v -0.31602895 -0.91959798 -0.00140275
v -0.30843773 -0.91406739 0.00867349
v -0.30821702 -0.92192972 -0.00544385
v -0.29840603 -0.91672945 0.00330165
v -0.29583940 -0.92662358 0.00533411
v -0.30353853 -0.92947245 -0.00601428
v -0.30764714 -0.93325233 0.00060089
v -0.29949817 -0.93061006 0.01168669
v -0.30842179 -0.92785692 0.01549033
v -0.31606576 -0.93157172 0.00497571
v -0.31995690 -0.91876960 0.01029584
v -0.31356975 -0.91288722 0.01716884
v -0.32235035 -0.90975475 0.02286849
v -0.32661030 -0.91685867 0.01378367
v -0.31525183 -0.92688847 0.02349420
v -0.31096119 -0.92352295 0.01799293
v -0.31672582 -0.92671943 0.01025005
v -0.32099131 -0.92994392 0.01451172
v -0.32776579 -0.92843890 0.01785319
v -0.32320303 -0.92420471 0.02781628
v -0.32731009 -0.91618645 0.02631970
v -0.33177194 -0.92158461 0.01709707
v -0.33512229 -0.91195631 0.03269117
v -0.33151552 -0.90514326 0.04089024
v -0.33498123 -0.91160965 0.04474055
v -0.33782884 -0.91718471 0.03628989
v -0.32555571 -0.90786040 0.03476474
v -0.33026633 -0.91274405 0.02882208
v -0.32561746 -0.92152810 0.03940131
v -0.32428804 -0.91471565 0.03358806
v -0.32661501 -0.91842437 0.02755061
v -0.32820043 -0.92510545 0.03212370
v -0.33440903 -0.92370105 0.03646894
v -0.33162808 -0.91962838 0.04553581
v -0.34095341 -0.90959895 0.05684942
v -0.33943573 -0.90440798 0.05345691
v -0.33704475 -0.89945149 0.06142258
v -0.33734778 -0.90586424 0.06597126
v -0.33277810 -0.90105534 0.05449196
v -0.33484706 -0.90505898 0.04900657
v -0.33082348 -0.91493201 0.05844760
v -0.33130583 -0.90804970 0.05369243
v -0.33178487 -0.91092372 0.04874643
v -0.33249837 -0.91723335 0.05259353
v -0.33819678 -0.91584444 0.05705998
v -0.33502010 -0.91261363 0.06467599
v -0.26466504 -0.90991199 0.00997585
v -0.28446418 -0.91163719 0.01516152
v -0.28512380 -0.93723071 -0.01349772
v -0.25812903 -0.92331982 0.01586078
v -0.29228577 -0.93613231 -0.01201863
v -0.28524891 -0.92905974 0.02359479
v -0.26615837 -0.93052554 0.02203122
v -0.29045632 -0.92283022 0.01240123
v -0.31870991 -0.92375493 -0.00707553
v -0.30741325 -0.92005563 0.02171769
v -0.30412999 -0.92542589 0.03228863
v -0.31382534 -0.92537880 -0.00943288
v -0.30211180 -0.90822053 0.02420085
v -0.31569317 -0.90457368 0.03925921
v -0.32472482 -0.93046391 0.00944426
v -0.32836545 -0.92945933 0.01122356
v -0.31880912 -0.92116523 0.04540563
v -0.32326686 -0.91353905 0.03495355
v -0.33572045 -0.91644764 0.02757202
v -0.33190331 -0.90758145 0.05358543
v -0.32770920 -0.91580617 0.06092355
v -0.33309439 -0.91633964 0.02550172
v -0.32647499 -0.89846146 0.05587951
v -0.33868363 -0.90853441 0.04910960
v -0.33169392 -0.91109681 0.07513031
v -0.33387542 -0.90204644 0.07750143
v -0.33669353 -0.90855873 0.04628241
v -0.33242631 -0.89474213 0.07060108
v -0.20576446 -0.76200438 0.11103687
v -0.21088645 -0.79032385 0.10912693
v -0.21822438 -0.76197207 0.10694668
v -0.23505127 -0.78564489 0.11250894
v -0.22613199 -0.78894162 0.10715871
v -0.21662380 -0.81849813 0.10385559
v -0.24282919 -0.81258273 0.11293522
v -0.23094513 -0.81688070 0.10315408
v -0.24660403 -0.81983149 0.17772895
v -0.25578731 -0.82173049 0.16164178
v -0.23023698 -0.81997740 0.18199034
v -0.20719895 -0.81624734 0.19773997
v -0.21833193 -0.81828606 0.18879041
v -0.22220135 -0.83929920 0.09686469
v -0.20771359 -0.83904445 0.11233202
v -0.23854396 -0.83605218 0.09537274
v -0.25197777 -0.83197284 0.10864449
v -0.25355566 -0.90228653 0.02318123
v -0.24529535 -0.89704931 0.04288477
v -0.25955993 -0.88475156 0.04257292
v -0.27238581 -0.89750814 0.02851953
v -0.27679977 -0.88190842 0.05307666
v -0.28890625 -0.89685035 0.03947975
v -0.29042605 -0.88154650 0.06739865
v -0.30276710 -0.89428854 0.05330724
v -0.30187875 -0.88119411 0.08255868
v -0.31493267 -0.89078629 0.06879993
v -0.31152391 -0.88321197 0.09786749
v -0.32434428 -0.88952410 0.08301693
v -0.31812009 -0.89094627 0.10809138
v -0.32929116 -0.89680064 0.09178996
v -0.24685854 -0.91931069 0.03030971
v -0.23991972 -0.91289067 0.05030722
v -0.25747216 -0.92908323 0.03970652
v -0.24987970 -0.92442369 0.05956537
v -0.27447009 -0.92653048 0.04738415
v -0.26565599 -0.92230034 0.06739485
v -0.31604770 -0.90428698 0.10812941
v -0.32583082 -0.90928030 0.09012282
v -0.29120731 -0.92178380 0.05797473
v -0.28145218 -0.91688681 0.07765694
v -0.30569676 -0.91863108 0.07006794
v -0.29557335 -0.91370702 0.08947265
v -0.31698880 -0.91484189 0.08137584
v -0.30699459 -0.91035867 0.10039657
v -0.24517912 -0.87350416 0.06041022
v -0.26264179 -0.86511600 0.06721838
v -0.27558783 -0.86540067 0.08241726
v -0.28653401 -0.86824703 0.09907910
v -0.29528072 -0.87532616 0.11525296
v -0.30417508 -0.88362229 0.12648831
v -0.27360570 -0.85075569 0.12118939
v -0.27946931 -0.86872208 0.13650304
v -0.28719452 -0.87988222 0.14519173
v -0.26573962 -0.86309576 0.15873930
v -0.27136689 -0.87553751 0.16491306
v -0.24216199 -0.85690784 0.19525003
v -0.24725536 -0.87003410 0.20338343
v -0.25870734 -0.87101138 0.18551686
v -0.25290036 -0.85896146 0.17873228
v -0.26234573 -0.84538078 0.14816967
v -0.25148195 -0.84105694 0.16959505
v -0.23989162 -0.83842182 0.18389663
v -0.23596433 -0.86969960 0.21394363
v -0.23247758 -0.85538745 0.20672463
v -0.22089604 -0.85388350 0.21516606
v -0.22289418 -0.86963940 0.21955350
v -0.20252210 -0.85620749 0.21608835
v -0.20506403 -0.87285674 0.21820176
v -0.19109000 -0.86236715 0.20237111
v -0.19238865 -0.87858474 0.20484838
v -0.21969400 -0.83513796 0.20158021
v -0.22936380 -0.83746970 0.19284496
v -0.20584713 -0.83513057 0.20614257
v -0.19449987 -0.84024215 0.19524123
v -0.19714780 -0.84565949 0.17807940
v -0.19362681 -0.86750698 0.18282659
v -0.19174659 -0.88382721 0.18573016
v -0.23579299 -0.89049864 0.06603646
v -0.23468474 -0.90329564 0.07366173
v -0.26353621 -0.84748495 0.09606348
v -0.24895500 -0.84935498 0.08175394
v -0.22862215 -0.85983324 0.08466075
v -0.22197054 -0.88300145 0.09000660
v -0.22610164 -0.89644313 0.09899542
v -0.21740232 -0.89235103 0.12171027
v -0.21086033 -0.88025117 0.11441863
v -0.24259716 -0.91240394 0.08214843
v -0.23504889 -0.90178609 0.10636047
v -0.22556753 -0.89757288 0.12839629
v -0.20799494 -0.89003861 0.14150721
v -0.20347796 -0.87736881 0.13556512
v -0.20159653 -0.88759565 0.15775137
v -0.20064645 -0.87284744 0.15378021
v -0.19768611 -0.87005949 0.16800284
v -0.19601682 -0.88613069 0.17116012
v -0.20004070 -0.85246611 0.15110153
v -0.19849581 -0.84901774 0.16420396
v -0.20191985 -0.85815108 0.13213678
v -0.20979314 -0.86051953 0.10998274
v -0.30280250 -0.89709353 0.12824377
v -0.28773510 -0.89085746 0.14758183
v -0.27130315 -0.88563323 0.16625591
v -0.25749138 -0.88330114 0.18623562
v -0.24468803 -0.88264680 0.20218164
v -0.23429957 -0.88239419 0.21075463
v -0.20783663 -0.88332033 0.21345663
v -0.22239965 -0.88193858 0.21570167
v -0.19852942 -0.88719475 0.20411748
v -0.19907029 -0.89269972 0.18895711
v -0.20190352 -0.89563894 0.17636259
v -0.21506462 -0.89729500 0.14796260
v -0.20743348 -0.89750588 0.16336574
v -0.19413696 -0.83785462 0.13030809
v -0.19447264 -0.83311677 0.14878099
v -0.19616297 -0.82929695 0.16177063
v -0.19633618 -0.82076192 0.18944001
v -0.19805336 -0.82569206 0.17402114
v -0.25601140 -0.91336465 0.09070398
v -0.27081361 -0.90940285 0.10098663
v -0.28399795 -0.90639055 0.11219977
v -0.29472271 -0.90319645 0.12166114
v -0.28081018 -0.89678228 0.14270939
v -0.27094647 -0.89977455 0.13497888
v -0.25850648 -0.90301764 0.12505329
v -0.24573278 -0.90364659 0.11449179
v -0.26553801 -0.89239502 0.16206436
v -0.25700366 -0.89591455 0.15520065
v -0.24526514 -0.89919853 0.14669289
v -0.23489410 -0.90026927 0.13656111
v -0.22274771 -0.89979851 0.15605311
v -0.23122688 -0.89782798 0.16553853
v -0.24239844 -0.89420044 0.17334379
v -0.25044927 -0.89037132 0.18054299
v -0.23832643 -0.88878214 0.19469739
v -0.23094238 -0.89229429 0.18690644
v -0.22199360 -0.89622629 0.17917532
v -0.21438776 -0.89819026 0.17110060
v -0.22943017 -0.88771427 0.20235360
v -0.21168484 -0.88793850 0.20725721
v -0.22125515 -0.88729692 0.20698439
v -0.20534463 -0.89059985 0.20181325
v -0.20611918 -0.89379430 0.19155532
v -0.20970625 -0.89635408 0.18156062
v -0.21629095 -0.89404666 0.18750013
v -0.21256687 -0.89235651 0.19422682
v -0.22482422 -0.89110744 0.19427682
v -0.21864708 -0.88968873 0.19970924
v -0.21031731 -0.89080060 0.19967033
v -0.21380225 -0.88947129 0.20237666
v -0.25577751 -0.82980585 0.13247415
v -0.16747743 -0.49367991 0.02667345
v -0.15142646 -0.49142477 0.03197513
v -0.18286437 -0.48967031 0.02616205
v -0.14557576 -0.08402565 -0.08870959
v -0.09485045 0.14357987 -0.12606762
v -0.10001260 0.19084844 -0.13214111
v -0.09736057 0.16656548 -0.12894285
v -0.15224396 -0.11444572 -0.08695981
v -0.14347164 0.22780719 -0.08330666
v -0.11224061 0.38665757 -0.13392738
v 0.22307792 -0.87370467 0.21612275
v 0.23242673 -0.87120068 0.19730124
v 0.22534250 -0.85900903 0.19335882
v 0.02250504 0.67230690 -0.16229503
v -0.03970939 0.64656579 -0.09174700
v -0.03953680 0.63858354 -0.08502620
v -0.03666791 0.62711060 -0.09229220
v -0.03741886 0.63598454 -0.09969762
v -0.03181261 0.61635184 -0.10052419
v -0.03444339 0.62690294 -0.10614094
v -0.02594714 0.60762370 -0.10979223
v -0.02981952 0.61841202 -0.11368512
v -0.02042189 0.60231543 -0.12011518
v -0.02477494 0.61292267 -0.12220082
v -0.00598717 0.59698009 -0.14219634
v -0.00424962 0.59162891 -0.13879582
v 0.00189401 0.58803654 -0.14637861
v 0.00133352 0.59241939 -0.15018965
v 0.00928054 0.58566213 -0.15283225
v 0.00872565 0.58970690 -0.15640178
v 0.01715697 0.58435678 -0.15646915
v 0.01720801 0.58807087 -0.16020857
v 0.02671787 0.58419061 -0.15771200
v 0.02680505 0.58795249 -0.16149829
v 0.02721355 0.59744275 -0.16449155
v 0.01838127 0.59751642 -0.16367105
v 0.01755662 0.59264266 -0.16267665
v 0.02704722 0.59218621 -0.16352043
v 0.01103303 0.59876370 -0.15981418
v 0.00936849 0.59388340 -0.15851294
v 0.00449673 0.60167611 -0.15476850
v 0.00220978 0.59690034 -0.15279560
v -0.00346022 0.60674715 -0.14834869
v -0.00563954 0.60178733 -0.14529969
v -0.00959301 0.61287105 -0.14435951
v -0.01268164 0.60988629 -0.13986000
v 0.01779040 0.58124733 -0.15064469
v 0.02636958 0.58107197 -0.15277544
v 0.01049069 0.58220744 -0.14719571
v 0.00394814 0.58414876 -0.14174794
v -0.00105886 0.58675611 -0.13516550
v -0.01363661 0.59835923 -0.13006435
v -0.00732174 0.58993387 -0.12670521
v -0.01507362 0.59508455 -0.11782597
v -0.02115222 0.60031366 -0.10640474
v -0.02856384 0.60939217 -0.09563529
v -0.03499201 0.62113738 -0.08564503
v -0.03822424 0.63375366 -0.07778230
v -0.04073059 0.64663565 -0.07942833
v 0.01229033 0.60311007 -0.15978281
v 0.01916370 0.60224056 -0.16335928
v 0.00606595 0.60555971 -0.15544535
v -0.00110990 0.61074007 -0.15049070
v -0.00641478 0.61626256 -0.14754401
v -0.01110705 0.62924767 -0.14675464
v -0.01005972 0.62254524 -0.14652319
v -0.00897279 0.64249456 -0.14917497
v -0.01053970 0.63597023 -0.14787941
v -0.01614236 0.65009189 -0.14314041
v -0.01834865 0.64090490 -0.14048296
v -0.01451662 0.63774872 -0.14452359
v -0.01263353 0.64577174 -0.14621712
v -0.01936198 0.65612781 -0.13989182
v -0.02214273 0.64574289 -0.13614321
v 0.01868378 0.57887352 -0.14545667
v 0.02611088 0.57848513 -0.14656056
v 0.01242208 0.57959378 -0.14205617
v 0.00692690 0.58069980 -0.13658406
v 0.00255847 0.58171463 -0.13011532
v -0.00223411 0.58329356 -0.12274855
v -0.00812010 0.58634877 -0.11360461
v -0.01581117 0.59178674 -0.10256235
v -0.02490030 0.60122836 -0.09066406
v -0.03300710 0.61594808 -0.07969110
v -0.03673604 0.62924051 -0.07186431
v 0.00477812 0.57501149 -0.11671396
v 0.00923178 0.57548046 -0.12330486
v 0.01271992 0.57580245 -0.12879340
v 0.01592601 0.57608163 -0.13297759
v 0.01989442 0.57484472 -0.13261889
v 0.02548496 0.57396150 -0.13268568
v 0.01999819 0.57178199 -0.12500928
v 0.02520922 0.57137752 -0.12544762
v 0.01721701 0.56885266 -0.12077761
v 0.02466266 0.56759214 -0.12087740
v 0.01414900 0.56544840 -0.11750664
v 0.02039029 0.56313825 -0.12171838
v -0.01385844 0.62063992 -0.14297840
v -0.01773708 0.62006390 -0.13804707
v -0.01914341 0.63067341 -0.13846251
v -0.02327751 0.63410497 -0.13294600
v -0.02206439 0.62144542 -0.13164398
v -0.01507818 0.62903583 -0.14329830
v -0.02749139 0.62555766 -0.12386335
v -0.02787014 0.63910794 -0.12681139
v -0.02589812 0.65178013 -0.13160475
v -0.03116838 0.64482844 -0.12146792
v -0.03185522 0.63169897 -0.11652642
v -0.02940752 0.65645230 -0.12671222
v -0.03214466 0.66092157 -0.12212630
v -0.03355586 0.65007520 -0.11674830
v -0.03459298 0.63836968 -0.11136001
v -0.01681915 0.60755849 -0.13284974
v -0.03672440 0.64504552 -0.10581551
v -0.03433135 0.66560245 -0.11756915
v -0.03558355 0.65569758 -0.11160107
v -0.03626692 0.67173350 -0.11176927
v -0.03793697 0.66229570 -0.10386059
v -0.03904807 0.65351880 -0.09717724
v -0.04158989 0.65523255 -0.08288273
v 0.02724679 0.60216796 -0.16452207
v 0.23058924 -0.84121549 0.16367790
v 0.22135699 -0.84154284 0.18633057
v 0.21152233 -0.84084499 0.20225671
v 0.21349835 -0.87541008 0.22808081
v 0.20786081 -0.86050594 0.22354943
v 0.19763494 -0.86044240 0.23362827
v 0.20106539 -0.87682116 0.23524627
v 0.17960015 -0.86413860 0.23599818
v 0.18327178 -0.88130105 0.23529381
v 0.16679633 -0.86944330 0.22255421
v 0.16948995 -0.88601470 0.22245562
v 0.19376659 -0.84007716 0.22262734
v 0.20238616 -0.84104311 0.21224952
v 0.18054697 -0.84138858 0.22836852
v 0.16862857 -0.84558320 0.21799076
v 0.16954431 -0.84783685 0.20035563
v 0.16698430 -0.87132764 0.20212789
v 0.16650689 -0.88838136 0.20268999
v 0.19784987 -0.87340736 0.07888995
v 0.19797261 -0.88691711 0.08433121
v 0.22571668 -0.83637798 0.11223449
v 0.21044040 -0.83638310 0.09947211
v 0.19106172 -0.84853566 0.10276508
v 0.18605782 -0.87157691 0.10515344
v 0.19154209 -0.88545978 0.11146495
v 0.18511082 -0.88552630 0.13534102
v 0.17692544 -0.87340701 0.13091134
v 0.20754182 -0.89622295 0.09034848
v 0.20160814 -0.89071715 0.11673661
v 0.19443962 -0.89070535 0.13997898
v 0.17796770 -0.88684952 0.15606770
v 0.17204532 -0.87392235 0.15288574
v 0.17301279 -0.88741827 0.17321612
v 0.17092386 -0.87224066 0.17192960
v 0.16947886 -0.87145138 0.18683317
v 0.16916850 -0.88808215 0.18737060
v 0.16902865 -0.85176408 0.17243430
v 0.16899079 -0.84981465 0.18613149
v 0.16967489 -0.85393131 0.15294050
v 0.17541856 -0.85290730 0.12980704
v 0.27159572 -0.88436091 0.13202113
v 0.25823700 -0.88247538 0.15344551
v 0.24369586 -0.88137186 0.17425524
v 0.23224100 -0.88328159 0.19588989
v 0.22156850 -0.88609970 0.21293345
v 0.21227677 -0.88788736 0.22268873
v 0.18685961 -0.89134228 0.22800398
v 0.20127678 -0.88916194 0.22905833
v 0.17663056 -0.89439571 0.21904880
v 0.17522320 -0.89740467 0.20314921
v 0.17725566 -0.89846981 0.18971188
v 0.18655574 -0.89426649 0.16030142
v 0.18074176 -0.89750719 0.17630710
v 0.16054070 -0.83511710 0.15448512
v 0.16298375 -0.83237076 0.17331387
v 0.16608866 -0.82974422 0.18614480
v 0.16959047 -0.82428467 0.21403414
v 0.16938660 -0.82734811 0.19811338
v 0.22163960 -0.89737225 0.09710580
v 0.23720312 -0.89391255 0.10624136
v 0.25150919 -0.89169264 0.11632884
v 0.26309884 -0.88958645 0.12525487
v 0.25125468 -0.88781226 0.14825408
v 0.24069557 -0.89013886 0.14105478
v 0.22709832 -0.89288688 0.13219805
v 0.21325228 -0.89285195 0.12316173
v 0.23815645 -0.88770306 0.16946286
v 0.22912350 -0.89068007 0.16291761
v 0.21655807 -0.89351809 0.15524036
v 0.20491341 -0.89379203 0.14638358
v 0.19597889 -0.89758897 0.16661495
v 0.20568936 -0.89652848 0.17515668
v 0.21719098 -0.89321172 0.18239215
v 0.22528425 -0.88976026 0.18952259
v 0.21483280 -0.89147747 0.20502530
v 0.20730516 -0.89441311 0.19724014
v 0.19735020 -0.89756501 0.19008780
v 0.18955727 -0.89919901 0.18247758
v 0.20731525 -0.89250398 0.21357498
v 0.19040051 -0.89491308 0.22033384
v 0.19974130 -0.89345801 0.21919703
v 0.18363668 -0.89714897 0.21521217
v 0.18346567 -0.89874279 0.20428607
v 0.18594432 -0.89935887 0.19365126
v 0.19315651 -0.89747918 0.19903427
v 0.19015285 -0.89722419 0.20634836
v 0.20160760 -0.89471829 0.20554504
v -0.03567789 0.64499474 -0.05468833
v 0.00625541 0.64992547 -0.15743260
v 0.01130206 0.65217376 -0.16024527
v 0.19665633 -0.89497507 0.21162227
v 0.18845102 -0.89674306 0.21232548
v 0.01615875 0.65288043 -0.16364963
v 0.01997990 0.65309346 -0.16624382
v 0.02381853 0.65267885 -0.16781911
v 0.19200912 -0.89551985 0.21490556
v 0.22095311 -0.82563925 0.15031403
v 0.15004086 -0.49687132 0.03208201
v 0.13563904 -0.49384478 0.03779993
v 0.01840147 0.54928041 -0.11754516
v 0.03339577 0.72213507 -0.15539150
v 0.01940371 0.55715895 -0.12038621
v 0.02761414 0.61591291 -0.14959475
v 0.04164311 0.80407226 -0.07194984
v 0.02732285 0.60718107 -0.16397022
v 0.02789218 0.62037098 -0.15217620
v 0.02986796 0.68258798 -0.17752996
v 0.02770689 0.61206615 -0.16278477
v 0.02804660 0.62282157 -0.16732359
v 0.02819976 0.62844551 -0.16555293
v 0.03649627 0.75824940 -0.14320685
v 0.02811657 0.62600935 -0.16704933
v 0.02771932 0.65477681 -0.16803636
v 0.02948747 0.67855251 -0.18095051
v 0.02827071 0.62995172 -0.16418728
v 0.02969556 0.62628758 0.01140150
v 0.02795737 0.61946011 -0.16573995
v 0.02825400 0.62653983 -0.15683854
v 0.02831280 0.62984788 -0.16220610
v 0.02695647 0.63724291 -0.15189098
v 0.02744756 0.65197074 -0.16782928
v 0.03158326 0.69965255 -0.16258226
v 0.03313653 0.66218495 0.03483091
v 0.03125493 0.69676435 -0.16516794
v 0.03872702 0.78269112 -0.12390816
v 0.03721997 0.76861989 -0.13729621
v 0.03024561 0.68659151 -0.17404632
v 0.03794368 0.72279894 0.04863627
v 0.03907213 0.73909461 0.04581699
v 0.03486822 0.74103510 -0.14959748
v 0.04226960 0.79700816 -0.00988821
v 0.02909333 0.67462790 -0.18341382
v 0.02806343 0.66011751 -0.17341928
v 0.04058082 0.79797566 -0.09706928
v 0.03513937 0.68913305 0.04550144
v 0.04191727 0.78517747 0.01312082
v 0.02627724 0.63527131 -0.16740113
v 0.04119489 0.80155480 -0.08502349
v 0.02623499 0.63348234 -0.16448577
v 0.02824152 0.66391432 -0.18081182
v 0.03382836 0.67400312 0.04109466
v 0.03627420 0.70245671 0.04764744
v 0.02694522 0.64523768 -0.16847372
v 0.02723247 0.64926100 -0.16773075
v 0.04225118 0.79175031 0.00182502
v 0.03384566 0.72846019 -0.15431888
v 0.02669780 0.64285588 -0.16961908
v 0.03244742 0.70815420 -0.15681362
v 0.02650508 0.64016235 -0.17010255
v 0.01731570 0.54111147 -0.11383757
v 0.04068381 0.76336277 0.03405434
v 0.02635803 0.63759148 -0.16892447
v 0.02649699 0.63456142 -0.15944658
v 0.03062543 0.69035506 -0.17069934
v 0.02675092 0.63578165 -0.15490487
v 0.03554904 0.74853480 -0.14669466
v 0.02791135 0.65759611 -0.16917901
v 0.02795992 0.65836930 -0.16978063
v 0.03214206 0.70527315 -0.15809841
v 0.03784628 0.77623463 -0.13123076
v 0.03268177 0.71091449 -0.15626377
v 0.02785548 0.65669274 -0.16864653
v 0.04009376 0.75393307 0.03994308
v 0.04231294 0.80386937 -0.02620845
v 0.04217993 0.80547273 -0.03934380
v 0.03186527 0.70234776 -0.16005051
v 0.03094129 0.69382036 -0.16775739
v 0.02898029 0.61713207 0.00906472
v 0.02854314 0.66763127 -0.18340774
v 0.02876042 0.67069316 -0.18416238
v 0.03998561 0.79333782 -0.10755756
v 0.03244186 0.65285146 0.02999002
v 0.04202989 0.80610156 -0.05647893
v 0.03943065 0.78815544 -0.11596537
v 0.03083363 0.63715398 0.01814141
v 0.03194600 0.64620101 0.02568275
v 0.02816202 0.66251993 -0.17911822
v 0.03293389 0.71426320 -0.15598968
v 0.02809826 0.66102922 -0.17601681
v 0.04147321 0.77673638 0.02330043
v 0.02801983 0.65923774 -0.17125849
v 0.16551989 -0.49400070 0.02983629
v 0.12465549 -0.09104466 -0.09998827
v 0.06841455 0.13675293 -0.13822566
v 0.07348447 0.17941985 -0.14413948
v 0.07045800 0.15767136 -0.14105541
v 0.13195330 -0.12250093 -0.09709907
v 0.12580217 0.20634052 -0.10004909
v 0.11643294 0.36908159 -0.14653897
v 0.03591667 0.67121494 -0.16240428
v 0.09622961 0.63752484 -0.09435677
v 0.09528871 0.62961864 -0.08756041
v 0.09078174 0.61899817 -0.09478384
v 0.09239940 0.62776780 -0.10220326
v 0.08489925 0.60940814 -0.10285699
v 0.08841782 0.61958599 -0.10846980
v 0.07794140 0.60190320 -0.11192550
v 0.08313189 0.61226571 -0.11572392
v 0.02383149 0.66418600 -0.17821500
v 0.02476090 0.66254413 -0.17574936
v 0.07260448 0.59776115 -0.12187272
v 0.07772036 0.60769439 -0.12398723
v 0.01634219 0.70040023 -0.13978079
v 0.01989831 0.66158950 -0.16567872
v 0.02306627 0.68436408 -0.17005949
v 0.01762002 0.70047939 -0.14050065
v 0.05890149 0.59443963 -0.14312406
v 0.05666019 0.58914733 -0.13987722
v 0.05083220 0.58649087 -0.14691934
v 0.05184991 0.59078491 -0.15062268
v 0.01776966 0.66194379 -0.16420318
v 0.04396654 0.58473957 -0.15309553
v 0.04476645 0.58871734 -0.15670355
v 0.03592969 0.58399022 -0.15649019
v 0.03609738 0.58768082 -0.16026670
v 0.02419033 0.69112241 -0.16437387
v 0.02332146 0.69939721 -0.15077144
v 0.03598620 0.59714890 -0.16359143
v 0.03601301 0.59227228 -0.16265430
v 0.02375904 0.68780863 -0.16740778
v 0.01276867 0.66505969 -0.16449021
v 0.01421990 0.66227901 -0.16330744
v 0.02183156 0.67078853 -0.18048914
v 0.02117642 0.67374074 -0.17919908
v 0.04343089 0.59789813 -0.16003917
v 0.02079950 0.66748214 -0.17869584
v 0.02335238 0.66548920 -0.17928976
v 0.04440482 0.59292889 -0.15884084
v 0.01465037 0.70035446 -0.14001384
v 0.00441500 0.70243514 -0.13336636
v 0.02240702 0.66862917 -0.18047760
v 0.02513421 0.66621327 -0.18122923
v 0.01158391 0.70145261 -0.13748747
v 0.01536573 0.70033169 -0.13991605
v 0.01673882 0.66924465 -0.17339517
v 0.02443426 0.69853508 -0.15533940
v 0.04977461 0.60028338 -0.15501308
v 0.05129656 0.59532106 -0.15316606
v 0.05759602 0.60453367 -0.14878283
v 0.05895132 0.59934103 -0.14602309
v 0.01413573 0.66772103 -0.16891769
v 0.06361459 0.60994685 -0.14507920
v 0.06603945 0.60654914 -0.14084989
v 0.03459249 0.58095741 -0.15073983
v 0.01383479 0.70054030 -0.13986413
v 0.01327572 0.70076907 -0.13959377
v 0.02194453 0.68059468 -0.17316869
v 0.04150696 0.58140635 -0.14749165
v 0.04787064 0.58268976 -0.14232746
v 0.05326396 0.58444726 -0.13611387
v 0.06584428 0.59469402 -0.13144761
v 0.00909477 0.70184314 -0.13752815
v 0.02505564 0.66079247 -0.17094703
v 0.01839725 0.66855896 -0.17592099
v 0.01970071 0.66796076 -0.17748994
v 0.02444999 0.66029537 -0.16893326
v 0.05876303 0.58667171 -0.12807588
v 0.06653068 0.59087896 -0.11959320
v 0.01997363 0.70005250 -0.14324370
v 0.07250854 0.59490979 -0.10862637
v 0.02453331 0.69650328 -0.15920629
v 0.02442741 0.69400382 -0.16223671
v 0.08066085 0.60280073 -0.09807765
v 0.08842450 0.61319339 -0.08829522
v 0.02512661 0.66160381 -0.17330080
v 0.09323670 0.62491119 -0.08032340
v 0.09761031 0.63716459 -0.08188371
v 0.04253527 0.60233021 -0.15988374
v 0.03556781 0.60183835 -0.16336268
v 0.04853044 0.60431683 -0.15571956
v 0.02119174 0.67715383 -0.17671829
v 0.05562557 0.60877132 -0.15095557
v 0.06088586 0.61357391 -0.14816044
v 0.06578065 0.62560797 -0.14769971
v 0.02210572 0.66104650 -0.16729143
v 0.06438310 0.61927462 -0.14729857
v 0.06429505 0.63839519 -0.15014821
v 0.06546903 0.63199377 -0.14884628
v 0.07226698 0.64479887 -0.14436750
v 0.07350056 0.63575184 -0.14173661
v 0.06945892 0.63333142 -0.14550667
v 0.02838472 0.66560650 -0.18226832
v 0.02291444 0.66687083 -0.18000641
v 0.06833137 0.64114249 -0.14734161
v 0.07614976 0.65010834 -0.14124770
v 0.07774153 0.63982427 -0.13751376
v 0.03344218 0.57838106 -0.14562611
v 0.00311883 0.71608627 -0.14512858
v 0.00296570 0.71336937 -0.14347494
v 0.03946348 0.57875228 -0.14237428
v 0.04441196 0.57926953 -0.13734658
v 0.04826543 0.57969141 -0.13111584
v 0.05276769 0.58053386 -0.12407778
v 0.05854996 0.58225369 -0.11564815
v 0.06628300 0.58640683 -0.10503621
v 0.01046420 0.71934366 -0.14977154
v 0.02854282 0.71846020 -0.15493223
v 0.02337082 0.71894264 -0.15382734
v 0.07557890 0.59491634 -0.09337071
v 0.00245395 0.70919645 -0.14143747
v 0.00210636 0.70715034 -0.13991179
v 0.00294063 0.71110356 -0.14176679
v 0.00205472 0.70758283 -0.14145705
v 0.00207555 0.70833421 -0.14196035
v 0.08607075 0.60798991 -0.08253352
v 0.00318127 0.71040297 -0.14059718
v 0.09136701 0.62053919 -0.07468347
v 0.00307463 0.71020460 -0.14044930
v 0.04420274 0.57260191 -0.11841303
v 0.00529366 0.71869373 -0.14720279
v 0.04077368 0.57377231 -0.12456752
v 0.03823410 0.57474995 -0.12955335
v 0.00288776 0.70987380 -0.14075051
v 0.00187869 0.70667183 -0.13809712
v 0.03562973 0.57533348 -0.13362038
v 0.00096692 0.70481300 -0.13358948
v 0.03140117 0.57439721 -0.13311304
v 0.03318995 0.71809876 -0.15558912
v 0.01230554 0.73030114 -0.15200874
v -0.01783659 0.73028266 -0.12924862
v 0.02994754 0.57130051 -0.12565255
v -0.02119255 0.72487473 -0.12657063
v 0.03166648 0.56812370 -0.12141241
v -0.01714635 0.68766963 -0.13417986
v -0.01975023 0.68869221 -0.13159658
v 0.01472463 0.72387111 -0.15329133
v 0.03319485 0.56448448 -0.11823203
v 0.06786284 0.61700046 -0.14382039
v 0.07122307 0.61580360 -0.13918234
v 0.07336652 0.62588263 -0.13968094
v 0.07779862 0.62853217 -0.13444163
v 0.00875009 0.75037384 -0.14139892
v 0.00859927 0.79390728 -0.08982603
v 0.00968638 0.74302661 -0.14541383
v -0.00540503 0.73596716 -0.13982084
v 0.07555260 0.61653292 -0.13304758
v 0.00806922 0.79015863 -0.09909394
v 0.06955762 0.62499452 -0.14419873
v 0.08140276 0.61967909 -0.12565172
v 0.08283613 0.63277221 -0.12862924
v 0.08224206 0.64520955 -0.13325328
v 0.08699483 0.63785219 -0.12352890
v -0.01293252 0.73475325 -0.13353488
v 0.08628432 0.62497294 -0.11859573
v -0.02417690 0.69459367 -0.12392825
v 0.02782958 0.73506713 -0.15206975
v -0.02518100 0.70042205 -0.12136708
v 0.08647129 0.64929378 -0.12869953
v 0.01965454 0.73587704 -0.15138945
v 0.01351224 0.79966092 -0.02774214
v 0.08995076 0.65319324 -0.12436570
v 0.08993588 0.64244819 -0.11901772
v 0.08964759 0.63084567 -0.11366031
v 0.06930740 0.60354829 -0.13420260
v 0.01965808 0.71514237 -0.15096854
v 0.09250259 0.63684869 -0.10822302
v -0.00738882 0.68820238 -0.13972726
v -0.01042210 0.68795109 -0.13827887
v 0.09271622 0.65721786 -0.11984548
v 0.00936956 0.80056715 -0.03861051
v -0.02333017 0.69190919 -0.12628043
v 0.00677334 0.76885700 -0.12960401
v 0.02307586 0.70822811 -0.14901029
v 0.02184509 0.71130514 -0.14912476
v 0.00672363 0.77544153 -0.12241869
v 0.09250542 0.64741480 -0.11399840
v 0.09573842 0.66257751 -0.11419757
v 0.09630165 0.65317547 -0.10643376
v 0.00716264 0.78106058 -0.11460373
v 0.09620923 0.64452696 -0.09981908
v 0.09951665 0.64561152 -0.08553414
v 0.00866297 0.79714561 -0.07915263
v 0.00954091 0.69050717 -0.14317308
v 0.09312372 0.63548136 -0.05777743
v 0.04892783 0.64694464 -0.15820225
v 0.04397096 0.64974618 -0.16087821
v -0.02381062 0.71875393 -0.12426214
v -0.02520905 0.71237850 -0.12260824
v 0.00846381 0.80083942 -0.05238962
v -0.00003694 0.68874073 -0.14220916
v -0.02539958 0.70629120 -0.12149353
v 0.02603668 0.80038190 -0.01977968
v 0.03905273 0.65114927 -0.16418414
v -0.02190912 0.68997169 -0.12887764
v 0.03518831 0.65196288 -0.16659644
v 0.03123088 0.65215540 -0.16799973
v 0.00215142 0.73657441 -0.14496957
v -0.00386451 0.68835890 -0.14095882
v 0.02342325 0.70493734 -0.14821373
v 0.01429967 0.69249523 -0.14365920
v 0.01780247 0.69526482 -0.14458871
v 0.00773898 0.78579545 -0.10714646
v 0.02055602 0.69795859 -0.14583829
v 0.02280819 0.70152402 -0.14745052
v 0.00475469 0.68933094 -0.14305711
v 0.00745734 0.75959671 -0.13660014
v 0.00878046 0.79946721 -0.06652133
v -0.01377267 0.68784821 -0.13644020
v 0.04232425 0.80032027 -0.01718074
v 0.03428365 0.73436165 -0.15229966
v 0.02185235 0.69967461 -0.14682639
v 0.01722397 0.71929729 -0.15218407
v 0.01064727 0.73645246 -0.14917068
v 0.02791862 0.61594129 -0.16374542
v 0.00052523 0.63831532 -0.15595695
v -0.00069885 0.63564146 -0.15439549
v 0.00000260 0.62839425 -0.15231177
v 0.00760184 0.64438260 -0.16134855
v 0.00329801 0.64124799 -0.15827698
v 0.00957643 0.61913264 -0.15892150
v -0.00110101 0.63318908 -0.15326996
v 0.01538772 0.61728954 -0.16175088
v -0.00097787 0.63076019 -0.15250123
v 0.02105062 0.61634588 -0.16325860
v 0.02706973 0.64729548 -0.16810262
v 0.01774943 0.64810824 -0.16684677
v 0.02251263 0.64812863 -0.16827680
v 0.01275956 0.64685512 -0.16428494
v 0.00184438 0.62539816 -0.15322481
v 0.00495789 0.62205791 -0.15537153
v 0.03266776 0.66343987 -0.17840669
v 0.03157593 0.66197777 -0.17589134
v 0.04739365 0.69799054 -0.14042367
v 0.03662102 0.66028643 -0.16591266
v 0.03712003 0.68325853 -0.17031738
v 0.04600206 0.69824982 -0.14110945
v 0.03884281 0.66026926 -0.16457982
v 0.03734820 0.69006979 -0.16462778
v 0.04005548 0.69815195 -0.15105778
v 0.03711180 0.68674791 -0.16762803
v 0.04432887 0.66259062 -0.16508873
v 0.04247345 0.66003859 -0.16385806
v 0.03574095 0.66962922 -0.18085167
v 0.03691255 0.67246020 -0.17963335
v 0.03623853 0.66618097 -0.17904994
v 0.03333804 0.66463208 -0.17952122
v 0.04903574 0.69766653 -0.14076260
v 0.05983405 0.69806826 -0.13457908
v 0.03479801 0.66756451 -0.18080673
v 0.03167094 0.66564596 -0.18140250
v 0.05245671 0.69826066 -0.13834843
v 0.04840583 0.69777656 -0.14060394
v 0.04075938 0.66736412 -0.17388259
v 0.03866830 0.69745076 -0.15559486
v 0.04328605 0.66543925 -0.16949977
v 0.04995479 0.69773400 -0.14061950
v 0.05059408 0.69788015 -0.14035778
v 0.03751699 0.67937887 -0.17346631
v 0.05495385 0.69823778 -0.13851936
v 0.03118992 0.66032195 -0.17104606
v 0.03886865 0.66691875 -0.17635116
v 0.03742698 0.66652656 -0.17786726
v 0.03175796 0.65974653 -0.16901134
v 0.04376475 0.69827437 -0.14362833
v 0.03813545 0.69547403 -0.15945747
v 0.03767467 0.69296491 -0.16248834
v 0.03113646 0.66113186 -0.17340800
v 0.03751513 0.67584956 -0.17710011
v 0.03425956 0.66010594 -0.16744156
v 0.03399271 0.66591966 -0.18026616
v 0.06283546 0.71144152 -0.14622557
v 0.06261386 0.70876515 -0.14460634
v 0.05589914 0.71571290 -0.15062630
v 0.03775420 0.71773779 -0.15501864
v 0.04292564 0.71736181 -0.15416744
v 0.06241879 0.70454514 -0.14294010
v 0.06245394 0.70234334 -0.14134857
v 0.06225786 0.70655847 -0.14298061
v 0.06252815 0.70281005 -0.14289366
v 0.06262632 0.70360315 -0.14342883
v 0.06195258 0.70587897 -0.14192177
v 0.06200170 0.70564342 -0.14180085
v 0.06102809 0.71428597 -0.14822434
v 0.06213123 0.70528185 -0.14216322
v 0.06266458 0.70178175 -0.13955881
v 0.06344495 0.69979715 -0.13508065
v 0.05554222 0.72691309 -0.15277083
v 0.08613487 0.72204399 -0.13131431
v 0.08884996 0.71625686 -0.12894948
v 0.07848352 0.68052399 -0.13589205
v 0.08121378 0.68126810 -0.13343184
v 0.05216556 0.72091115 -0.15402378
v 0.06208853 0.74608278 -0.14186116
v 0.07188264 0.78922248 -0.09121773
v 0.06004991 0.73899043 -0.14590375
v 0.07437074 0.72962153 -0.14122839
v 0.07122269 0.78519297 -0.10041402
v 0.08149439 0.72717929 -0.13515578
v 0.08681090 0.68624103 -0.12611280
v 0.04084372 0.73404849 -0.15216488
v 0.08895063 0.69172990 -0.12365031
v 0.04906414 0.73349130 -0.15172622
v 0.06981278 0.79470396 -0.02895404
v 0.04615184 0.71300733 -0.15149729
v 0.06874928 0.68227506 -0.14121111
v 0.07171155 0.68157446 -0.13987432
v 0.07390144 0.79518473 -0.04007607
v 0.08541480 0.68383837 -0.12833764
v 0.06768084 0.76383674 -0.13064533
v 0.04188218 0.70677400 -0.14935304
v 0.04355805 0.70958829 -0.14954014
v 0.06891461 0.77025723 -0.12337387
v 0.06986412 0.77589369 -0.11587083
v 0.07305164 0.79263449 -0.08066480
v 0.05220161 0.68714654 -0.14396028
v 0.09056154 0.70983529 -0.12681699
v 0.09092314 0.70338297 -0.12516595
v 0.07443182 0.79578292 -0.05378936
v 0.06161293 0.68391001 -0.14330010
v 0.09031534 0.69736755 -0.12394635
v 0.05792335 0.79760587 -0.02042530
v 0.08366783 0.68219078 -0.13085502
v 0.06667818 0.73146558 -0.14596792
v 0.06526165 0.68293583 -0.14229620
v 0.04103170 0.70365846 -0.14859779
v 0.04782626 0.68981588 -0.14432198
v 0.04484252 0.69315553 -0.14505692
v 0.07049951 0.78085554 -0.10836041
v 0.04271591 0.69629836 -0.14613284
v 0.04110707 0.70019352 -0.14779417
v 0.05682655 0.68523526 -0.14399482
v 0.06494541 0.75486183 -0.13734175
v 0.07373051 0.79467893 -0.06786258
v 0.07514235 0.68104768 -0.13806856
v 0.04172535 0.69821131 -0.14712745
v 0.04909927 0.71669924 -0.15285289
v 0.05812301 0.73263454 -0.14989734
v 0.05390600 0.63505054 -0.15683581
v 0.05528234 0.63251281 -0.15526715
v 0.05478577 0.62590539 -0.15290169
v 0.04660129 0.64162040 -0.16188964
v 0.05099702 0.63810372 -0.15902781
v 0.04578512 0.61821890 -0.15910642
v 0.05583066 0.63029671 -0.15402575
v 0.04039034 0.61663008 -0.16190897
v 0.05568453 0.62803626 -0.15313131
v 0.03459875 0.61598980 -0.16323580
v 0.03650397 0.64668250 -0.16718084
v 0.03177240 0.64742219 -0.16843258
v 0.04145630 0.64470220 -0.16479260
v 0.05329693 0.62341297 -0.15372896
v 0.05051290 0.62061131 -0.15580636
v 0.06371544 0.69802058 -0.12959844
v 0.00063726 0.70300329 -0.12816916
v 0.06057788 0.70123827 -0.14162411
v 0.05909709 0.70120180 -0.14090572
v 0.05778129 0.70109344 -0.13992107
v 0.05673049 0.70092320 -0.13875568
v 0.06063488 0.70154810 -0.14156091
v 0.05920678 0.70181167 -0.14078200
v 0.05794145 0.70197773 -0.13974141
v 0.05693393 0.70203805 -0.13852796
v 0.06075003 0.70184469 -0.14151043
v 0.05943531 0.70239019 -0.14068252
v 0.05827255 0.70281911 -0.13959716
v 0.05735016 0.70309794 -0.13834703
v 0.06092109 0.70211339 -0.14147425
v 0.05977158 0.70291948 -0.14061214
v 0.05876067 0.70358610 -0.13949554
v 0.05796628 0.70406580 -0.13821802
v 0.06114225 0.70234597 -0.14145429
v 0.06020455 0.70337522 -0.14057337
v 0.05938837 0.70424950 -0.13943908
v 0.05875660 0.70490313 -0.13814774
v 0.06140237 0.70253396 -0.14145106
v 0.06071463 0.70374286 -0.14056745
v 0.06013012 0.70478368 -0.13943006
v 0.05969327 0.70557559 -0.13813598
v 0.06169312 0.70266914 -0.14146540
v 0.06128547 0.70400774 -0.14059502
v 0.06095865 0.70516765 -0.13947012
v 0.06073818 0.70606017 -0.13818632
v 0.06200393 0.70274687 -0.14149641
v 0.06189361 0.70416009 -0.14065488
v 0.06184182 0.70538747 -0.13955639
v 0.06185086 0.70633638 -0.13829440
v 0.06232101 0.70276225 -0.14154144
v 0.06251602 0.70419109 -0.14074370
v 0.06274558 0.70543349 -0.13968593
v 0.06299056 0.70639586 -0.13845809
v 0.06263293 0.70271742 -0.14160040
v 0.06312913 0.70410287 -0.14085938
v 0.06363536 0.70530462 -0.13985367
v 0.06411248 0.70623279 -0.13866989
v 0.06292917 0.70261204 -0.14167044
v 0.06370796 0.70389712 -0.14099680
v 0.06447641 0.70500553 -0.14005315
v 0.06517243 0.70585632 -0.13892126
v 0.06319603 0.70245218 -0.14174885
v 0.06423241 0.70358193 -0.14115150
v 0.06523727 0.70454884 -0.14027712
v 0.06613177 0.70528030 -0.13920408
v 0.06342395 0.70224094 -0.14183271
v 0.06467973 0.70316947 -0.14131549
v 0.06588803 0.70395064 -0.14051685
v 0.06695329 0.70452654 -0.13950638
v 0.06360582 0.70199025 -0.14191897
v 0.06503571 0.70267677 -0.14148502
v 0.06640424 0.70323491 -0.14076254
v 0.06760338 0.70362270 -0.13981658
v 0.06373240 0.70170677 -0.14200386
v 0.06528445 0.70212126 -0.14165168
v 0.06676517 0.70242810 -0.14100459
v 0.06806014 0.70260608 -0.14012355
v 0.06380062 0.70140219 -0.14208490
v 0.06541774 0.70152569 -0.14181085
v 0.06695877 0.70156300 -0.14123553
v 0.06830230 0.70151508 -0.14041372
v 0.06380593 0.70108974 -0.14215778
v 0.06542876 0.70091128 -0.14195412
v 0.06697511 0.70067096 -0.14144450
v 0.06832530 0.70039046 -0.14067808
v 0.06375188 0.70077980 -0.14221892
v 0.06531993 0.70030129 -0.14207585
v 0.06681611 0.69978666 -0.14162105
v 0.06812219 0.69927490 -0.14090179
v 0.06363517 0.70048356 -0.14226949
v 0.06509221 0.69972253 -0.14217363
v 0.06648483 0.69894516 -0.14176366
v 0.06770634 0.69821441 -0.14108154
v 0.06346427 0.70021403 -0.14230467
v 0.06475593 0.69919384 -0.14224349
v 0.06599643 0.69817805 -0.14186598
v 0.06708999 0.69724751 -0.14120920
v 0.06324343 0.69998217 -0.14232434
v 0.06432378 0.69873798 -0.14228275
v 0.06537034 0.69751489 -0.14192230
v 0.06629982 0.69641006 -0.14128186
v 0.06298358 0.69979417 -0.14232793
v 0.06381358 0.69836950 -0.14228864
v 0.06462829 0.69698107 -0.14193121
v 0.06536348 0.69573748 -0.14129166
v 0.06269278 0.69965935 -0.14231449
v 0.06324276 0.69810462 -0.14226173
v 0.06379995 0.69659746 -0.14189212
v 0.06431878 0.69525290 -0.14124212
v 0.06238206 0.69958186 -0.14228423
v 0.06263509 0.69795382 -0.14220344
v 0.06291702 0.69637764 -0.14180659
v 0.06320633 0.69497657 -0.14113337
v 0.06206509 0.69956577 -0.14223906
v 0.06201244 0.69792187 -0.14211395
v 0.06201330 0.69633138 -0.14167756
v 0.06206648 0.69491780 -0.14097136
v 0.06175329 0.69961059 -0.14218026
v 0.06139927 0.69801044 -0.14199874
v 0.06112356 0.69645941 -0.14151037
v 0.06094467 0.69508111 -0.14075942
v 0.06145705 0.69971609 -0.14210984
v 0.06082094 0.69821632 -0.14186183
v 0.06028257 0.69675839 -0.14131029
v 0.05988482 0.69545674 -0.14050801
v 0.06119034 0.69987619 -0.14203170
v 0.06029629 0.69853151 -0.14170788
v 0.05952188 0.69721568 -0.14108641
v 0.05892558 0.69603360 -0.14022571
v 0.06096226 0.70008695 -0.14194782
v 0.05984856 0.69894302 -0.14154282
v 0.05887095 0.69781351 -0.14084789
v 0.05810427 0.69678724 -0.13992457
v 0.06078036 0.70033801 -0.14186154
v 0.05949279 0.69943643 -0.14137426
v 0.05835530 0.69852972 -0.14060274
v 0.05745408 0.69769061 -0.13961467
v 0.06216989 0.70120001 -0.14204514
v 0.06065274 0.70061946 -0.14177789
v 0.05924392 0.69999158 -0.14120661
v 0.05799349 0.69933581 -0.14035974
v 0.05699811 0.69870770 -0.13930865
v 0.06058422 0.70092511 -0.14169700
v 0.05910879 0.70058727 -0.14104968
v 0.05779856 0.70020139 -0.14013089
v 0.05675399 0.69979703 -0.13902040
v 0.05569042 0.70078266 -0.13773189
v 0.05409897 0.70053792 -0.13602370
v 0.05283926 0.70017934 -0.13392599
v 0.05201611 0.69974172 -0.13163483
v 0.05166290 0.69924200 -0.12923685
v 0.05179018 0.69870007 -0.12682620
v 0.05239559 0.69813561 -0.12449405
v 0.05345249 0.69757140 -0.12233092
v 0.05492385 0.69702792 -0.12041874
v 0.05675064 0.69652784 -0.11883284
v 0.05886281 0.69608867 -0.11763240
v 0.06118189 0.69572794 -0.11686492
v 0.06361534 0.69545984 -0.11655912
v 0.05593266 0.70212233 -0.13745882
v 0.05440438 0.70222485 -0.13567996
v 0.05319778 0.70216382 -0.13352254
v 0.05241497 0.70194626 -0.13118598
v 0.05208571 0.70158219 -0.12876065
v 0.05222286 0.70108593 -0.12634036
v 0.05281866 0.70047557 -0.12401761
v 0.05385140 0.69977570 -0.12188242
v 0.05528252 0.69901240 -0.12001461
v 0.05705591 0.69821465 -0.11848904
v 0.05910359 0.69741464 -0.11736242
v 0.06134557 0.69664097 -0.11667833
v 0.06369898 0.69592512 -0.11646484
v 0.05643493 0.70339763 -0.13724054
v 0.05503546 0.70383275 -0.13540509
v 0.05394091 0.70405328 -0.13319910
v 0.05324031 0.70404541 -0.13082662
v 0.05296177 0.70381188 -0.12837964
v 0.05311456 0.70335925 -0.12595174
v 0.05369310 0.70270538 -0.12363651
v 0.05467580 0.70187497 -0.12152323
v 0.05602424 0.70090222 -0.11969212
v 0.05768635 0.69982255 -0.11821459
v 0.05959833 0.69867647 -0.11714661
v 0.06168778 0.69751108 -0.11652978
v 0.06387332 0.69636858 -0.11638880
v 0.05717339 0.70456123 -0.13708602
v 0.05596746 0.70529735 -0.13521014
v 0.05503698 0.70577526 -0.13297018
v 0.05445894 0.70595944 -0.13057199
v 0.05425446 0.70584297 -0.12810926
v 0.05443279 0.70543003 -0.12567602
v 0.05498666 0.70473635 -0.12336639
v 0.05589385 0.70378983 -0.12126875
v 0.05712008 0.70262456 -0.11946255
v 0.05861737 0.70128739 -0.11802000
v 0.06033021 0.69982779 -0.11699340
v 0.06219202 0.69830287 -0.11642474
v 0.06412975 0.69677281 -0.11633536
v 0.05812454 0.70556688 -0.13700061
v 0.05716509 0.70656252 -0.13510157
v 0.05644502 0.70726430 -0.13284333
v 0.05602352 0.70761406 -0.13043088
v 0.05591593 0.70759916 -0.12795991
v 0.05612671 0.70722115 -0.12552360
v 0.05664756 0.70649266 -0.12321708
v 0.05745805 0.70544374 -0.12112790
v 0.05852756 0.70411372 -0.11933626
v 0.05981514 0.70255363 -0.11791243
v 0.06127121 0.70082331 -0.11690933
v 0.06283937 0.69898951 -0.11636630
v 0.06446081 0.69712186 -0.11630535
v 0.05924962 0.70637548 -0.13698764
v 0.05858164 0.70758235 -0.13508560
v 0.05811081 0.70846236 -0.13282320
v 0.05787458 0.70894551 -0.13040921
v 0.05788095 0.70901382 -0.12793657
v 0.05812999 0.70866323 -0.12550026
v 0.05861266 0.70790732 -0.12319396
v 0.05930873 0.70677602 -0.12110661
v 0.06019315 0.70531201 -0.11931726
v 0.06123121 0.70357335 -0.11789577
v 0.06238420 0.70162356 -0.11689608
v 0.06360710 0.69954050 -0.11635794
v 0.06485075 0.69740343 -0.11630110
v 0.06050563 0.70695651 -0.13704720
v 0.06016396 0.70831490 -0.13516092
v 0.05997056 0.70932460 -0.13291235
v 0.05994111 0.70990372 -0.13050795
v 0.06007422 0.71003091 -0.12804146
v 0.06036684 0.70969999 -0.12560709
v 0.06080469 0.70892453 -0.12329851
v 0.06137481 0.70773399 -0.12120537
v 0.06205238 0.70617378 -0.11940573
v 0.06281315 0.70430577 -0.11797126
v 0.06362712 0.70219970 -0.11695525
v 0.06446259 0.69993758 -0.11639842
v 0.06528725 0.69760537 -0.11632201
v 0.06184360 0.70728886 -0.13717704
v 0.06185036 0.70873332 -0.13532528
v 0.06195325 0.70981729 -0.13310564
v 0.06214413 0.71045148 -0.13072267
v 0.06241319 0.71061182 -0.12826987
v 0.06275062 0.71029127 -0.12584043
v 0.06314388 0.70950544 -0.12352739
v 0.06357758 0.70828116 -0.12142010
v 0.06403504 0.70666671 -0.11959957
v 0.06449908 0.70472395 -0.11813660
v 0.06495071 0.70252848 -0.11708473
v 0.06537440 0.70016456 -0.11648758
v 0.06575263 0.69772100 -0.11636746
v 0.06321339 0.70735919 -0.13737413
v 0.06357545 0.70882177 -0.13557275
v 0.06398203 0.70992124 -0.13339618
v 0.06439754 0.71056616 -0.13104561
v 0.06480497 0.71073294 -0.12861285
v 0.06518938 0.71041667 -0.12618989
v 0.06553635 0.70962727 -0.12387027
v 0.06583084 0.70839679 -0.12174357
v 0.06606324 0.70677054 -0.11989024
v 0.06622343 0.70481241 -0.11838360
v 0.06630639 0.70259821 -0.11727908
v 0.06630807 0.70021212 -0.11662138
v 0.06622830 0.69774532 -0.11643563
v 0.06456186 0.70716393 -0.13762833
v 0.06527267 0.70857644 -0.13589330
v 0.06597934 0.70963204 -0.13377342
v 0.06661579 0.71024525 -0.13146433
v 0.06716017 0.71039295 -0.12905730
v 0.06759099 0.71006906 -0.12664305
v 0.06789100 0.70928657 -0.12431487
v 0.06804901 0.70807624 -0.12216216
v 0.06805984 0.70648158 -0.12026718
v 0.06792119 0.70456707 -0.11870360
v 0.06764064 0.70240498 -0.11753142
v 0.06722725 0.70007932 -0.11679490
v 0.06669705 0.69767749 -0.11652356
v 0.06583688 0.70671058 -0.13793068
v 0.06688002 0.70800614 -0.13627422
v 0.06786797 0.70896149 -0.13422219
v 0.06871455 0.70950031 -0.13196306
v 0.06938872 0.70960271 -0.12958655
v 0.06986307 0.70926285 -0.12718232
v 0.07011910 0.70849645 -0.12484391
v 0.07014748 0.70733070 -0.12266041
v 0.06994846 0.70581126 -0.12071547
v 0.06952773 0.70399702 -0.11908546
v 0.06890190 0.70195735 -0.11783065
v 0.06809612 0.69976997 -0.11700130
v 0.06714013 0.69752014 -0.11662936
v 0.06698964 0.70601904 -0.13827074
v 0.06833234 0.70713389 -0.13670291
v 0.06957560 0.70793569 -0.13472529
v 0.07061192 0.70836031 -0.13252176
v 0.07140195 0.70839155 -0.13017936
v 0.07191574 0.70802879 -0.12778749
v 0.07213175 0.70728528 -0.12543701
v 0.07204430 0.70618999 -0.12321913
v 0.07165518 0.70478535 -0.12121788
v 0.07097990 0.70312440 -0.11951293
v 0.07004352 0.70127189 -0.11816639
v 0.06888151 0.69929838 -0.11723223
v 0.06754096 0.69727981 -0.11674719
v 0.06797632 0.70511281 -0.13863422
v 0.06957490 0.70599234 -0.13716047
v 0.07103625 0.70659375 -0.13526317
v 0.07223539 0.70686841 -0.13311946
v 0.07312511 0.70680821 -0.13081391
v 0.07367222 0.70641387 -0.12843464
v 0.07385561 0.70570183 -0.12607118
v 0.07366733 0.70469916 -0.12381682
v 0.07311595 0.70344281 -0.12175606
v 0.07222193 0.70198286 -0.11997004
v 0.07101895 0.70037496 -0.11852553
v 0.06955476 0.69868064 -0.11747968
v 0.06788287 0.69696414 -0.11687371
v 0.06875908 0.70402801 -0.13900749
v 0.07056072 0.70462549 -0.13763070
v 0.07219511 0.70498598 -0.13581541
v 0.07352261 0.70508325 -0.13373354
v 0.07449223 0.70491183 -0.13146579
v 0.07506569 0.70448148 -0.12909897
v 0.07522200 0.70380557 -0.12672333
v 0.07495388 0.70291269 -0.12443015
v 0.07427336 0.70183599 -0.12230842
v 0.07320666 0.70061600 -0.12044007
v 0.07179296 0.69930112 -0.11889483
v 0.07008719 0.69793999 -0.11773439
v 0.06815515 0.69658768 -0.11700307
v 0.06930599 0.70280564 -0.13937558
v 0.07125071 0.70308602 -0.13809448
v 0.07300637 0.70317590 -0.13636158
v 0.07442456 0.70307124 -0.13434075
v 0.07544902 0.70277739 -0.13210927
v 0.07604155 0.70230353 -0.12975521
v 0.07617884 0.70167136 -0.12736632
v 0.07585511 0.70090115 -0.12503690
v 0.07508478 0.70002544 -0.12285361
v 0.07389587 0.69907689 -0.12090388
v 0.07233442 0.69809067 -0.11925922
v 0.07046007 0.69710708 -0.11798495
v 0.06834482 0.69616282 -0.11713111
v 0.06959926 0.70149386 -0.13972564
v 0.07161982 0.70143247 -0.13853678
v 0.07344078 0.70123208 -0.13688037
v 0.07490684 0.70091188 -0.13491800
v 0.07595965 0.70048440 -0.13272053
v 0.07656090 0.69996667 -0.13037778
v 0.07668886 0.69937801 -0.12797725
v 0.07633612 0.69874132 -0.12561157
v 0.07551676 0.69808185 -0.12337141
v 0.07426319 0.69742310 -0.12134397
v 0.07262298 0.69679284 -0.11960493
v 0.07065974 0.69621265 -0.11822340
v 0.06844647 0.69570684 -0.11725231
v 0.06962549 0.70014298 -0.14004475
v 0.07165227 0.69973087 -0.13893746
v 0.07348005 0.69923103 -0.13735190
v 0.07494905 0.69868767 -0.13543956
v 0.07600410 0.69812250 -0.13327555
v 0.07660633 0.69755828 -0.13094293
v 0.07673170 0.69701612 -0.12853098
v 0.07637741 0.69651723 -0.12613364
v 0.07555493 0.69607925 -0.12384099
v 0.07429458 0.69572055 -0.12174304
v 0.07264844 0.69545484 -0.11991915
v 0.07067659 0.69529080 -0.11843960
v 0.06845565 0.69523680 -0.11736271
v 0.06938197 0.69880211 -0.14031512
v 0.07134666 0.69804323 -0.13928068
v 0.07311951 0.69724488 -0.13775504
v 0.07454965 0.69648254 -0.13588880
v 0.07558060 0.69578183 -0.13375129
v 0.07617379 0.69517243 -0.13142760
v 0.07630929 0.69467628 -0.12900713
v 0.07597874 0.69431269 -0.12658255
v 0.07519528 0.69409502 -0.12424445
v 0.07398932 0.69403362 -0.12208644
v 0.07240748 0.69412875 -0.12018877
v 0.07051174 0.69437766 -0.11862528
v 0.06837115 0.69477165 -0.11745729
v 0.06887941 0.69752610 -0.14053071
v 0.07071391 0.69643497 -0.13955198
v 0.07237534 0.69535518 -0.13807587
v 0.07372347 0.69438303 -0.13624597
v 0.07470495 0.69355261 -0.13413146
v 0.07528234 0.69289911 -0.13181564
v 0.07543449 0.69244635 -0.12938778
v 0.07515408 0.69221282 -0.12694085
v 0.07445382 0.69220519 -0.12456749
v 0.07335886 0.69242585 -0.12236068
v 0.07191273 0.69286692 -0.12040454
v 0.07016951 0.69350827 -0.11877434
v 0.06819683 0.69432807 -0.11753297
v 0.06814047 0.69636357 -0.14068554
v 0.06978130 0.69497025 -0.13974626
v 0.07127836 0.69363308 -0.13830328
v 0.07250520 0.69246805 -0.13649915
v 0.07341158 0.69152153 -0.13440087
v 0.07396381 0.69082773 -0.13209078
v 0.07414126 0.69041526 -0.12965763
v 0.07393678 0.69029891 -0.12719491
v 0.07335749 0.69048321 -0.12479636
v 0.07242761 0.69096100 -0.12255573
v 0.07118072 0.69171488 -0.12055774
v 0.06966525 0.69271576 -0.11887941
v 0.06794031 0.69392371 -0.11758702
v 0.06718904 0.69535792 -0.14077011
v 0.06858279 0.69370377 -0.13985200
v 0.06987074 0.69214404 -0.13842905
v 0.07093977 0.69081414 -0.13663882
v 0.07175004 0.68976533 -0.13454898
v 0.07227081 0.68903685 -0.13224283
v 0.07248007 0.68865907 -0.12980631
v 0.07237184 0.68864381 -0.12733527
v 0.07194994 0.68899405 -0.12492307
v 0.07123017 0.68969488 -0.12266359
v 0.07024030 0.69071949 -0.12064259
v 0.06901787 0.69202936 -0.11893781
v 0.06760931 0.69357479 -0.11761625
v 0.06606403 0.69454932 -0.14078239
v 0.06716578 0.69268453 -0.13986790
v 0.06820485 0.69094574 -0.13844703
v 0.06908897 0.68948185 -0.13665977
v 0.06978478 0.68835056 -0.13457166
v 0.07026742 0.68759453 -0.13226578
v 0.07051480 0.68724418 -0.12982903
v 0.07052173 0.68731248 -0.12735656
v 0.07028430 0.68779576 -0.12494203
v 0.06981385 0.68867552 -0.12267938
v 0.06912673 0.68991911 -0.12065496
v 0.06825078 0.69147813 -0.11894614
v 0.06721931 0.69329345 -0.11762109
v 0.06607097 0.69529390 -0.11672668
v 0.06480840 0.69396782 -0.14072128
v 0.06558442 0.69195211 -0.13979135
v 0.06634423 0.69008362 -0.13835849
v 0.06702127 0.68852401 -0.13656057
v 0.06759165 0.68733323 -0.13446680
v 0.06803048 0.68655789 -0.13215864
v 0.06832185 0.68622696 -0.12972404
v 0.06845438 0.68635440 -0.12725806
v 0.06842512 0.68693352 -0.12485291
v 0.06823259 0.68794250 -0.12260376
v 0.06788389 0.68934298 -0.12059540
v 0.06739537 0.69108200 -0.11890548
v 0.06678279 0.69309115 -0.11760026
v 0.06347016 0.69363499 -0.14059180
v 0.06389746 0.69153392 -0.13962649
v 0.06436217 0.68959093 -0.13816489
v 0.06481868 0.68797696 -0.13634536
v 0.06525298 0.68675244 -0.13423818
v 0.06564647 0.68596673 -0.13192528
v 0.06598353 0.68564606 -0.12949580
v 0.06625167 0.68580663 -0.12704258
v 0.06644310 0.68644071 -0.12465942
v 0.06654586 0.68752444 -0.12243931
v 0.06656034 0.68901420 -0.12046595
v 0.06648286 0.69085419 -0.11881647
v 0.06631754 0.69297576 -0.11755417
v 0.06210034 0.69356441 -0.14039592
v 0.06217293 0.69144523 -0.13938005
v 0.06233354 0.68948734 -0.13787349
v 0.06256586 0.68786108 -0.13602257
v 0.06286056 0.68663073 -0.13389482
v 0.06320654 0.68584132 -0.13157612
v 0.06359117 0.68552506 -0.12915304
v 0.06399941 0.68569171 -0.12671988
v 0.06441432 0.68633664 -0.12436877
v 0.06482157 0.68743563 -0.12219198
v 0.06520470 0.68894482 -0.12027150
v 0.06554925 0.69080746 -0.11868253
v 0.06584173 0.69295144 -0.11748639
v 0.06075208 0.69375968 -0.14014113
v 0.06047592 0.69169068 -0.13905956
v 0.06033646 0.68977594 -0.13749687
v 0.06034783 0.68818188 -0.13560346
v 0.06050579 0.68697071 -0.13345098
v 0.06080551 0.68618906 -0.13112292
v 0.06123621 0.68586504 -0.12870824
v 0.06178124 0.68601227 -0.12630153
v 0.06241803 0.68662584 -0.12399217
v 0.06312395 0.68768120 -0.12187128
v 0.06387031 0.68913853 -0.12002000
v 0.06463000 0.69093943 -0.11850911
v 0.06537308 0.69301879 -0.11739810
v 0.05947770 0.69421291 -0.13983907
v 0.05886850 0.69226074 -0.13867792
v 0.05844836 0.69044662 -0.13704900
v 0.05824923 0.68892741 -0.13510589
v 0.05827775 0.68776131 -0.13292193
v 0.05853544 0.68699479 -0.13058370
v 0.05900845 0.68665540 -0.12817985
v 0.05968297 0.68675768 -0.12580256
v 0.06052917 0.68729675 -0.12354383
v 0.06151766 0.68825138 -0.12149051
v 0.06260987 0.68958592 -0.11972003
v 0.06376143 0.69124877 -0.11830291
v 0.06492997 0.69317639 -0.11729240
v 0.05832441 0.69490433 -0.13950057
v 0.05741674 0.69313335 -0.13825162
v 0.05674072 0.69147253 -0.13654681
v 0.05635169 0.69006813 -0.13454700
v 0.05626423 0.68897259 -0.13232899
v 0.05648096 0.68822873 -0.12997885
v 0.05699582 0.68786657 -0.12758668
v 0.05778563 0.68789780 -0.12524416
v 0.05882256 0.68832242 -0.12304050
v 0.06006590 0.68912399 -0.12106316
v 0.06146821 0.69027174 -0.11938459
v 0.06297605 0.69172037 -0.11807191
v 0.06452919 0.69341660 -0.11717449
v 0.05733784 0.69581139 -0.13913788
v 0.05617442 0.69427490 -0.13779467
v 0.05527927 0.69281447 -0.13600959
v 0.05472859 0.69155908 -0.13394967
v 0.05454143 0.69055629 -0.13169520
v 0.05472481 0.68984437 -0.12933227
v 0.05527249 0.68944991 -0.12695257
v 0.05616272 0.68938982 -0.12464708
v 0.05736175 0.68966436 -0.12250292
v 0.05882395 0.69026554 -0.12060578
v 0.06049220 0.69116843 -0.11902505
v 0.06230260 0.69233882 -0.11782426
v 0.06418715 0.69373274 -0.11704895
v 0.05655544 0.69689584 -0.13876535
v 0.05518913 0.69564164 -0.13732572
v 0.05412200 0.69442225 -0.13545758
v 0.05344166 0.69334543 -0.13333696
v 0.05317479 0.69245231 -0.13104357
v 0.05333151 0.69177651 -0.12866822
v 0.05390607 0.69134641 -0.12630147
v 0.05487607 0.69117510 -0.12403347
v 0.05620427 0.69127166 -0.12195128
v 0.05783915 0.69163251 -0.12013623
v 0.05971816 0.69224143 -0.11865605
v 0.06177043 0.69307876 -0.11756982
v 0.06391494 0.69410872 -0.11691928
v 0.05600874 0.69811833 -0.13839714
v 0.05449937 0.69718087 -0.13686202
v 0.05331097 0.69623244 -0.13491233
v 0.05254006 0.69535732 -0.13273138
v 0.05221795 0.69458675 -0.13040076
v 0.05235636 0.69395435 -0.12801258
v 0.05294914 0.69348061 -0.12565847
v 0.05397485 0.69318688 -0.12342776
v 0.05539361 0.69308233 -0.12140627
v 0.05714994 0.69317174 -0.11967255
v 0.05917728 0.69345200 -0.11829218
v 0.06139727 0.69391143 -0.11731866
v 0.06372526 0.69453371 -0.11679128
v 0.05571584 0.69943058 -0.13804856
v 0.05413147 0.69883525 -0.13642219
v 0.05287751 0.69817626 -0.13439529
v 0.05205852 0.69751692 -0.13215664
v 0.05170739 0.69688046 -0.12979104
v 0.05183623 0.69629180 -0.12739103
v 0.05243900 0.69577396 -0.12504801
v 0.05349416 0.69534659 -0.12285279
v 0.05496097 0.69502604 -0.12088856
v 0.05678258 0.69482553 -0.11923259
v 0.05888873 0.69474995 -0.11794654
v 0.06119747 0.69480598 -0.11708082
v 0.06362361 0.69498956 -0.11666979
v 0.00093886 0.70402610 -0.14103812
v -0.00067004 0.70420206 -0.14079598
v -0.00220403 0.70434117 -0.14024688
v -0.00354309 0.70443499 -0.13944301
v 0.00100842 0.70433486 -0.14100662
v -0.00053405 0.70480824 -0.14073451
v -0.00200572 0.70522141 -0.14015719
v -0.00329086 0.70554459 -0.13932835
v 0.00113740 0.70462394 -0.14096683
v -0.00028115 0.70537424 -0.14065666
v -0.00163876 0.70604336 -0.14004453
v -0.00282973 0.70658088 -0.13918686
v 0.00131938 0.70488191 -0.14092222
v 0.00007670 0.70587933 -0.14056826
v -0.00111905 0.70677710 -0.13991436
v -0.00217364 0.70750523 -0.13902189
v 0.00154942 0.70509708 -0.14087182
v 0.00052649 0.70630348 -0.14046897
v -0.00046640 0.70739305 -0.13977148
v -0.00135065 0.70828354 -0.13884145
v 0.00181632 0.70526540 -0.14081936
v 0.00105057 0.70663095 -0.14036603
v 0.00029501 0.70786822 -0.13962060
v -0.00038990 0.70888257 -0.13865146
v 0.00211123 0.70537555 -0.14076544
v 0.00162982 0.70684874 -0.14026073
v 0.00113544 0.70818388 -0.13946836
v 0.00066998 0.70928109 -0.13845886
v 0.00242357 0.70542657 -0.14071341
v 0.00224008 0.70694852 -0.14015868
v 0.00202290 0.70832932 -0.13932109
v 0.00178798 0.70946360 -0.13827281
v 0.00273939 0.70541537 -0.14066496
v 0.00286072 0.70692623 -0.14006367
v 0.00292302 0.70829725 -0.13918281
v 0.00292324 0.70942390 -0.13809934
v 0.00304754 0.70534325 -0.14062271
v 0.00346575 0.70678437 -0.13998011
v 0.00380163 0.70809042 -0.13906100
v 0.00403063 0.70916176 -0.13794430
v 0.00333736 0.70521116 -0.14058693
v 0.00403202 0.70652509 -0.13990957
v 0.00462390 0.70771503 -0.13895841
v 0.00506691 0.70868921 -0.13781583
v 0.00359510 0.70502543 -0.14055914
v 0.00453901 0.70616102 -0.13985576
v 0.00535923 0.70718658 -0.13887948
v 0.00599411 0.70802271 -0.13771637
v 0.00381216 0.70479262 -0.14054117
v 0.00496481 0.70570600 -0.13982028
v 0.00597872 0.70652568 -0.13882835
v 0.00677649 0.70718920 -0.13765238
v 0.00398187 0.70452309 -0.14053372
v 0.00529677 0.70517719 -0.13980439
v 0.00645974 0.70575666 -0.13880585
v 0.00738181 0.70621932 -0.13762331
v 0.00409517 0.70422661 -0.14053635
v 0.00551906 0.70459306 -0.13980950
v 0.00678244 0.70491004 -0.13881303
v 0.00778929 0.70515132 -0.13763295
v 0.00414734 0.70391262 -0.14054912
v 0.00562467 0.70397937 -0.13983488
v 0.00693624 0.70401812 -0.13885064
v 0.00798165 0.70402777 -0.13767919
v 0.00413988 0.70359540 -0.14057153
v 0.00560809 0.70335674 -0.13987923
v 0.00691220 0.70311451 -0.13891463
v 0.00795336 0.70288789 -0.13776124
v 0.00406953 0.70328701 -0.14060290
v 0.00547074 0.70275080 -0.13994139
v 0.00671274 0.70223486 -0.13900472
v 0.00770182 0.70177805 -0.13787380
v 0.00394277 0.70299733 -0.14064138
v 0.00521973 0.70218372 -0.14001872
v 0.00634703 0.70141125 -0.13911670
v 0.00724053 0.70074141 -0.13801613
v 0.00376086 0.70273948 -0.14068845
v 0.00486167 0.70167863 -0.14010870
v 0.00582677 0.70067823 -0.13924700
v 0.00658419 0.69981647 -0.13817984
v 0.00353050 0.70252371 -0.14073835
v 0.00441103 0.70125437 -0.14020623
v 0.00517424 0.70006192 -0.13939001
v 0.00576103 0.69903862 -0.13836074
v 0.00326365 0.70235598 -0.14079112
v 0.00388747 0.70092690 -0.14031057
v 0.00441263 0.69958615 -0.13954045
v 0.00480020 0.69843972 -0.13854970
v 0.00296863 0.70224512 -0.14084435
v 0.00330756 0.70070910 -0.14041497
v 0.00357210 0.69927013 -0.13969225
v 0.00374025 0.69804072 -0.13874155
v 0.00265635 0.70219409 -0.14089634
v 0.00269748 0.70060849 -0.14051673
v 0.00268490 0.69912469 -0.13984083
v 0.00262255 0.69785857 -0.13892816
v 0.00234071 0.70220554 -0.14094500
v 0.00207739 0.70063114 -0.14061141
v 0.00178483 0.69915724 -0.13997789
v 0.00148733 0.69789767 -0.13910195
v 0.00203289 0.70227826 -0.14098804
v 0.00147206 0.70077384 -0.14069629
v 0.00090659 0.69936490 -0.14010070
v 0.00037993 0.69816053 -0.13925552
v 0.00174331 0.70241046 -0.14102399
v 0.00090638 0.70103216 -0.14076561
v 0.00008450 0.69974065 -0.14020208
v -0.00065617 0.69863331 -0.13938509
v 0.00148541 0.70259547 -0.14105089
v 0.00039963 0.70139635 -0.14082001
v -0.00065069 0.70026863 -0.14028102
v -0.00158331 0.69930005 -0.13948418
v 0.00126844 0.70282841 -0.14106891
v -0.00002646 0.70185268 -0.14085509
v -0.00127029 0.70093000 -0.14033243
v -0.00236550 0.70013297 -0.13955067
v 0.00109900 0.70309758 -0.14107688
v -0.00035750 0.70238125 -0.14087063
v -0.00174992 0.70169842 -0.14035502
v -0.00297042 0.70110345 -0.13957775
v 0.00256492 0.70382106 -0.14096333
v 0.00098600 0.70339525 -0.14107437
v -0.00057963 0.70296490 -0.14086561
v -0.00207286 0.70254552 -0.14034766
v -0.00337776 0.70217144 -0.13956934
v 0.00093200 0.70370936 -0.14106168
v -0.00068479 0.70357847 -0.14084142
v -0.00222583 0.70343816 -0.14031136
v -0.00356956 0.70329607 -0.13952237
v -0.00483047 0.70453537 -0.13877477
v -0.00684155 0.70468009 -0.13761175
v -0.00865426 0.70475984 -0.13597122
v -0.01011337 0.70476890 -0.13400754
v -0.01116175 0.70470703 -0.13179751
v -0.01176150 0.70457590 -0.12942879
v -0.01188814 0.70438111 -0.12699015
v -0.01153890 0.70413101 -0.12457685
v -0.01072520 0.70383370 -0.12228003
v -0.00947741 0.70350099 -0.12018950
v -0.00784671 0.70314670 -0.11838411
v -0.00589274 0.70278287 -0.11693393
v -0.00369112 0.70242488 -0.11589594
v -0.00452759 0.70586932 -0.13863565
v -0.00646028 0.70635951 -0.13743743
v -0.00820603 0.70673525 -0.13576454
v -0.00961635 0.70696354 -0.13378069
v -0.01063522 0.70703650 -0.13155675
v -0.01122412 0.70695114 -0.12918377
v -0.01136250 0.70671082 -0.12675053
v -0.01104320 0.70632458 -0.12435126
v -0.01027837 0.70580852 -0.12207726
v -0.00909840 0.70518017 -0.12001701
v -0.00754782 0.70446646 -0.11824857
v -0.00568764 0.70369244 -0.11684075
v -0.00358642 0.70288813 -0.11584845
v -0.00397131 0.70711505 -0.13846411
v -0.00575985 0.70793009 -0.13722023
v -0.00738184 0.70858097 -0.13551052
v -0.00870144 0.70901430 -0.13349751
v -0.00966502 0.70921421 -0.13125789
v -0.01023607 0.70917070 -0.12887953
v -0.01039268 0.70888925 -0.12645194
v -0.01012932 0.70837629 -0.12407054
v -0.00945658 0.70765483 -0.12182401
v -0.00839951 0.70675087 -0.11980225
v -0.00699917 0.70569932 -0.11807959
v -0.00530858 0.70454168 -0.11672422
v -0.00339331 0.70332122 -0.11578910
v -0.00318459 0.70822632 -0.13826649
v -0.00476759 0.70932984 -0.13697104
v -0.00621547 0.71022713 -0.13521655
v -0.00740430 0.71084404 -0.13317053
v -0.00828874 0.71115530 -0.13091189
v -0.00883272 0.71115112 -0.12852718
v -0.00901703 0.71082973 -0.12610695
v -0.00883292 0.71020555 -0.12374477
v -0.00828977 0.70930088 -0.12153128
v -0.00740807 0.70815086 -0.11955301
v -0.00622001 0.70680034 -0.11788385
v -0.00477244 0.70529926 -0.11658978
v -0.00312028 0.70370781 -0.11572024
v -0.00219438 0.70916021 -0.13804930
v -0.00352050 0.71050620 -0.13669698
v -0.00474911 0.71161067 -0.13489480
v -0.00577547 0.71238029 -0.13281247
v -0.00655855 0.71278727 -0.13053188
v -0.00706895 0.71281433 -0.12813972
v -0.00728741 0.71246183 -0.12572689
v -0.00720428 0.71174276 -0.12338735
v -0.00682422 0.71068442 -0.12120964
v -0.00616139 0.70932734 -0.11927906
v -0.00524034 0.70772409 -0.11766872
v -0.00409784 0.70593655 -0.11644118
v -0.00277571 0.70403171 -0.11564490
v -0.00104034 0.70988059 -0.13782033
v -0.00206708 0.71141350 -0.13640903
v -0.00304062 0.71267724 -0.13455692
v -0.00387638 0.71356606 -0.13243669
v -0.00454260 0.71404552 -0.13013318
v -0.00501383 0.71409810 -0.12773298
v -0.00527076 0.71372020 -0.12532786
v -0.00530565 0.71292782 -0.12301156
v -0.00511548 0.71175122 -0.12087102
v -0.00470826 0.71023476 -0.11899196
v -0.00409882 0.70843732 -0.11744295
v -0.00331076 0.70642769 -0.11628561
v -0.00237557 0.70428264 -0.11556536
v 0.00023316 0.71035826 -0.13758907
v -0.00046247 0.71201694 -0.13611767
v -0.00115427 0.71338677 -0.13421483
v -0.00178012 0.71435463 -0.13205726
v -0.00231797 0.71488345 -0.12973012
v -0.00274585 0.71495163 -0.12732179
v -0.00304680 0.71455824 -0.12492517
v -0.00320958 0.71371686 -0.12263203
v -0.00322954 0.71246088 -0.12052986
v -0.00310417 0.71083832 -0.11870150
v -0.00283779 0.70891094 -0.11721478
v -0.00244306 0.70675361 -0.11612888
v -0.00193284 0.70444882 -0.11548513
v 0.00157791 0.71057844 -0.13736515
v 0.00123237 0.71229315 -0.13583574
v 0.00083779 0.71371233 -0.13388290
v 0.00043321 0.71471608 -0.13168845
v 0.00003169 0.71526682 -0.12933849
v -0.00035011 0.71534276 -0.12692283
v -0.00069689 0.71494162 -0.12453368
v -0.00099641 0.71407890 -0.12226309
v -0.00123823 0.71278596 -0.12019789
v -0.00140963 0.71111465 -0.11841875
v -0.00150791 0.70912814 -0.11699335
v -0.00152627 0.70690405 -0.11597587
v -0.00146528 0.70452523 -0.11540684
v 0.00294205 0.71053004 -0.13715637
v 0.00294913 0.71223176 -0.13557255
v 0.00285802 0.71364081 -0.13357332
v 0.00267719 0.71463668 -0.13134447
v 0.00241419 0.71518171 -0.12897366
v 0.00207954 0.71525681 -0.12655061
v 0.00168478 0.71485686 -0.12416847
v 0.00124735 0.71399891 -0.12191914
v 0.00078215 0.71271455 -0.11988823
v 0.00030744 0.71105325 -0.11815585
v -0.00015793 0.70908082 -0.11678590
v -0.00059645 0.70687115 -0.11583364
v -0.00099142 0.70450878 -0.11533487
v 0.00427290 0.71021521 -0.13696985
v 0.00462518 0.71183550 -0.13533819
v 0.00482928 0.71317470 -0.13329814
v 0.00486663 0.71411955 -0.13103883
v 0.00473838 0.71463335 -0.12864894
v 0.00444896 0.71469581 -0.12621967
v 0.00400932 0.71430814 -0.12384406
v 0.00343659 0.71348131 -0.12161319
v 0.00275236 0.71224844 -0.11961320
v 0.00198307 0.71065712 -0.11792222
v 0.00115899 0.70876896 -0.11660220
v 0.00031070 0.70665646 -0.11570673
v -0.00052894 0.70439923 -0.11527015
v 0.00551881 0.70964694 -0.13681519
v 0.00619572 0.71111929 -0.13514267
v 0.00667544 0.71233237 -0.13306785
v 0.00691812 0.71318328 -0.13078292
v 0.00691640 0.71363986 -0.12837736
v 0.00666909 0.71368396 -0.12594232
v 0.00618781 0.71331441 -0.12357160
v 0.00548797 0.71254539 -0.12135765
v 0.00459880 0.71140587 -0.11938289
v 0.00355321 0.70994163 -0.11772555
v 0.00239185 0.70820653 -0.11644803
v 0.00115983 0.70626879 -0.11560103
v -0.00009581 0.70420134 -0.11521603
v 0.00663360 0.70884681 -0.13669674
v 0.00759990 0.71011126 -0.13499270
v 0.00832585 0.71114588 -0.13289133
v 0.00875168 0.71186495 -0.13058682
v 0.00886257 0.71224058 -0.12816907
v 0.00865377 0.71225750 -0.12572974
v 0.00813268 0.71191525 -0.12336361
v 0.00732101 0.71122766 -0.12116142
v 0.00624828 0.71022010 -0.11920656
v 0.00495702 0.70893323 -0.11757584
v 0.00349443 0.70741403 -0.11633043
v 0.00191871 0.70572269 -0.11551993
v 0.00029158 0.70392346 -0.11517452
v 0.00757309 0.70784497 -0.13661841
v 0.00878307 0.70884860 -0.13489434
v 0.00971682 0.70966220 -0.13277604
v 0.01029731 0.71021569 -0.13045840
v 0.01050283 0.71048880 -0.12803276
v 0.01032615 0.71047175 -0.12559055
v 0.00977335 0.71016335 -0.12322704
v 0.00886605 0.70957780 -0.12103222
v 0.00763921 0.70873606 -0.11909050
v 0.00613884 0.70767033 -0.11747752
v 0.00442386 0.70642257 -0.11625311
v 0.00256007 0.70503986 -0.11546613
v 0.00061719 0.70357513 -0.11514734
v 0.00830179 0.70667958 -0.13658445
v 0.00970061 0.70738208 -0.13485184
v 0.01079518 0.70793653 -0.13272566
v 0.01149563 0.70829821 -0.13040209
v 0.01177549 0.70845342 -0.12797241
v 0.01162329 0.70839572 -0.12552910
v 0.01104514 0.70812809 -0.12316667
v 0.01006404 0.70766068 -0.12097576
v 0.00871670 0.70701015 -0.11903913
v 0.00705643 0.70620310 -0.11743361
v 0.00514447 0.70526898 -0.11621889
v 0.00305543 0.70424497 -0.11544284
v 0.00087064 0.70317030 -0.11513545
v 0.00878958 0.70539594 -0.13659482
v 0.01031676 0.70576560 -0.13486572
v 0.01151951 0.70603597 -0.13274124
v 0.01230069 0.70618558 -0.13041987
v 0.01262978 0.70621192 -0.12799130
v 0.01249474 0.70611048 -0.12554832
v 0.01190037 0.70588648 -0.12318534
v 0.01086868 0.70554781 -0.12099332
v 0.00944050 0.70510912 -0.11905505
v 0.00767105 0.70458674 -0.11744705
v 0.00562789 0.70399833 -0.11622940
v 0.00338871 0.70337069 -0.11544976
v 0.00104002 0.70272470 -0.11513904
v 0.00902189 0.70404387 -0.13665101
v 0.01060746 0.70406139 -0.13493566
v 0.01186191 0.70403290 -0.13282390
v 0.01268171 0.70396006 -0.13051154
v 0.01303367 0.70384848 -0.12808841
v 0.01290542 0.70370090 -0.12564763
v 0.01230295 0.70352316 -0.12328270
v 0.01124921 0.70332241 -0.12108508
v 0.00978275 0.70310605 -0.11913723
v 0.00796137 0.70288253 -0.11751691
v 0.00585548 0.70266080 -0.11628456
v 0.00354678 0.70244849 -0.11548771
v 0.00112042 0.70225430 -0.11515872
v 0.00898576 0.70267463 -0.13674895
v 0.01056192 0.70233715 -0.13505925
v 0.01180895 0.70200455 -0.13296860
v 0.01262242 0.70170712 -0.13067321
v 0.01297053 0.70145631 -0.12825939
v 0.01284237 0.70126212 -0.12582277
v 0.01223994 0.70113170 -0.12345439
v 0.01118993 0.70106924 -0.12124622
v 0.00972943 0.70107830 -0.11928290
v 0.00791655 0.70115840 -0.11764079
v 0.00582101 0.70130563 -0.11638148
v 0.00352082 0.70151532 -0.11555517
v 0.00110753 0.70177889 -0.11519235
v 0.00868415 0.70134115 -0.13688514
v 0.01018207 0.70065796 -0.13523073
v 0.01136176 0.70002949 -0.13317142
v 0.01212655 0.69951284 -0.13089849
v 0.01244447 0.69912720 -0.12849917
v 0.01230475 0.69888699 -0.12606652
v 0.01171460 0.69880199 -0.12369347
v 0.01069462 0.69887531 -0.12147193
v 0.00928361 0.69910371 -0.11948571
v 0.00753726 0.69947946 -0.11781369
v 0.00552198 0.69998550 -0.11651735
v 0.00331698 0.70060575 -0.11564812
v 0.00100338 0.70131493 -0.11524041
v 0.00812784 0.70009530 -0.13705477
v 0.00948220 0.69908655 -0.13544536
v 0.01053864 0.69818330 -0.13342337
v 0.01121170 0.69746172 -0.13117905
v 0.01147433 0.69694865 -0.12879680
v 0.01131622 0.69666708 -0.12636989
v 0.01074477 0.69662356 -0.12399140
v 0.00978051 0.69682372 -0.12175269
v 0.00846151 0.69725752 -0.11973874
v 0.00683843 0.69790876 -0.11802831
v 0.00497333 0.69875276 -0.11668631
v 0.00293789 0.69975626 -0.11576430
v 0.00081022 0.70088184 -0.11529942
v 0.00734076 0.69898319 -0.13725230
v 0.00848994 0.69768655 -0.13569391
v 0.00937176 0.69653714 -0.13371591
v 0.00991492 0.69563246 -0.13150436
v 0.01009812 0.69500768 -0.12914196
v 0.00991336 0.69468629 -0.12672204
v 0.00936859 0.69468307 -0.12433691
v 0.00848413 0.69499421 -0.12207782
v 0.00729498 0.69561064 -0.12003134
v 0.00584695 0.69650877 -0.11827739
v 0.00419434 0.69765174 -0.11688119
v 0.00240107 0.69899893 -0.11589906
v 0.00053717 0.70049536 -0.11536819
v 0.00635055 0.69805002 -0.13746946
v 0.00724280 0.69651079 -0.13596733
v 0.00790668 0.69515312 -0.13403782
v 0.00828595 0.69409513 -0.13186090
v 0.00836837 0.69337618 -0.12952149
v 0.00814975 0.69302380 -0.12710860
v 0.00763902 0.69305086 -0.12471618
v 0.00685565 0.69345796 -0.12243538
v 0.00582956 0.69422746 -0.12035257
v 0.00460025 0.69533229 -0.11855063
v 0.00321470 0.69672811 -0.11709623
v 0.00172716 0.69836175 -0.11604749
v 0.00019277 0.70017207 -0.11544411
v 0.00519639 0.69732916 -0.13769774
v 0.00578950 0.69560337 -0.13625488
v 0.00619699 0.69408679 -0.13437541
v 0.00638713 0.69291031 -0.13223642
v 0.00635249 0.69211698 -0.12991977
v 0.00609525 0.69173944 -0.12751538
v 0.00562305 0.69179237 -0.12511456
v 0.00495692 0.69227195 -0.12281074
v 0.00412077 0.69316089 -0.12069036
v 0.00314718 0.69442487 -0.11883828
v 0.00207301 0.69601560 -0.11732258
v 0.00093936 0.69787049 -0.11620307
v -0.00020761 0.69992042 -0.11552261
v -0.00132745 0.70208585 -0.11530708
v 0.00392256 0.69685102 -0.13792776
v 0.00418547 0.69499969 -0.13654420
v 0.00431053 0.69337714 -0.13471669
v 0.00429072 0.69212115 -0.13261667
v 0.00412771 0.69127905 -0.13032298
v 0.00382519 0.69088566 -0.12792611
v 0.00339875 0.69095445 -0.12551785
v 0.00286069 0.69148326 -0.12319010
v 0.00223496 0.69245136 -0.12103257
v 0.00154287 0.69382119 -0.11912879
v 0.00081190 0.69554138 -0.11755019
v 0.00007171 0.69754446 -0.11635989
v -0.00065033 0.69975424 -0.11560288
v 0.00257834 0.69663072 -0.13815162
v 0.00249035 0.69472349 -0.13682710
v 0.00231927 0.69305134 -0.13504857
v 0.00207733 0.69175899 -0.13298494
v 0.00177788 0.69089592 -0.13071461
v 0.00143128 0.69049501 -0.12832560
v 0.00104954 0.69057095 -0.12590908
v 0.00064764 0.69112122 -0.12355943
v 0.00024298 0.69212568 -0.12136456
v -0.00015114 0.69354475 -0.11941054
v -0.00051748 0.69532418 -0.11777256
v -0.00084442 0.69739401 -0.11651272
v -0.00111788 0.69967782 -0.11568117
v 0.00121415 0.69667923 -0.13836090
v 0.00077336 0.69478416 -0.13709038
v 0.00029911 0.69312346 -0.13535814
v -0.00016659 0.69183850 -0.13332920
v -0.00060399 0.69098103 -0.13107896
v -0.00099793 0.69058073 -0.12869774
v -0.00133274 0.69065595 -0.12627450
v -0.00159624 0.69120121 -0.12390271
v -0.00177672 0.69219720 -0.12167354
v -0.00186822 0.69360542 -0.11967379
v -0.00186747 0.69537175 -0.11797908
v -0.00177410 0.69742775 -0.11665496
v -0.00159152 0.69969499 -0.11575378
v -0.00011660 0.69699383 -0.13854669
v -0.00090227 0.69518101 -0.13732435
v -0.00167219 0.69358909 -0.13563381
v -0.00235556 0.69235671 -0.13363488
v -0.00292845 0.69152987 -0.13140427
v -0.00336821 0.69114196 -0.12902834
v -0.00365726 0.69120455 -0.12659894
v -0.00378457 0.69171822 -0.12420836
v -0.00374740 0.69266319 -0.12194869
v -0.00354369 0.69400227 -0.11990805
v -0.00318448 0.69568300 -0.11816278
v -0.00268139 0.69764149 -0.11678188
v -0.00205410 0.69980443 -0.11581783
v -0.00136298 0.69756305 -0.13870148
v -0.00247317 0.69589674 -0.13752033
v -0.00351795 0.69443166 -0.13586459
v -0.00440647 0.69329274 -0.13389124
v -0.00510681 0.69252360 -0.13167612
v -0.00558866 0.69215393 -0.12930569
v -0.00583498 0.69219816 -0.12687045
v -0.00583581 0.69265473 -0.12446485
v -0.00559349 0.69350564 -0.12217930
v -0.00511431 0.69471788 -0.12010379
v -0.00441736 0.69624531 -0.11831695
v -0.00353068 0.69803023 -0.11688769
v -0.00248729 0.70000172 -0.11587243
v -0.00247696 0.69836318 -0.13882211
v -0.00387643 0.69690502 -0.13767155
v -0.00516869 0.69561827 -0.13604084
v -0.00624112 0.69461071 -0.13408801
v -0.00705249 0.69392288 -0.13188441
v -0.00757342 0.69358075 -0.12951854
v -0.00778044 0.69359744 -0.12707873
v -0.00766993 0.69397330 -0.12466107
v -0.00724281 0.69469213 -0.12235610
v -0.00651767 0.69572663 -0.12025417
v -0.00551993 0.69703794 -0.11843528
v -0.00428974 0.69857538 -0.11696883
v -0.00287461 0.70028031 -0.11591394
v -0.00341652 0.69936502 -0.13890059
v -0.00505959 0.69816732 -0.13777059
v -0.00655989 0.69710231 -0.13615812
v -0.00778664 0.69626057 -0.13421732
v -0.00869310 0.69567478 -0.13202156
v -0.00924587 0.69536650 -0.12965815
v -0.00942136 0.69534934 -0.12721574
v -0.00921498 0.69562209 -0.12478986
v -0.00863375 0.69617629 -0.12247230
v -0.00770018 0.69698930 -0.12035316
v -0.00644967 0.69802964 -0.11851300
v -0.00493078 0.69925821 -0.11702257
v -0.00320027 0.70062852 -0.11594078
v -0.00414501 0.70053077 -0.13893566
v -0.00597741 0.69963539 -0.13781527
v -0.00763810 0.69882822 -0.13620979
v -0.00898556 0.69817781 -0.13427474
v -0.00996589 0.69771039 -0.13208295
v -0.01054277 0.69744182 -0.12971993
v -0.01069378 0.69738495 -0.12727666
v -0.01041315 0.69754040 -0.12484716
v -0.00971134 0.69790220 -0.12252341
v -0.00861720 0.69845653 -0.12039638
v -0.00717001 0.69918311 -0.11854690
v -0.00542620 0.70005322 -0.11704585
v -0.00345382 0.70103288 -0.11595295
v -0.00463300 0.70181358 -0.13892497
v -0.00659364 0.70125186 -0.13780257
v -0.00836302 0.70072877 -0.13619545
v -0.00979068 0.70029080 -0.13425839
v -0.01082061 0.69995177 -0.13206470
v -0.01141381 0.69972777 -0.12970115
v -0.01154837 0.69962645 -0.12725835
v -0.01121761 0.69965219 -0.12482996
v -0.01043603 0.69980264 -0.12250739
v -0.00923195 0.70007288 -0.12038265
v -0.00765335 0.70045412 -0.11853641
v -0.00575937 0.70092785 -0.11703897
v -0.00362311 0.70147908 -0.11594903
v -0.00486477 0.70316589 -0.13887036
v -0.00688560 0.70295632 -0.13773471
v -0.00870690 0.70273209 -0.13611490
v -0.01017218 0.70251644 -0.13416821
v -0.01122467 0.70231497 -0.13196829
v -0.01182487 0.70213723 -0.12960252
v -0.01195155 0.70198977 -0.12716131
v -0.01159768 0.70187819 -0.12473859
v -0.01077774 0.70180547 -0.12242489
v -0.00952231 0.70177686 -0.12031282
v -0.00788097 0.70179141 -0.11848132
v -0.00591752 0.70184958 -0.11700074
v -0.00370339 0.70194948 -0.11593001
f 4 2 1
f 8 6 5
f 13 15 14
f 17 19 18
f 32 30 29
f 36 34 33
f 37 39 38
f 21 23 20
f 25 27 24
f 41 43 42
f 48 46 45
f 52 50 49
f 53 55 54
f 60 58 57
f 29 62 61
f 66 64 63
f 67 6 68
f 72 70 69
f 76 74 73
f 77 79 78
f 81 83 82
f 59 86 85
f 88 90 89
f 96 94 93
f 100 98 97
f 101 103 102
f 106 34 87
f 108 115 107
f 117 36 118
f 124 126 125
f 131 129 128
f 132 134 133
f 142 140 139
f 148 60 147
f 144 127 124
f 149 151 150
f 156 154 153
f 159 158 157
f 116 164 105
f 171 169 168
f 174 173 172
f 179 181 180
f 186 188 187
f 194 196 195
f 199 139 198
f 206 208 207
f 213 211 210
f 202 214 201
f 96 216 54
f 92 43 44
f 97 246 100
f 250 229 228
f 252 58 253
f 258 256 255
f 260 229 259
f 110 112 113
f 114 263 109
f 265 267 266
f 56 270 269
f 274 249 250
f 185 63 64
f 280 278 276
f 285 283 157
f 288 211 212
f 141 92 46
f 289 175 176
f 148 105 106
f 312 170 171
f 238 42 43
f 318 160 317
f 310 308 307
f 241 325 324
f 160 240 317
f 47 307 308
f 108 315 164
f 345 86 119
f 348 350 349
f 356 358 357
f 355 353 352
f 363 32 362
f 149 150 176
f 364 253 365
f 366 368 367
f 183 371 63
f 163 161 160
f 209 101 208
f 378 165 166
f 379 381 380
f 383 3 4
f 284 386 385
f 387 389 388
f 391 229 249
f 73 397 396
f 405 407 406
f 203 411 410
f 414 413 412
f 1 357 4
f 277 131 275
f 254 57 58
f 358 415 351
f 417 386 408
f 401 192 420
f 419 127 143
f 421 182 422
f 103 302 409
f 428 368 174
f 380 359 356
f 62 266 323
f 140 431 430
f 357 351 348
f 356 379 380
f 415 403 434
f 437 436 435
f 438 440 439
f 188 450 449
f 452 454 453
f 265 181 421
f 224 64 225
f 237 213 427
f 275 128 458
f 281 460 459
f 50 79 461
f 73 282 281
f 468 466 465
f 390 352 359
f 482 484 483
f 489 487 486
f 493 495 494
f 472 470 469
f 502 500 499
f 220 222 223
f 512 143 66
f 518 511 80
f 513 230 286
f 205 31 244
f 189 451 188
f 163 532 8
f 533 225 251
f 446 447 412
f 335 540 334
f 544 546 545
f 329 291 292
f 199 262 238
f 385 416 550
f 532 191 247
f 363 118 243
f 236 237 250
f 578 580 579
f 573 571 570
f 561 562 272
f 241 259 240
f 590 592 591
f 545 595 594
f 503 155 504
f 606 624 623
f 478 480 479
f 646 648 647
f 590 689 684
f 564 651 650
f 728 184 727
f 714 716 715
f 692 575 693
f 541 581 578
f 346 248 400
f 161 230 160
f 128 94 95
f 698 704 703
f 574 576 575
f 290 401 328
f 630 725 726
f 733 735 734
f 755 496 493
f 759 481 760
f 757 762 761
f 764 466 467
f 768 9260 9261
f 759 488 489
f 492 475 771
f 474 769 473
f 773 465 772
f 771 486 483
f 484 775 491
f 774 489 486
f 495 764 756
f 495 761 494
f 137 784 136
f 325 797 547
f 165 51 52
f 369 29 370
f 730 568 569
f 90 301 89
f 243 516 242
f 800 806 805
f 817 808 816
f 816 823 822
f 306 447 807
f 815 809 808
f 829 828 825
f 726 501 502
f 274 424 423
f 879 881 880
f 884 879 885
f 219 217 211
f 906 904 897
f 455 205 542
f 898 830 829
f 903 880 881
f 906 897 898
f 377 519 165
f 923 948 946
f 946 951 950
f 8963 739 8961
f 900 886 880
f 225 65 144
f 182 442 422
f 809 947 824
f 954 962 961
f 927 965 966
f 885 880 886
f 925 966 967
f 343 341 340
f 965 971 968
f 968 970 969
f 972 969 973
f 963 981 978
f 336 338 339
f 992 827 828
f 810 996 959
f 1007 1002 1008
f 1012 827 1009
f 1011 1007 1008
f 294 292 291
f 907 920 919
f 1017 1019 1018
f 1020 1022 1021
f 1035 1020 1044
f 1061 1047 1046
f 1063 1046 1062
f 1044 1021 1045
f 1102 1097 1109
f 1116 1118 1117
f 1016 1014 1013
f 881 904 903
f 816 1127 817
f 1094 949 1097
f 514 167 515
f 146 81 82
f 1133 1130 1129
f 1102 1126 822
f 822 1116 816
f 1145 1148 1136
f 1076 1151 1069
f 1148 1086 1087
f 1109 1114 1136
f 1154 1156 1155
f 1153 967 1156
f 8815 463 9166
f 1144 1152 1151
f 1156 1163 1162
f 1164 1169 1165
f 1145 1176 1147
f 1114 1154 1171
f 1183 1164 1177
f 1184 1177 1185
f 1069 1062 1064
f 1023 1194 1022
f 1162 1170 1169
f 1195 1185 1191
f 1183 1176 1155
f 1201 1152 1196
f 1061 1201 1202
f 9277 843 9288
f 1203 1195 1034
f 1202 1184 1195
f 1218 1203 1217
f 1060 1202 1203
f 1225 1217 1219
f 671 694 670
f 1219 1024 1035
f 1217 1034 1024
f 1226 1015 1227
f 1243 1234 1233
f 1231 1229 1228
f 847 1233 843
f 843 1244 878
f 1233 1245 1244
f 1923 233 216
f 2100 499 500
f 9366 2135 9352
f 61 323 505
f 210 217 457
f 1299 1309 1300
f 9315 1231 9314
f 1066 1321 1322
f 1322 1228 1229
f 1060 1321 1047
f 1325 1323 1310
f 1244 1332 1330
f 1290 1242 1288
f 1337 1339 1338
f 1330 1340 1339
f 1341 1245 1294
f 1342 1332 1341
f 1343 1341 1344
f 1344 1294 1293
f 9309 1345 1346
f 1347 1342 1343
f 9308 1295 1345
f 1349 1348 1347
f 9313 1347 9305
f 9305 1343 9309
f 906 829 1353
f 905 1353 1354
f 865 1355 1357
f 1355 829 825
f 1357 825 826
f 1356 1353 1355
f 9286 1338 9285
f 866 1356 865
f 1358 1354 1356
f 9280 1337 9286
f 838 1012 841
f 1363 1338 1339
f 1368 1339 1340
f 1348 1340 1342
f 1371 9276 9281
f 524 526 523
f 528 530 527
f 1372 1369 1371
f 535 537 538
f 1367 1348 1350
f 1370 1359 1369
f 1369 9285 9276
f 1373 903 904
f 555 557 558
f 1374 910 1373
f 1373 905 1375
f 1374 1375 1376
f 1375 1354 1370
f 1378 908 1377
f 376 651 1387
f 1388 973 969
f 586 588 585
f 1390 1388 1391
f 1391 969 970
f 597 599 596
f 600 602 603
f 1392 970 979
f 608 610 607
f 612 523 611
f 614 616 613
f 617 25 24
f 620 622 619
f 1397 1391 1392
f 1398 1392 1399
f 1400 920 1378
f 1402 1165 1169
f 636 638 635
f 930 1402 929
f 641 643 644
f 929 1169 1170
f 1404 1403 1402
f 1411 1365 1406
f 1412 1415 1414
f 652 654 655
f 609 657 658
f 659 661 662
f 558 586 585
f 665 667 664
f 1413 1406 1412
f 1418 9262 9265
f 1417 1371 1416
f 1416 9281 9262
f 1419 1416 1418
f 1386 1374 1420
f 677 679 676
f 1385 1420 1421
f 1420 1376 1422
f 685 687 688
f 1421 1422 1423
f 528 691 658
f 1422 1372 1417
f 1018 747 1425
f 699 701 702
f 1424 579 1017
f 9115 1767 9112
f 700 711 712
f 1093 9206 1571
f 717 530 719
f 721 723 720
f 704 8987 8998
f 19 1426 1430
f 1429 1427 1426
f 1658 8986 8988
f 1439 1434 1438
f 1437 1435 1434
f 1426 1433 1432
f 1442 1432 1440
f 742 744 745
f 1432 1441 1440
f 751 753 750
f 1438 1403 1405
f 1446 1444 1443
f 1447 1446 1443
f 9312 1443 9300
f 1415 1445 1446
f 1414 1446 1448
f 2173 469 470
f 777 779 686
f 780 782 783
f 1676 1806 1675
f 9311 1349 9313
f 789 791 788
f 745 793 742
f 652 795 653
f 1455 1457 1456
f 1454 1350 1452
f 610 802 801
f 9283 698 703
f 1352 1045 1351
f 1015 1459 1460
f 811 813 814
f 2118 9269 2117
f 819 821 818
f 1466 1194 1190
f 1467 1465 1466
f 1182 1468 1467
f 832 833 831
f 835 837 834
f 1467 1190 1182
f 1469 1444 1445
f 840 712 690
f 1453 1469 1454
f 599 845 846
f 1226 9301 9307
f 851 853 850
f 855 856 854
f 858 860 857
f 861 863 864
f 1014 9307 9310
f 867 868 869
f 870 872 873
f 874 876 877
f 1310 1471 1309
f 1476 1427 1475
f 1461 1475 1460
f 887 889 890
f 788 892 891
f 894 896 893
f 1460 1227 1015
f 901 524 612
f 1465 1477 1464
f 1865 8944 1864
f 911 913 914
f 916 918 915
f 1850 8951 1851
f 921 895 894
f 1479 1436 1478
f 926 667 601
f 1481 563 1480
f 269 84 1482
f 931 933 916
f 934 614 869
f 936 688 937
f 938 662 939
f 1484 122 123
f 941 835 834
f 320 509 510
f 1849 8949 1850
f 84 1484 83
f 1487 1488 539
f 1757 8946 8953
f 365 1491 364
f 461 80 511
f 117 362 1496
f 1494 541 1495
f 926 957 958
f 1477 1433 1476
f 1709 1585 1700
f 119 1496 345
f 271 504 156
f 511 189 186
f 345 1492 365
f 255 344 254
f 57 299 132
f 1501 268 1500
f 267 1499 145
f 974 976 977
f 1678 1693 1676
f 9298 1807 9292
f 557 663 558
f 983 984 985
f 1443 9301 9300
f 421 268 265
f 989 991 988
f 1490 418 1504
f 279 309 310
f 997 676 679
f 998 999 875
f 1504 38 1505
f 1506 1507 1486
f 360 1508 1506
f 1506 207 360
f 939 1006 938
f 270 1483 269
f 66 546 512
f 1010 793 935
f 367 437 1509
f 244 363 243
f 1670 8978 1669
f 209 1510 226
f 235 1512 1511
f 1511 234 235
f 388 426 425
f 427 250 237
f 161 521 231
f 100 45 44
f 1025 608 1027
f 1029 1031 1028
f 939 1033 1032
f 41 594 99
f 1036 783 1037
f 702 1038 1039
f 1040 1042 1043
f 362 369 1493
f 187 477 186
f 70 539 198
f 1511 1521 234
f 1049 603 1048
f 613 869 614
f 860 1051 857
f 1005 1053 1006
f 753 1056 1054
f 1057 1059 1055
f 293 1522 292
f 288 1521 1522
f 292 1523 329
f 331 1508 1524
f 306 453 305
f 100 41 99
f 462 78 79
f 330 1524 462
f 635 1068 636
f 1485 1526 1528
f 206 1528 1510
f 1070 1072 831
f 942 1073 1074
f 916 1075 917
f 440 1530 439
f 157 1514 285
f 1529 5 1530
f 371 546 63
f 790 663 791
f 1077 857 1078
f 1403 1435 1165
f 1080 1082 1079
f 531 1529 440
f 21 1084 1085
f 272 1531 561
f 137 396 397
f 690 802 691
f 335 9011 581
f 1090 1029 1091
f 1092 794 1042
f 1533 137 138
f 661 1095 1096
f 69 445 72
f 1099 1101 1098
f 38 1536 1505
f 1104 1106 1103
f 852 1108 853
f 1377 909 1386
f 291 411 294
f 316 516 33
f 539 1533 534
f 1505 316 313
f 1110 1112 1113
f 1539 460 264
f 522 1537 1539
f 834 1120 1119
f 1122 1124 1121
f 612 1041 901
f 935 615 614
f 276 130 131
f 1686 8966 1685
f 193 1541 273
f 231 1540 287
f 556 982 557
f 365 85 345
f 190 318 1541
f 1810 9018 8972
f 9376 8956 9243
f 1132 985 1131
f 208 102 132
f 1134 662 661
f 1491 80 77
f 429 1542 147
f 1137 915 918
f 172 428 174
f 1139 1141 1142
f 549 54 55
f 1517 1518 296
f 976 1146 938
f 834 984 941
f 1543 286 115
f 1544 239 513
f 133 1544 1542
f 506 257 258
f 420 328 401
f 1158 1160 1157
f 587 1103 588
f 1513 1514 151
f 607 1027 608
f 304 1545 303
f 364 77 506
f 69 198 139
f 1006 976 938
f 700 1112 701
f 9329 8969 9239
f 1166 657 656
f 1167 858 1077
f 1300 8968 1299
f 1172 1174 1175
f 218 200 217
f 1179 1181 1178
f 372 97 98
f 89 227 88
f 1186 1188 1189
f 172 1517 1549
f 1482 81 1498
f 1090 1193 1030
f 394 353 1551
f 526 1198 1197
f 811 858 812
f 1199 1026 1025
f 606 697 696
f 1204 1206 743
f 1207 523 526
f 1209 867 613
f 914 685 936
f 1478 1441 1477
f 1029 1161 1091
f 1211 1213 1214
f 9310 1451 9311
f 844 1216 845
f 423 273 274
f 1220 1222 1083
f 22 1224 23
f 882 897 881
f 1519 173 387
f 1189 1232 1178
f 349 550 416
f 1071 1236 1072
f 1237 1239 745
f 1221 1189 1240
f 1510 1512 333
f 939 1241 1005
f 1556 5 67
f 1553 394 1551
f 404 67 347
f 1247 1249 1246
f 142 238 92
f 1251 635 1250
f 850 1253 851
f 1254 1077 1255
f 57 133 429
f 443 552 551
f 1187 1175 1188
f 1256 831 833
f 432 382 383
f 741 747 746
f 434 351 415
f 349 383 348
f 251 1481 1480
f 395 352 353
f 1518 1550 1551
f 1558 378 340
f 109 314 315
f 285 1513 407
f 395 393 392
f 202 410 1558
f 417 405 432
f 1246 1258 1247
f 3 297 2
f 1259 1261 1262
f 403 347 284
f 955 953 952
f 462 51 330
f 1096 687 1263
f 429 60 57
f 896 1265 932
f 1267 1268 1266
f 423 327 420
f 37 180 40
f 20 1187 1186
f 1256 1071 1070
f 155 156 504
f 1188 1269 1232
f 1236 1271 1262
f 1272 535 621
f 565 463 464
f 1273 745 1239
f 876 1255 1274
f 316 164 315
f 437 503 1509
f 194 1495 197
f 1275 864 863
f 624 631 630
f 1277 1137 1278
f 569 567 566
f 1481 125 366
f 324 547 326
f 1279 1107 1280
f 1525 329 1523
f 1281 1137 918
f 171 1553 1552
f 1488 396 1533
f 1557 1562 1559
f 1282 1206 1205
f 1053 1278 1281
f 778 607 1283
f 713 9010 9013
f 251 144 124
f 4 348 383
f 709 707 706
f 728 45 246
f 261 1563 544
f 789 1287 790
f 74 263 282
f 403 385 434
f 1178 1240 1189
f 1223 1289 1224
f 158 150 151
f 1220 1186 1221
f 296 354 433
f 784 1538 1566
f 1181 1291 1222
f 1269 1257 1246
f 1566 438 399
f 136 1566 1564
f 1563 169 1565
f 107 109 108
f 1297 1298 1296
f 1464 1476 1461
f 1520 507 508
f 1301 1303 1304
f 1306 1308 1305
f 175 1532 272
f 1532 200 201
f 1311 1312 1313
f 872 1315 1316
f 1317 1318 1319
f 9288 878 9280
f 1305 864 1276
f 1040 863 1320
f 1564 399 169
f 592 1575 591
f 591 1088 689
f 1581 1583 1582
f 1196 1147 1176
f 710 583 713
f 285 408 386
f 953 961 963
f 1594 1589 1593
f 1585 1587 1586
f 1592 1590 1589
f 9337 944 9351
f 1600 1598 1597
f 1604 1602 1601
f 1399 979 980
f 1589 1596 1595
f 1610 1608 1607
f 298 361 360
f 551 276 277
f 1627 9266 9271
f 859 818 860
f 1078 1328 1329
f 1555 1530 1556
f 572 680 681
f 772 776 774
f 977 918 917
f 404 392 393
f 1054 750 753
f 1644 1643 1642
f 932 1082 933
f 1067 1334 1068
f 1540 264 114
f 597 643 1336
f 471 762 470
f 1642 9283 9294
f 1644 9294 9295
f 923 950 927
f 96 548 95
f 520 522 521
f 445 443 442
f 849 848 842
f 480 755 493
f 1646 481 1639
f 311 1567 170
f 464 8941 8939
f 8941 1361 8939
f 234 236 235
f 190 192 191
f 153 152 149
f 231 286 230
f 1552 1551 1550
f 760 1648 488
f 9284 1649 9282
f 828 826 825
f 52 166 165
f 1663 1661 1660
f 287 115 286
f 668 670 669
f 634 640 639
f 553 559 554
f 118 33 516
f 492 491 490
f 8996 1651 8997
f 582 584 583
f 384 392 415
f 1381 1383 1380
f 1562 435 436
f 952 951 947
f 8973 583 584
f 1660 1667 1666
f 1394 1396 1393
f 1660 1664 1663
f 1671 1669 1668
f 1624 1673 1672
f 1407 1409 1410
f 1677 1675 1674
f 1613 1677 1625
f 1679 1676 1677
f 1626 9263 9266
f 534 198 539
f 176 150 159
f 803 734 800
f 400 191 192
f 65 143 144
f 8970 1656 8984
f 402 157 283
f 629 627 626
f 461 49 50
f 758 495 756
f 796 786 785
f 406 1513 1560
f 342 166 167
f 1694 1658 1695
f 1692 1694 1696
f 9001 1652 8996
f 9373 1703 9375
f 326 302 90
f 9368 1702 1706
f 9371 1698 1701
f 1699 9379 9370
f 1557 1560 1561
f 1127 1117 1128
f 400 289 346
f 1706 1707 1708
f 1707 1599 1600
f 1709 1708 1588
f 1714 1711 1713
f 9371 1709 1700
f 1704 1577 1703
f 1716 1713 1715
f 1559 1549 297
f 1722 1720 1719
f 1335 596 1489
f 410 377 378
f 973 1163 972
f 168 399 398
f 1571 1089 1093
f 1572 682 1571
f 749 647 754
f 1730 1723 1729
f 1594 1729 1592
f 1729 1591 1592
f 1731 1730 1583
f 1384 1377 1379
f 1732 1712 1714
f 1724 1731 1732
f 1712 1731 1580
f 1722 1732 1733
f 1721 1733 1734
f 1734 1716 1717
f 1735 1736 1697
f 1733 1714 1716
f 1663 1741 1668
f 1742 1740 1743
f 1738 1737 1735
f 1665 1666 1740
f 1665 1744 1664
f 1725 1746 1745
f 1591 1745 1590
f 1590 1747 1596
f 1745 1748 1747
f 1659 8982 8986
f 5650 8989 5617
f 1185 1182 1190
f 1664 1749 1741
f 1741 1739 1738
f 1746 1743 1748
f 1726 1742 1746
f 1153 924 925
f 1115 1153 1154
f 1654 9019 1655
f 1896 8993 1686
f 1720 1744 1726
f 1721 1749 1720
f 1750 1701 1698
f 1697 1750 1696
f 1151 1063 1062
f 1751 1670 1671
f 1695 1752 1751
f 961 986 981
f 1770 1768 1767
f 1766 1593 1765
f 1731 1579 1580
f 1579 1774 1578
f 9380 1771 9381
f 1764 9380 9369
f 1777 1775 1774
f 9214 1699 1700
f 1004 1128 1003
f 1774 1771 1772
f 987 1399 980
f 1578 1772 1764
f 1783 1781 1778
f 1597 1770 1767
f 639 9347 9336
f 9380 1769 1770
f 1793 1789 1788
f 9381 1798 1769
f 8952 9225 1806
f 1802 9376 9374
f 1788 1794 1793
f 1793 1795 1776
f 9225 1675 1806
f 1584 1783 1789
f 1771 9372 9381
f 1801 1798 1800
f 1768 1798 1799
f 1775 1797 1771
f 508 515 1520
f 1796 1802 1797
f 1800 9372 9374
f 1794 1804 1795
f 8976 1752 8991
f 485 1807 775
f 9261 1640 768
f 9289 1810 1653
f 485 1640 1808
f 1690 9222 9224
f 487 1648 1811
f 9291 1816 9274
f 9290 1648 9282
f 9291 1811 9290
f 1812 487 1811
f 1641 767 768
f 465 755 776
f 767 9275 9260
f 9274 9278 9299
f 1809 1815 767
f 9289 1651 9292
f 675 8985 8940
f 1814 1822 1821
f 1821 9273 9272
f 1824 1649 1825
f 1827 1850 1805
f 1668 1662 1663
f 1779 1848 1828
f 1790 1805 1794
f 1833 1853 1852
f 8965 693 575
f 1614 1616 1617
f 1852 8942 8945
f 1620 1622 1623
f 1855 1574 1861
f 1847 8945 8957
f 1766 1855 1782
f 1629 1631 1628
f 1633 1634 1632
f 1635 1637 1638
f 1848 1852 1847
f 1855 1863 1862
f 1803 1867 1802
f 1862 1831 1832
f 1782 1862 1781
f 9374 1865 1800
f 1873 1870 1869
f 1874 799 804
f 2045 9349 2044
f 1219 1295 1225
f 1615 1396 1395
f 9336 1877 1876
f 645 9238 9003
f 1345 1035 1346
f 634 9336 9332
f 15 1327 14
f 9362 1878 1893
f 1894 605 1893
f 8950 627 693
f 9004 645 9003
f 340 454 1558
f 1897 195 1898
f 1889 1877 1890
f 1901 129 1900
f 196 754 232
f 1705 9373 9368
f 340 166 343
f 1570 563 561
f 1904 194 1897
f 1781 1832 1780
f 1905 55 1906
f 1000 995 996
f 986 920 987
f 1191 1190 1194
f 2094 2075 2093
f 1920 1919 1915
f 453 1912 1911
f 1915 1918 1916
f 9334 2106 9353
f 1655 8975 1868
f 1916 1926 1925
f 704 9005 703
f 278 1925 1900
f 9009 1818 1820
f 1097 1115 1114
f 1927 727 1923
f 9030 9106 9210
f 1920 307 1929
f 1929 48 728
f 503 1497 1509
f 1902 787 796
f 1816 9272 9278
f 1925 1923 1924
f 1535 1568 1534
f 254 258 255
f 1509 366 367
f 119 35 36
f 219 293 294
f 141 47 431
f 542 244 245
f 1940 430 431
f 1779 1827 1790
f 1701 9367 9371
f 1661 8959 1667
f 270 754 647
f 197 749 196
f 1727 1212 1211
f 53 232 754
f 1465 1479 1478
f 1284 9306 1293
f 1951 412 413
f 168 1554 1553
f 1486 206 207
f 506 78 361
f 994 1007 993
f 951 963 964
f 1013 9313 1351
f 9278 1820 1818
f 1498 1954 1482
f 299 543 132
f 1754 1756 1753
f 1681 1683 1682
f 1696 1695 1697
f 13 738 737
f 473 475 474
f 482 768 1640
f 204 30 205
f 1761 820 819
f 611 1125 612
f 1501 1908 1909
f 1074 711 699
f 1960 82 83
f 120 1960 123
f 35 87 34
f 1773 1025 1031
f 1965 1569 1535
f 494 471 479
f 1966 1969 1968
f 446 1971 1967
f 174 125 126
f 1580 1578 1577
f 1785 1787 1784
f 1972 304 305
f 1254 875 999
f 1973 342 514
f 321 1973 509
f 1910 275 1907
f 509 514 508
f 1486 1527 1485
f 1974 804 1975
f 1977 1974 1978
f 1980 1966 1981
f 379 2 295
f 1718 1710 1701
f 884 992 883
f 1680 1678 1679
f 902 525 524
f 344 256 299
f 135 137 136
f 236 228 333
f 448 1967 1966
f 589 604 584
f 910 908 907
f 1981 1968 1987
f 1982 1987 1979
f 1988 1987 1989
f 1990 1989 1991
f 1991 1993 1992
f 322 320 319
f 992 830 883
f 1144 1086 1143
f 1995 1978 1994
f 1133 1118 1126
f 1997 1994 1996
f 870 1335 1489
f 805 1982 1998
f 727 2000 1999
f 1996 1988 1990
f 1994 1979 1988
f 1829 792 1273
f 1830 941 983
f 798 800 799
f 729 731 730
f 2011 2023 2022
f 1834 846 1159
f 402 284 347
f 2022 2024 2025
f 1838 989 988
f 810 952 809
f 1823 1840 644
f 1430 1432 1431
f 1215 1841 1079
f 149 176 177
f 1316 873 872
f 2112 1384 2106
f 1842 1844 1845
f 1159 845 1160
f 837 1846 1120
f 1971 2030 2027
f 517 370 189
f 858 833 812
f 1471 2027 1888
f 8995 626 627
f 2174 770 490
f 935 1854 1010
f 1613 1611 1618
f 1231 1225 1295
f 1856 891 892
f 1300 748 741
f 1150 1858 1859
f 1643 696 1642
f 1215 1264 1216
f 1320 902 901
f 1956 1944 1960
f 2031 669 1474
f 2034 1310 1299
f 1879 1656 1657
f 40 242 39
f 1992 2039 1456
f 888 957 889
f 1882 1996 1990
f 1078 1255 1077
f 1871 1192 1090
f 294 218 219
f 1323 2026 1471
f 123 83 1484
f 1324 2041 1323
f 384 359 352
f 1324 2038 2036
f 1883 1885 1829
f 287 114 107
f 1096 1134 661
f 915 931 916
f 806 1981 1982
f 8977 584 604
f 1425 2042 1018
f 1018 1948 1017
f 9006 740 8963
f 1948 649 646
f 1881 1990 1991
f 1900 130 278
f 992 994 993
f 923 925 924
f 9330 2047 9328
f 1643 625 606
f 2050 2051 2049
f 2045 1404 2047
f 9328 945 9337
f 1139 1079 1841
f 1037 892 982
f 2055 2057 2056
f 1198 718 717
f 1619 1612 1611
f 2058 1606 2059
f 2059 1607 2058
f 2058 1624 1605
f 71 179 37
f 405 1557 382
f 976 1006 977
f 322 1972 1911
f 2061 2063 2062
f 2066 2067 1825
f 2052 2064 2051
f 1609 2066 1647
f 1515 152 1516
f 1009 993 1007
f 1644 9267 2118
f 279 1916 278
f 1285 9314 1284
f 1647 1825 1649
f 2056 2067 2065
f 319 1953 1952
f 667 1913 1914
f 2070 625 2048
f 2052 2055 2063
f 2038 1655 1458
f 1606 2073 2072
f 1235 1270 1236
f 2072 2075 2074
f 2059 2072 2062
f 2074 2077 2076
f 1601 2078 2073
f 2049 1643 1645
f 1000 1001 994
f 1089 684 689
f 1931 1306 1930
f 1462 1021 1022
f 1932 1934 1935
f 875 1846 998
f 1936 1937 1938
f 44 46 92
f 1534 1956 120
f 1541 317 391
f 2081 2084 2083
f 146 1959 300
f 1360 1942 1361
f 985 1032 1033
f 1995 1892 2043
f 2079 2082 2081
f 2095 2076 2077
f 2081 2078 2079
f 2055 2054 2053
f 501 2095 500
f 2097 2099 2098
f 2098 2094 2083
f 2140 9345 9318
f 2141 9346 9345
f 2051 2048 2049
f 592 2101 1576
f 2071 2076 2096
f 2102 2098 2101
f 593 2102 592
f 1019 746 747
f 1950 12 1327
f 725 2096 501
f 1385 2104 1379
f 1379 2106 1384
f 2107 2100 2097
f 9360 502 9348
f 9348 499 9353
f 940 2109 944
f 928 1170 973
f 9320 684 9351
f 1962 1964 1961
f 9330 573 9349
f 2039 1968 1969
f 1389 2110 2109
f 1398 2113 1397
f 9209 9205 9195
f 9363 2107 2103
f 949 924 1115
f 260 324 326
f 1390 2113 2110
f 2070 2064 2071
f 9319 2103 593
f 2105 1421 2114
f 2114 1423 2115
f 9344 2115 9355
f 9360 2114 9344
f 554 1902 553
f 972 967 966
f 1765 1573 1574
f 1984 1986 1983
f 2053 2069 2057
f 9017 724 714
f 1625 1674 1673
f 9333 2119 2122
f 9355 2123 9356
f 56 1906 55
f 626 9331 629
f 2001 2003 2004
f 9364 2127 9359
f 2006 2008 2009
f 2127 1412 2128
f 2014 2016 2017
f 2018 2020 2021
f 1495 1947 197
f 1379 1386 1385
f 9266 1680 1618
f 2029 1884 2028
f 9354 2120 9339
f 629 9366 9324
f 682 943 1089
f 724 2121 716
f 1757 9273 9297
f 765 9296 9261
f 9303 715 9304
f 706 9322 9324
f 981 987 980
f 1457 1656 1880
f 2017 2032 2033
f 1458 1868 1457
f 1776 1792 1793
f 1959 1946 1958
f 9115 9177 9113
f 9365 2122 9302
f 1093 689 1088
f 966 968 972
f 9304 9333 9365
f 2172 2170 2171
f 670 2137 669
f 9213 1903 233
f 1429 28 1449
f 964 978 971
f 9293 1413 2127
f 1473 669 2137
f 9286 1359 1358
f 2138 1870 2137
f 1872 2137 1870
f 715 9340 9333
f 1881 1992 1880
f 9295 739 740
f 1837 8957 8958
f 253 59 85
f 1808 9292 1807
f 1647 9270 1609
f 9317 671 668
f 2112 9335 2111
f 1405 2044 1438
f 9281 1364 1366
f 273 391 249
f 576 8964 8999
f 9327 668 2031
f 1430 2140 2139
f 2136 9312 28
f 1430 18 19
f 9345 570 695
f 1442 2046 2141
f 1431 2141 2140
f 9321 9302 2136
f 9260 1817 766
f 9318 695 671
f 2142 798 2138
f 571 2142 694
f 9271 1618 1611
f 2143 2025 2142
f 694 2138 670
f 681 2144 572
f 2144 2022 2143
f 328 457 290
f 1572 2011 2144
f 630 9355 624
f 2085 2087 2088
f 2090 2092 2089
f 572 2143 571
f 1875 2153 2149
f 1873 2149 2154
f 2103 2097 2102
f 2157 2155 2156
f 2128 1414 2120
f 9326 589 582
f 9324 628 629
f 2149 2158 2159
f 2159 9357 9342
f 698 9354 705
f 9275 9279 1817
f 2158 9326 9357
f 1438 2046 1439
f 2035 2160 2161
f 2161 9341 9338
f 9323 605 589
f 9325 18 9327
f 370 61 451
f 649 413 648
f 2153 2156 2158
f 1428 1449 1450
f 1490 73 1488
f 9342 710 633
f 2155 9343 9323
f 1456 1880 1992
f 2125 2087 2124
f 2160 9342 9341
f 300 505 323
f 1064 1046 1065
f 2043 1891 2155
f 2129 2004 2003
f 2131 2133 2134
f 9300 1450 1449
f 1998 804 805
f 9331 9316 9366
f 474 490 770
f 1164 1182 1177
f 707 9361 9322
f 708 2162 707
f 2162 9338 9361
f 548 1905 458
f 1145 1114 1171
f 705 1650 704
f 2043 1977 1995
f 737 554 559
f 1034 1191 1023
f 458 1907 275
f 195 232 233
f 2040 1969 1970
f 2145 2147 2148
f 2054 2049 1645
f 9284 1639 9270
f 9 11 10
f 252 506 258
f 472 479 471
f 1865 9243 8947
f 900 910 907
f 1941 2151 1942
f 1921 1927 1919
f 2163 1898 2116
f 271 153 178
f 1904 12 9
f 282 264 460
f 1872 2154 2035
f 1326 1897 2163
f 628 693 627
f 1724 1719 1723
f 1549 436 172
f 1582 1730 1729
f 1921 1929 1928
f 9007 10 11
f 2152 1950 1949
f 475 774 771
f 769 2171 473
f 2171 476 473
f 476 772 475
f 1791 464 1760
f 2166 2168 2169
f 595 372 98
f 483 1641 482
f 762 2173 470
f 771 484 492
f 486 1809 483
f 297 1517 296
f 763 2174 762
f 776 759 489
f 184 2176 2000
f 412 303 414
f 2005 185 224
f 9263 1682 9298
f 2164 756 764
f 1472 2161 2162
f 950 964 965
f 2177 2179 2180
f 227 1510 333
f 764 467 2164
f 2182 2184 2181
f 2186 2018 2185
f 1985 2181 1986
f 214 729 1531
f 1545 1546 1569
f 865 842 866
f 849 1357 1362
f 452 1558 454
f 559 3188 737
f 16 737 3188
f 560 498 374
f 3193 3195 3194
f 3200 3198 3199
f 3211 3213 3212
f 3215 3217 3216
f 2187 2002 2001
f 3233 3235 3234
f 3223 3222 3224
f 3229 3231 3230
f 3245 3247 3246
f 2169 2189 2190
f 2192 2085 2191
f 2193 2195 2196
f 2198 2200 2197
f 1998 1979 1975
f 9116 9120 9123
f 3253 3255 3254
f 2116 1903 1902
f 1859 2009 1150
f 9356 2126 9358
f 1135 1087 1130
f 2201 2015 2014
f 1149 110 1858
f 3261 3263 3262
f 3269 3271 3270
f 3265 3267 3266
f 3229 3284 3283
f 3289 3291 3290
f 3299 3301 3300
f 3307 3264 3308
f 3293 3295 3294
f 3297 3224 3298
f 3319 3291 3320
f 3322 3318 3315
f 3314 3312 3311
f 3285 3287 3286
f 3332 3218 3215
f 3329 3330 3328
f 3324 3227 3298
f 3298 3326 3324
f 2203 2205 2206
f 579 1895 1019
f 1755 2208 1756
f 3337 3339 3338
f 9343 1893 605
f 1211 2150 1727
f 868 2210 2209
f 3347 3349 3348
f 944 930 940
f 2130 2202 2201
f 233 1898 195
f 665 750 666
f 1167 999 618
f 2211 2213 2214
f 2215 2217 2218
f 9319 590 9320
f 2220 220 2219
f 823 948 1094
f 3375 3377 3376
f 3393 3391 3390
f 3353 3357 3356
f 3363 3365 3364
f 3402 3404 3403
f 266 455 265
f 9334 2107 9335
f 2221 8963 8961
f 2223 2225 2226
f 2207 2124 2208
f 3293 3336 3286
f 673 9321 9316
f 817 996 815
f 2227 2146 2145
f 1947 646 749
f 9352 17 9325
f 2229 1638 1381
f 1679 1618 1680
f 1637 2232 2230
f 2233 1617 1616
f 2231 2236 2237
f 3406 3408 3407
f 1381 2238 1382
f 9038 2242 9039
f 3414 3341 3415
f 1630 2233 1631
f 1681 472 469
f 1408 2243 2244
f 3423 3425 3424
f 3433 3263 3307
f 3434 3430 3435
f 3440 3442 3441
f 3444 3446 3445
f 3436 3450 3439
f 3442 3456 3455
f 1637 2238 1638
f 3445 3437 3438
f 3448 3440 3449
f 1409 1634 2245
f 1380 2247 2246
f 1628 2245 1621
f 3463 3465 3464
f 3308 3462 3307
f 2249 1622 1633
f 1632 1408 2244
f 2248 1631 2250
f 3478 3480 3479
f 3509 3511 3510
f 2235 1637 1636
f 3505 3507 3506
f 3457 3199 3198
f 631 2071 725
f 515 52 49
f 782 2251 1251
f 2253 2255 2252
f 397 459 784
f 1456 2040 1455
f 2040 2036 1455
f 3434 3518 3517
f 1401 2111 1398
f 2041 1970 2026
f 3367 3338 3368
f 1535 414 1965
f 1586 2080 2079
f 2256 1132 1886
f 3528 3530 3529
f 3519 3520 3517
f 3537 3506 3538
f 3543 3545 3544
f 1700 9370 9371
f 3486 3550 3549
f 3455 3497 3563
f 3558 3559 3323
f 3456 3500 3497
f 3572 3252 3249
f 3308 3285 3569
f 3316 3574 3573
f 3575 3479 3533
f 3576 3578 3577
f 3580 3582 3581
f 3584 3586 3585
f 3505 3588 3503
f 3589 3591 3590
f 3600 3602 3601
f 3542 3595 3594
f 3604 3592 3589
f 3611 3613 3612
f 3622 3624 3623
f 3618 3620 3619
f 3626 3628 3627
f 3644 3646 3645
f 3634 3636 3635
f 3638 3641 3640
f 9267 1686 9269
f 1263 1886 1096
f 3613 3654 3614
f 598 844 599
f 2257 2259 2260
f 2258 2262 2259
f 2259 2263 2216
f 2260 2216 2215
f 1967 1970 1969
f 2212 1963 2213
f 922 2218 2217
f 1312 1101 2264
f 1307 1286 789
f 1548 1546 1972
f 2266 2268 2265
f 2265 2270 2269
f 2272 2269 2271
f 2273 2265 2272
f 2275 2277 2274
f 2278 2277 2279
f 2284 9069 9091
f 2287 2286 2281
f 2288 2283 2287
f 2290 9091 9072
f 2291 2293 2294
f 2295 2294 2279
f 2296 2291 2295
f 2297 2292 2291
f 2294 2299 2300
f 2279 2300 2278
f 2298 2302 2292
f 2292 2303 2293
f 2293 2304 2299
f 2304 2306 2299
f 2306 2300 2299
f 2308 2310 2307
f 2302 2310 2303
f 2301 2307 2302
f 2312 2307 2311
f 2313 2315 2316
f 2318 2320 2317
f 9200 2322 2323
f 2324 2273 2326
f 2313 2326 2327
f 2328 2313 2316
f 2329 2324 2328
f 2331 2333 2330
f 2330 2267 2266
f 2325 2266 2273
f 2329 2330 2325
f 2333 2335 2267
f 2336 2333 2332
f 2338 2332 2337
f 2331 2337 2332
f 2329 2339 2331
f 2328 2340 2329
f 2316 2341 2328
f 2342 2315 2343
f 2344 2346 2347
f 2341 2347 2340
f 2342 2344 2341
f 2348 2345 2344
f 2350 2352 2353
f 2339 2353 2337
f 2340 2350 2339
f 2347 2351 2350
f 2337 2354 2338
f 2353 2355 2354
f 2356 2276 2357
f 2356 2358 2359
f 2356 2296 2295
f 2279 2356 2295
f 2360 2270 2268
f 2267 2360 2268
f 2362 2364 2365
f 2362 2361 2358
f 2366 2358 2357
f 2366 2363 2362
f 2357 2368 2366
f 2366 2369 2367
f 2276 2370 2368
f 2368 2282 2369
f 2372 2374 2371
f 2375 2377 2007
f 2378 2380 2381
f 2382 2381 2383
f 2384 2378 2382
f 2385 2379 2378
f 2388 2390 2387
f 2387 2392 2391
f 2393 2387 2391
f 2394 2388 2387
f 2186 2402 2400
f 2403 2327 2326
f 2272 2326 2273
f 2271 2403 2272
f 2405 2404 2403
f 2404 2408 2327
f 2409 2411 2412
f 2409 2271 2269
f 2413 2269 2270
f 2413 2410 2409
f 2417 2416 2418
f 2417 2406 2405
f 2412 2405 2271
f 2411 2417 2412
f 2406 2407 2404
f 9013 632 713
f 2420 2397 2421
f 2420 2423 2422
f 2424 2422 2419
f 2424 2398 2420
f 2425 2392 2426
f 2421 2426 2423
f 2397 2425 2421
f 2396 2391 2425
f 2427 2315 2314
f 2427 2408 2428
f 2430 2428 2429
f 2343 2427 2430
f 2432 2430 2431
f 2431 2429 2433
f 2435 2433 2434
f 2436 2431 2435
f 2428 2407 2437
f 2422 2407 2419
f 2438 2422 2423
f 2429 2437 2438
f 2440 2433 2439
f 2441 2433 2429
f 2442 2439 2441
f 2443 2440 2439
f 2445 2444 2443
f 2447 2443 2442
f 2383 2445 2447
f 2381 2446 2445
f 2448 2423 2426
f 2449 2426 2392
f 2441 2449 2442
f 2441 2438 2448
f 2449 2390 2450
f 2450 2389 2451
f 2447 2451 2383
f 2442 2450 2447
f 2451 2453 2452
f 2452 2455 2454
f 2382 2454 2384
f 2383 2452 2382
f 2456 2373 2372
f 2459 2461 2458
f 2463 2465 2462
f 2462 2285 2284
f 2466 2284 2290
f 2467 2462 2466
f 2461 9155 9153
f 2468 2470 2471
f 2472 2471 2473
f 2474 9153 9140
f 2475 2477 2478
f 2458 2453 2479
f 2479 2389 2388
f 2395 2479 2388
f 2480 2458 2479
f 2481 2483 2478
f 2484 2485 221
f 2471 2464 2463
f 2473 2463 2467
f 2487 2466 2486
f 2486 2290 2488
f 2490 2488 2489
f 2491 2486 2490
f 2492 2467 2487
f 2493 2487 2491
f 2494 2492 2493
f 2495 2473 2492
f 9142 2474 9140
f 9143 2496 9142
f 2498 2493 2499
f 2500 2499 2501
f 9152 2498 2500
f 9139 2494 2498
f 2306 2278 2300
f 2305 2504 2306
f 2504 2507 2506
f 2506 2288 2508
f 2274 2508 2275
f 2278 2506 2274
f 9085 2489 2488
f 9072 2488 2290
f 2507 2289 2288
f 2505 2509 2507
f 2508 2287 2511
f 2511 2281 2280
f 2370 2280 2282
f 2275 2511 2370
f 2512 2489 2513
f 2514 2513 2515
f 2517 2514 2516
f 2517 2490 2512
f 2499 2491 2517
f 2499 2516 2501
f 2510 2519 2518
f 2518 2521 2520
f 9068 2520 9073
f 9084 2518 9068
f 2522 2303 2310
f 2523 2310 2309
f 2305 2522 2524
f 2524 2523 2525
f 2519 2525 2521
f 2505 2524 2519
f 2308 2527 2526
f 2526 2529 2528
f 2531 2528 2530
f 2309 2526 2531
f 1214 2151 1211
f 2419 2418 2424
f 2533 2349 2317
f 2534 2317 2320
f 2535 2533 2534
f 2536 2345 2533
f 2537 2346 2536
f 2538 2536 2535
f 2539 2537 2538
f 2540 2351 2537
f 2312 2541 2527
f 2527 2542 2529
f 2543 2434 2544
f 2545 2544 2546
f 2319 2543 2545
f 2318 2435 2543
f 2514 2548 2547
f 2547 2550 2549
f 2552 2549 2551
f 2552 2514 2547
f 2520 2554 2553
f 2553 2556 2555
f 9042 2555 9045
f 9073 2553 9042
f 2523 2531 2557
f 2557 2530 2558
f 2525 2557 2559
f 2559 2558 2560
f 2554 2560 2556
f 2521 2559 2554
f 2561 2007 2006
f 2376 2225 2377
f 2564 2566 2563
f 2563 338 2567
f 2569 2567 2568
f 2570 2563 2569
f 2572 2574 2571
f 2571 2576 2575
f 2544 2575 2546
f 2544 2572 2571
f 2578 2569 2577
f 2579 2569 2568
f 2574 2579 2576
f 2573 2577 2574
f 2581 2583 2580
f 2584 2583 2585
f 9149 2580 2584
f 9128 2580 9127
f 2582 2552 2583
f 2583 2551 2585
f 2500 2589 2588
f 2590 2589 2591
f 9145 2588 2590
f 9147 2500 2588
f 2501 2591 2589
f 2592 2594 2595
f 2386 2503 2502
f 2596 2386 2374
f 2596 2373 2597
f 2599 2597 2598
f 2599 2379 2596
f 2600 2380 2599
f 2600 2598 2601
f 2603 2601 2602
f 2603 2446 2600
f 2604 2602 2605
f 2440 2605 2434
f 2444 2604 2440
f 2606 2581 2607
f 2606 2590 2591
f 2591 2582 2606
f 9128 2456 9141
f 9141 2372 9145
f 2478 2608 2481
f 2609 2611 2199
f 2564 2613 2612
f 2612 2598 2597
f 2457 2597 2373
f 2565 2612 2457
f 2614 2570 2578
f 2615 2578 2573
f 2602 2614 2615
f 2601 2613 2614
f 2572 2605 2616
f 2616 2602 2615
f 2573 2616 2615
f 1459 1045 1021
f 1265 1079 1082
f 1612 1609 1611
f 2067 2069 2068
f 1135 1136 1148
f 1938 2618 2617
f 95 458 128
f 2058 1608 1612
f 1454 1445 1367
f 655 1048 2619
f 722 2621 723
f 3665 3634 3666
f 1131 1033 1134
f 562 366 1497
f 1723 1725 1591
f 1786 1122 1787
f 267 323 266
f 1325 1654 2038
f 1468 1435 1479
f 658 529 528
f 8 247 7
f 382 1559 3
f 3631 3680 3630
f 788 1307 789
f 940 929 928
f 911 2623 912
f 2621 655 654
f 2624 2625 2626
f 998 27 26
f 635 2626 2625
f 2627 644 1840
f 2628 1840 2629
f 1200 2627 2628
f 1199 641 2627
f 1520 49 477
f 1452 1349 1451
f 2630 1859 1858
f 644 1335 1823
f 3683 3699 3698
f 1197 717 2632
f 2632 719 1166
f 2628 1166 1200
f 2629 2632 2628
f 1762 1050 821
f 1823 873 1839
f 2634 794 652
f 1028 1027 1161
f 1042 2635 1043
f 93 1901 1924
f 2036 1458 1455
f 1527 1525 1526
f 877 1274 1277
f 134 797 1544
f 1328 931 1329
f 607 1091 1161
f 1043 2637 2636
f 2636 2639 2638
f 1275 2638 1276
f 1275 1043 2636
f 1272 2626 2640
f 2640 638 637
f 1110 2640 637
f 536 2640 2641
f 1472 1474 1473
f 2042 1951 649
f 3668 3633 3669
f 1058 1105 1059
f 2642 2643 2644
f 1192 2644 1193
f 912 2642 1192
f 9350 8970 9238
f 1049 2620 2621
f 616 1885 613
f 1331 666 750
f 990 1198 525
f 1911 321 322
f 1298 1205 2645
f 76 1504 75
f 1502 421 422
f 610 658 691
f 1146 659 938
f 2646 914 936
f 1280 1238 1279
f 975 2647 2648
f 2647 975 974
f 1453 1452 1451
f 1514 158 151
f 835 1843 1842
f 1271 1173 1289
f 2649 813 2650
f 1893 1826 1894
f 1050 1937 1051
f 2651 814 813
f 1006 1281 977
f 2653 2654 2655
f 1001 1003 1002
f 585 679 558
f 2624 621 620
f 555 2028 556
f 1207 1197 2629
f 1626 478 472
f 3729 3731 3730
f 3746 3748 3747
f 3770 3750 3753
f 426 419 1567
f 1030 1773 1031
f 9350 634 9332
f 534 138 262
f 1125 1042 1041
f 333 88 227
f 569 561 730
f 3691 3693 3692
f 1489 871 870
f 1857 620 891
f 1673 9222 9215
f 622 864 1308
f 2647 974 2657
f 619 891 620
f 261 545 262
f 393 1556 404
f 2658 2647 2657
f 1075 2657 917
f 1081 2658 1075
f 1080 2659 2658
f 2644 1141 2660
f 2660 1140 1336
f 642 1336 643
f 1193 2660 642
f 679 555 558
f 3762 3764 3763
f 1503 1500 1502
f 1318 1101 1100
f 2661 1139 1142
f 2661 2663 2662
f 2662 2659 2661
f 2662 2622 2664
f 2664 911 2646
f 2648 2646 1146
f 2648 2662 2664
f 3586 3779 3777
f 2083 2093 2081
f 1442 1437 1439
f 3732 3733 3731
f 519 330 51
f 1885 1209 613
f 799 805 804
f 1946 1952 1953
f 1302 1253 1252
f 3741 3757 3756
f 3660 3662 3661
f 566 224 533
f 1389 928 1388
f 683 681 680
f 836 1842 2665
f 2665 1845 1303
f 2666 1303 1302
f 24 2665 2666
f 831 2650 832
f 1845 1304 1303
f 2010 2012 2011
f 1051 2667 2668
f 1522 1511 1523
f 531 441 522
f 782 1251 1250
f 1250 2625 2669
f 2669 1857 1856
f 783 1856 1037
f 782 2669 783
f 720 2671 721
f 1055 1930 1056
f 1333 1251 2251
f 619 1308 1307
f 652 2619 2634
f 521 1539 1540
f 1838 537 2672
f 2672 536 2641
f 1113 2641 1110
f 1113 1838 2672
f 1016 1351 1045
f 9349 570 9346
f 226 104 101
f 9008 9279 1818
f 1036 1884 1883
f 2674 1304 2673
f 2673 1844 2675
f 1334 2675 1039
f 1333 2673 1334
f 2676 1039 2675
f 1843 2675 1844
f 942 2676 1843
f 1074 702 2676
f 811 859 858
f 752 1055 753
f 1200 656 1026
f 1120 874 2677
f 2677 877 1052
f 1241 1052 1005
f 1119 2677 1241
f 1560 151 1515
f 1208 611 523
f 215 736 214
f 1460 1462 1461
f 3717 3719 3718
f 1208 1839 873
f 854 1282 1297
f 3682 3696 3681
f 72 182 179
f 544 1565 512
f 217 456 457
f 3673 3781 3780
f 2047 930 945
f 1204 1937 2633
f 913 686 685
f 3705 3707 3706
f 840 1113 1112
f 1531 730 561
f 2678 1283 801
f 601 1914 602
f 1537 459 460
f 1819 8953 8971
f 991 862 538
f 2679 1073 1830
f 3776 3581 3582
f 2680 983 2256
f 779 2256 1263
f 778 2680 779
f 2678 1830 2680
f 180 245 40
f 1886 1131 1134
f 3766 3767 3749
f 1138 1274 1255
f 3777 3585 3586
f 1841 1140 1139
f 75 314 74
f 193 420 192
f 2681 1099 1098
f 3658 3587 3659
f 170 1565 169
f 349 417 432
f 1121 2684 2683
f 547 409 302
f 123 121 120
f 2643 1142 1141
f 1542 513 1543
f 899 907 919
f 1210 676 867
f 791 982 892
f 24 837 836
f 893 932 931
f 1860 863 862
f 535 862 861
f 3640 3683 3638
f 832 813 812
f 2650 813 832
f 1569 1547 1568
f 181 542 180
f 660 937 688
f 2013 568 2012
f 3781 3644 3782
f 887 2631 2630
f 1524 361 78
f 520 162 1529
f 2653 854 2685
f 1238 2655 2686
f 718 527 530
f 1492 518 1491
f 792 615 793
f 599 1835 596
f 290 456 175
f 312 1552 425
f 1248 1179 1249
f 153 177 178
f 1240 1222 1221
f 1257 1235 1071
f 1291 1083 1222
f 1052 1277 1053
f 743 2618 1204
f 444 430 443
f 23 1172 1187
f 2687 1180 1179
f 102 409 134
f 1283 610 801
f 373 650 651
f 1180 1084 1291
f 855 2655 1237
f 1173 1917 1174
f 2689 853 2688
f 2688 1108 1279
f 2686 1279 1238
f 2687 2688 2686
f 2691 1252 2690
f 2690 850 2689
f 1248 2689 2687
f 1248 2691 2690
f 2692 24 2666
f 2691 2666 1302
f 1247 2692 2691
f 1258 617 2692
f 394 1555 393
f 2693 1259 1223
f 1072 1262 1261
f 1257 1168 1258
f 398 1555 1554
f 871 1314 872
f 1178 1249 1179
f 1224 1173 1172
f 1010 2618 742
f 1175 1292 1269
f 2654 2686 2655
f 2694 1216 1264
f 71 1487 70
f 701 1111 1038
f 1072 2649 2650
f 1085 22 21
f 895 1264 896
f 1601 1605 1604
f 1259 1271 1289
f 21 1220 1083
f 988 538 537
f 3533 3535 3532
f 598 1336 1140
f 820 1762 821
f 1050 818 821
f 1298 1761 2652
f 1168 618 617
f 3629 3670 3628
f 858 1256 833
f 39 516 1536
f 2652 819 814
f 313 315 314
f 2026 1971 2027
f 2656 596 1835
f 814 818 811
f 2696 813 2649
f 1260 2649 1261
f 2693 2696 1260
f 2697 2651 2696
f 381 390 380
f 9270 1611 1609
f 1475 1428 1227
f 1292 1917 1235
f 1551 354 1518
f 1526 1523 1511
f 1593 1595 1573
f 1232 1246 1249
f 2695 1223 22
f 2698 1296 2697
f 2698 2693 2695
f 2685 2695 1085
f 2685 1297 2698
f 562 271 272
f 2652 1296 1298
f 1365 1364 1363
f 1958 1953 1957
f 585 2210 997
f 1561 1515 435
f 975 1146 976
f 347 68 346
f 1038 636 1068
f 2700 780 2699
f 2699 1036 1883
f 2701 1883 1829
f 851 2699 2701
f 2674 2251 2702
f 2702 781 2700
f 1253 2700 851
f 1301 2702 1253
f 1519 388 1550
f 1273 1280 2703
f 2703 1107 852
f 2701 852 851
f 1829 2703 2701
f 91 326 90
f 1784 2656 1785
f 2683 2705 2704
f 604 8943 8977
f 1669 8992 1662
f 2062 2060 2059
f 621 861 622
f 2023 732 2024
f 686 1263 687
f 857 2668 1328
f 883 882 879
f 3648 3650 3649
f 637 1111 1110
f 2668 893 1328
f 3692 3711 3691
f 2667 894 2668
f 1039 1068 1334
f 313 1504 1505
f 1911 305 453
f 1936 1964 2212
f 2707 2401 2183
f 2708 2183 2182
f 738 2116 554
f 3785 3709 3786
f 2349 2432 2436
f 2711 2020 2019
f 2400 2019 2186
f 2714 2716 2713
f 2717 2719 2720
f 2721 2723 2724
f 2726 2728 2725
f 2725 2730 2729
f 2731 2729 2709
f 2732 2725 2731
f 2734 2736 2733
f 2738 2740 2737
f 2737 2741 2742
f 2744 2746 2743
f 2745 2748 2747
f 2749 2747 2751
f 2753 2751 2752
f 2250 2246 2248
f 3417 3419 3418
f 2754 1614 2755
f 9050 2755 9061
f 9060 2747 9061
f 1617 2755 1614
f 2242 1620 2757
f 3429 3431 3430
f 2191 2760 2759
f 2761 2760 2762
f 9100 2761 9101
f 9075 2759 9100
f 3209 3354 3355
f 1395 2236 2235
f 1395 1636 1615
f 3741 3790 3740
f 1616 2229 2233
f 3410 3412 3411
f 1617 2763 2756
f 2756 9080 9060
f 2765 2234 1630
f 2766 9080 9074
f 3202 3458 3459
f 1516 435 1515
f 2768 8996 8997
f 1495 578 1424
f 2135 28 17
f 8970 2773 2774
f 1690 9378 9377
f 2778 2780 2777
f 2777 2781 2782
f 2784 2777 2783
f 8999 575 576
f 1494 9 540
f 8973 2015 9010
f 451 505 450
f 2786 2788 2785
f 2779 2785 2780
f 2789 2741 2740
f 2790 2752 2789
f 2792 2794 2791
f 2793 2796 2794
f 2796 2750 2749
f 2794 2749 2753
f 2798 1396 2754
f 9043 2754 9050
f 2798 2800 1393
f 9043 2799 2798
f 2797 2795 2801
f 2791 2753 2790
f 216 232 54
f 9256 2807 9255
f 9257 2804 9255
f 2769 9001 8996
f 183 184 97
f 2811 2775 2776
f 2804 2776 2805
f 2809 2811 2804
f 2812 2813 2814
f 9257 2816 9247
f 9248 2815 9247
f 9250 2820 2821
f 9245 2819 9250
f 2824 2735 2819
f 2823 2824 2819
f 2825 2826 2724
f 9245 2827 9244
f 9248 2826 9244
f 2713 2829 2828
f 2828 2831 2830
f 2822 2828 2830
f 2821 2713 2828
f 2832 2822 2830
f 2833 2830 2831
f 2834 2832 2833
f 2835 2827 2832
f 2837 2839 2836
f 2836 2841 2840
f 2842 2840 2727
f 2843 2836 2842
f 2840 2845 2844
f 2718 2845 2719
f 2730 2844 2718
f 2727 2844 2728
f 2846 2719 2845
f 2846 2841 2847
f 2829 2847 2831
f 2829 2716 2846
f 2847 2839 2848
f 2848 2838 2849
f 2833 2849 2834
f 2831 2848 2833
f 2850 2851 2852
f 2853 2852 2854
f 2783 2782 2855
f 2785 2853 2856
f 2780 2856 2781
f 2857 2855 2782
f 2859 2782 2781
f 2861 2842 2860
f 2860 2727 2726
f 2862 2726 2732
f 2863 2860 2862
f 2861 2858 2857
f 2843 2857 2859
f 2856 2854 2864
f 2781 2864 2859
f 2837 2859 2864
f 2838 2864 2854
f 2852 2834 2849
f 2854 2849 2838
f 2865 2818 2835
f 2851 2835 2834
f 2813 2815 2865
f 2814 2865 2851
f 2866 2814 2850
f 2788 2850 2853
f 2866 2787 2867
f 2812 2867 2775
f 1892 1890 1891
f 2720 2846 2870
f 298 256 257
f 2872 2713 2820
f 9246 2735 2734
f 2729 2874 2873
f 2846 2715 2870
f 2876 2878 2875
f 2733 2878 2734
f 9258 2879 2880
f 9258 2872 9246
f 2882 2884 2881
f 2881 2715 2714
f 2880 2714 2872
f 2879 2881 2880
f 2885 2887 2888
f 2888 2890 2885
f 2885 2892 2891
f 2893 2885 2891
f 1942 2532 2894
f 2895 2720 2870
f 2884 2870 2715
f 2883 2895 2884
f 2896 2892 2895
f 2889 2717 2890
f 2890 2720 2892
f 2897 2891 2896
f 2898 2896 2883
f 2899 2883 2882
f 2900 2882 2879
f 9249 2879 9259
f 2876 2901 2877
f 2901 2904 2903
f 1785 1835 1834
f 2905 2899 2900
f 2907 2897 2898
f 9249 2903 9251
f 632 577 633
f 8976 2867 2787
f 434 550 350
f 2768 9092 9095
f 2910 1623 2249
f 2241 2758 2242
f 9092 2913 9104
f 1623 2757 1620
f 9039 2757 9104
f 2229 1380 2250
f 2765 1629 2914
f 2915 1629 2912
f 9094 2914 2915
f 9093 2765 2914
f 2919 9094 9065
f 2918 2912 2241
f 9066 2241 9038
f 9070 9065 9122
f 8985 2180 8940
f 8965 2188 8950
f 3694 3627 3693
f 9157 714 9303
f 2925 2917 2924
f 2924 2916 2919
f 9062 2919 9070
f 9063 2924 9062
f 2926 2766 2925
f 9110 2925 9063
f 1715 1705 1710
f 785 498 796
f 1387 565 1791
f 374 1899 560
f 9017 2206 9000
f 2929 2886 2893
f 2932 2934 2931
f 1905 1908 1907
f 2930 2936 2937
f 2938 2930 2929
f 1493 517 518
f 1603 1586 1602
f 2939 2929 2908
f 2940 2908 2907
f 9117 1600 9113
f 2886 2937 2887
f 2906 2898 2899
f 2908 2893 2897
f 2942 2933 2941
f 2941 2937 2936
f 8945 2936 8957
f 8942 2941 8945
f 2943 2710 2873
f 2943 2874 2889
f 2945 2889 2888
f 2946 2943 2945
f 2932 2888 2887
f 2931 2945 2932
f 727 1929 728
f 2903 2947 2948
f 545 42 262
f 1480 533 251
f 2907 2949 2940
f 2906 2950 2949
f 1558 215 202
f 9251 2948 9253
f 2054 1644 2118
f 9157 2203 9017
f 1828 1849 1827
f 2953 2955 2952
f 2952 2957 2956
f 2956 2258 2952
f 2953 2258 2257
f 2454 2474 2496
f 9199 2959 9218
f 9199 2131 9189
f 2961 2963 2958
f 2958 2964 2959
f 222 2485 2965
f 2477 2966 2608
f 2631 2006 1859
f 2384 2496 2497
f 2967 2959 2964
f 2968 2970 2969
f 9211 2971 9236
f 9236 2960 9218
f 2972 2033 2032
f 2007 2973 2008
f 9004 2134 2133
f 1836 1832 1831
f 8950 2090 8995
f 955 959 956
f 672 674 673
f 633 713 632
f 2024 733 803
f 2025 803 798
f 425 1550 388
f 2975 888 887
f 1319 1157 2694
f 1212 2977 1213
f 889 2228 2227
f 1978 1975 1979
f 1138 1329 915
f 751 2979 2978
f 1619 1625 1624
f 2252 1728 1727
f 1157 845 1216
f 2706 1938 2617
f 2980 2254 2981
f 2982 887 2630
f 802 711 2679
f 678 2029 2028
f 527 690 528
f 1839 2629 1840
f 2983 602 1914
f 2983 1913 1331
f 2985 1331 1054
f 2986 2983 2985
f 2987 2635 2634
f 2985 2639 2986
f 2990 1318 2989
f 2991 2993 2994
f 2995 2994 2996
f 1106 2991 2995
f 1058 2992 2991
f 1415 1365 1367
f 1317 2217 2997
f 1932 2255 2980
f 926 2999 664
f 3001 2992 3000
f 3000 1057 2978
f 2999 2978 2979
f 2998 3000 2999
f 3002 2209 3003
f 3002 2996 2994
f 2993 3002 2994
f 3001 2998 3002
f 1103 2995 3004
f 3004 2996 3003
f 2209 3004 3003
f 588 3004 2210
f 295 433 381
f 2638 2988 3005
f 3005 1056 1930
f 1305 1930 1306
f 1276 3005 1305
f 1987 1993 1989
f 2633 1761 2645
f 1423 1417 1419
f 9005 739 703
f 2671 2704 2705
f 1473 2035 1472
f 922 2694 895
f 1401 1378 1384
f 556 1884 1037
f 842 9277 9288
f 1854 2617 1010
f 933 1081 1075
f 1440 1436 1437
f 529 719 530
f 1031 1027 1028
f 777 912 1871
f 2645 1204 2633
f 441 1538 1537
f 3771 3773 3772
f 790 587 586
f 2065 1610 1607
f 1860 990 902
f 60 87 59
f 1424 1948 1947
f 332 1507 331
f 261 138 135
f 187 449 507
f 1719 1726 1725
f 1931 1059 3006
f 3006 1105 1104
f 1287 1104 587
f 1286 3006 1287
f 3007 3009 3010
f 3009 653 795
f 618 26 25
f 2029 1210 1209
f 957 600 2228
f 1049 2228 600
f 2631 3011 2561
f 890 2227 3011
f 3011 2145 3012
f 2561 3012 2375
f 1026 609 608
f 2706 1961 1964
f 3013 2485 3014
f 2148 1267 3015
f 3015 1266 1311
f 2997 1101 1317
f 642 1773 1193
f 186 461 511
f 1041 1320 901
f 1121 3017 1122
f 2984 2987 3018
f 3018 2634 2619
f 1048 3018 2619
f 603 2984 3018
f 2679 801 802
f 2062 2074 2061
f 2061 2076 2064
f 414 1545 1965
f 3016 2683 3019
f 3019 2704 2670
f 3020 2670 720
f 3007 3019 3020
f 1871 1091 777
f 3021 1122 3017
f 3022 3017 3010
f 1314 3022 1315
f 1784 3021 1314
f 1316 1763 611
f 3023 3010 3009
f 3023 795 1092
f 1763 1092 1125
f 1315 3023 1763
f 3016 3010 3017
f 752 2978 1057
f 2986 2637 2987
f 3024 653 3008
f 3020 3008 3007
f 720 3024 3020
f 723 654 3024
f 2681 1268 3025
f 2671 1268 721
f 2705 3025 2671
f 1313 3027 1311
f 3026 3029 3027
f 3027 3030 3031
f 1311 3031 3015
f 2012 731 2023
f 917 974 977
f 3742 3744 3743
f 743 856 744
f 1888 2030 1425
f 2682 2684 3032
f 3032 1124 2989
f 1100 2989 1318
f 1099 3032 1100
f 1123 2989 1124
f 3033 1159 1158
f 2990 1158 1319
f 1123 3033 2990
f 1786 1834 3033
f 1054 2988 2985
f 2979 664 2999
f 2623 2663 2643
f 1095 688 687
f 3034 2261 2956
f 3036 2956 2957
f 3037 3034 3036
f 3038 3035 3034
f 3040 3026 1313
f 2263 3041 3040
f 3042 3043 3041
f 3041 3028 3026
f 3044 3043 3039
f 3046 3045 3044
f 3047 3049 3045
f 3043 3049 3028
f 3038 3051 3050
f 3050 3053 3052
f 3052 3044 3050
f 3039 3050 3044
f 3054 3039 3042
f 3042 2262 3054
f 2261 3054 2262
f 2216 2997 2217
f 2212 2667 1936
f 3056 2209 3055
f 934 1961 1854
f 2013 9209 567
f 3058 3060 3061
f 3059 3063 3060
f 3060 2213 1963
f 3061 1963 1962
f 3063 2214 2213
f 3062 3064 3063
f 3065 2260 3064
f 3064 2215 2214
f 3066 3031 3030
f 2608 3067 3066
f 2966 3068 3067
f 3031 3068 3015
f 2455 2461 2474
f 2476 2226 2477
f 8995 2089 8969
f 8970 9221 9238
f 433 355 381
f 2115 1419 2123
f 8953 2922 8971
f 9221 2131 2134
f 3069 2167 2166
f 2971 2928 2960
f 2961 2773 2962
f 3070 2478 2483
f 2610 3071 2954
f 2502 2374 2386
f 3072 2595 3073
f 2964 3052 2967
f 3048 3074 3049
f 2593 3075 3074
f 3075 3029 3074
f 3074 3028 3049
f 3072 3075 2592
f 3076 2482 2481
f 2481 3066 3076
f 3076 3030 3075
f 2967 3053 2970
f 2482 3073 2483
f 479 493 494
f 706 9325 709
f 9005 2221 8961
f 2013 9206 9207
f 8977 2016 8973
f 9006 2222 2974
f 1171 1155 1176
f 3782 3689 3783
f 2586 2565 2587
f 2982 113 2484
f 2562 3077 3068
f 2376 3012 3077
f 3012 2148 3077
f 3077 3015 3068
f 2963 3046 2964
f 3051 2970 3053
f 1683 491 775
f 9302 1447 9312
f 1986 9186 9220
f 3079 2546 2575
f 3081 2575 2576
f 1983 9220 9217
f 3082 2319 2545
f 3080 2545 2546
f 9186 3082 3080
f 9184 2323 3082
f 1309 1888 748
f 3073 2772 2771
f 2760 3084 2762
f 2760 2088 3083
f 3085 3086 3087
f 3089 3090 3088
f 3089 3084 3085
f 3092 3090 3091
f 3093 2744 2743
f 2751 2748 3093
f 3093 2752 2751
f 2742 3093 3094
f 3094 2743 3095
f 3096 3098 3087
f 3099 3087 3086
f 3097 3095 3098
f 3100 2746 3101
f 3101 3102 3100
f 2764 2927 3101
f 2745 3101 2746
f 3102 3091 3100
f 3100 3095 2743
f 2869 9044 9086
f 3102 3104 3092
f 9110 2869 9086
f 2927 3103 3102
f 3098 3091 3090
f 3087 3090 3085
f 2088 3105 3083
f 3083 3086 3084
f 2483 2771 3070
f 2401 2185 2321
f 3099 3105 3106
f 2125 3106 3105
f 3108 2742 3107
f 3107 3094 3097
f 3110 3107 3109
f 3109 3097 3096
f 3111 3096 3099
f 3112 3109 3111
f 3113 2737 3108
f 3115 2722 3114
f 3117 3114 3116
f 3119 3116 3118
f 3118 3120 3121
f 3116 3113 3120
f 3122 3111 3123
f 3122 1755 1754
f 3124 3126 3127
f 3125 3121 3126
f 3128 3118 3125
f 3129 3125 3124
f 2020 3128 3129
f 9305 1346 1352
f 1065 1047 1066
f 1814 9282 1649
f 2021 3129 3130
f 3111 3106 3123
f 3123 2207 1755
f 2377 2224 2973
f 3014 113 112
f 1756 9234 9219
f 3131 2530 2528
f 3133 2528 2529
f 1753 9219 9227
f 3134 3127 3135
f 2327 2314 2313
f 2436 2317 2349
f 2018 9163 9164
f 2534 3137 2535
f 2320 3136 2534
f 2185 9164 9223
f 3138 2542 2539
f 3134 9196 9197
f 9237 3134 9197
f 3140 2539 2538
f 2535 3140 2538
f 9163 3130 9237
f 2558 3132 3141
f 9234 3141 3132
f 2560 3141 3142
f 9212 3142 3141
f 958 2976 2981
f 1933 2980 3143
f 3714 3729 3713
f 2399 2418 2416
f 2348 2343 2432
f 2322 2319 2323
f 2718 2874 2730
f 2709 2873 2710
f 2894 1361 1942
f 3788 3720 3717
f 346 176 347
f 1876 1882 1881
f 2802 9059 9044
f 3104 3088 3092
f 2974 9101 9055
f 3089 2761 2762
f 3088 3145 3089
f 2803 9055 9059
f 9322 692 628
f 2123 1418 2126
f 1365 1368 1367
f 3346 3344 3343
f 1581 1782 1783
f 9013 2129 8964
f 8999 2002 8965
f 3146 2551 3147
f 9203 3147 9202
f 9194 3146 9203
f 3149 2585 3146
f 3196 3197 3195
f 9056 2191 9075
f 3142 2556 2560
f 9229 3150 3142
f 9098 2550 9045
f 3150 2555 2556
f 9230 3151 3150
f 9240 3152 9098
f 3153 2551 2549
f 3152 2549 2550
f 9233 3153 3152
f 9228 3147 3153
f 3148 2206 2205
f 2183 2321 2184
f 2132 2928 2133
f 3299 3321 3319
f 9136 2204 2203
f 9171 2197 9173
f 2594 2773 2951
f 2595 2951 2772
f 1870 799 1869
f 3257 3259 3258
f 9165 2178 9158
f 9158 9188 9242
f 336 9226 9174
f 339 3154 336
f 9241 3149 9194
f 9135 2584 3149
f 2963 3048 3047
f 9174 337 336
f 339 2566 2586
f 3156 2168 2167
f 2610 2167 2611
f 2954 3156 2610
f 3157 2953 2257
f 9159 2169 9161
f 2567 3159 2568
f 337 2567 338
f 9182 2166 9159
f 9216 1983 9217
f 2579 3081 2576
f 2568 3160 2579
f 9161 2190 9216
f 3065 3162 3161
f 3161 1984 2189
f 3157 2189 2168
f 2257 3161 3157
f 734 1922 806
f 3059 2708 3163
f 3163 2182 1985
f 3162 1985 1984
f 3062 3163 3162
f 3203 3205 3204
f 3806 3808 3807
f 2122 1448 1447
f 9269 1685 9264
f 139 444 69
f 1570 566 533
f 2957 3165 3036
f 2955 3164 2957
f 1912 341 1973
f 3130 3124 3134
f 1548 319 1547
f 1949 1327 1887
f 2969 3078 3167
f 3167 3169 3168
f 9176 2017 9172
f 9172 2033 9211
f 3168 3165 3170
f 3170 3164 3171
f 9231 3171 9208
f 9176 3170 9231
f 3171 3166 3172
f 3172 3071 3173
f 9204 3173 9201
f 9208 3172 9204
f 3169 3036 3165
f 2593 2962 2594
f 3173 2609 3174
f 3174 2199 2198
f 9235 2198 9171
f 9201 3174 9235
f 2190 1984 1983
f 2196 2767 3148
f 3326 3328 3327
f 2119 1414 1448
f 1464 1466 1465
f 2199 3069 2200
f 2457 2587 2565
f 2226 2562 2966
f 481 1627 1639
f 333 235 236
f 3078 3037 3169
f 3040 2997 2263
f 3351 3262 3263
f 2219 1933 2220
f 2385 2497 2503
f 221 3175 2484
f 2220 3143 3175
f 3175 2976 2975
f 2484 2975 2982
f 2954 3166 2955
f 2630 110 2982
f 1547 1952 1955
f 2091 2188 2187
f 9185 2178 2177
f 1918 1927 1926
f 9007 111 8955
f 3398 3400 3399
f 955 960 954
f 2037 112 9007
f 3143 2981 2976
f 2218 2214 2215
f 672 9239 8985
f 2152 3014 2037
f 1147 1143 1145
f 2248 1409 2245
f 1615 1635 1616
f 1410 2246 2247
f 3486 3487 3310
f 3468 3502 3501
f 3451 3452 3450
f 3177 1383 1382
f 2238 3176 1382
f 3176 2230 3178
f 1410 3179 1407
f 3179 2243 1407
f 1633 2800 2249
f 3816 3817 3814
f 1621 2758 2912
f 3642 3662 3675
f 3422 3260 3257
f 1622 2245 1634
f 2236 3181 3182
f 3793 3795 3794
f 3493 3495 3494
f 2237 3182 3183
f 3513 3515 3514
f 2250 2233 2229
f 3654 3667 3802
f 2912 1628 1621
f 3819 3821 3820
f 3432 3823 3431
f 135 1564 1563
f 1567 512 1565
f 1085 2653 2685
f 3184 868 3056
f 869 3057 934
f 3389 3387 3386
f 1266 1098 1312
f 1267 722 721
f 937 2646 936
f 2146 722 2147
f 2211 921 2667
f 1957 507 449
f 1313 2264 3040
f 1496 1493 1492
f 2681 2705 2682
f 2887 2933 2932
f 1687 1659 1694
f 145 1498 81
f 1317 1319 2694
f 3831 3830 3834
f 37 418 71
f 1935 3185 2977
f 104 301 103
f 2101 2083 2084
f 543 360 207
f 1934 3186 3185
f 234 212 237
f 9297 1822 1824
f 3825 3827 3826
f 1976 1874 1974
f 223 2219 220
f 9107 9057 9064
f 468 773 2165
f 3673 3659 3672
f 1935 1728 1932
f 3490 3840 3549
f 3362 3848 3847
f 3862 3864 3863
f 3465 3484 3868
f 3893 3525 3874
f 3352 3430 3431
f 3869 3871 3870
f 3529 3567 3564
f 3420 3922 3921
f 3304 3236 3303
f 3929 3931 3930
f 3324 3327 3561
f 3219 3939 3331
f 3220 3937 3219
f 3450 3376 3439
f 3942 3833 3941
f 3215 3454 3945
f 3946 3215 3945
f 3422 3948 3421
f 3950 3198 3196
f 3205 3957 3920
f 3261 3961 3288
f 3852 3964 3963
f 3214 3946 3958
f 3965 3214 3192
f 3797 3799 3798
f 3988 3990 3989
f 3777 3806 3822
f 3855 3447 3444
f 3737 3800 3736
f 3949 3952 3948
f 3651 3783 4000
f 4001 3787 3812
f 4019 4021 4020
f 4027 4029 4028
f 3258 4030 4027
f 4033 4035 4034
f 3424 4047 4046
f 3242 4058 4057
f 3970 3547 3971
f 3829 4057 3825
f 3333 3947 4060
f 4063 4065 4064
f 4073 4075 4074
f 3568 3443 3448
f 3981 3335 4050
f 3540 3862 3539
f 4078 4031 4032
f 3565 4088 3993
f 3442 4089 4082
f 4092 4094 4093
f 4093 4097 4096
f 3619 3623 3624
f 3660 3821 3807
f 3809 3649 3808
f 3610 3655 3613
f 3656 3623 3657
f 3621 3804 3620
f 3503 3481 3504
f 3436 3438 3437
f 3356 3427 3353
f 3628 3669 3633
f 3734 4002 3733
f 3276 3370 3369
f 3763 4107 3762
f 4006 3754 3755
f 3747 3752 3746
f 3863 4110 3992
f 3994 4003 3501
f 3653 3664 3652
f 3296 4115 3295
f 4117 4119 4118
f 3249 3251 3250
f 4127 4129 4128
f 3478 3903 3867
f 3410 3921 3922
f 3977 4038 3976
f 3216 3453 3454
f 3967 3548 3966
f 4140 4032 4039
f 3509 4149 3916
f 4151 3659 3587
f 4153 3656 3671
f 4153 3646 3672
f 4156 3645 4155
f 4139 4078 4140
f 3743 4163 4162
f 3861 3987 4166
f 3468 4067 3467
f 3306 3980 3835
f 4172 4010 4024
f 4169 3836 3835
f 4187 4189 4188
f 4213 4215 4214
f 4220 4222 4221
f 4225 4211 4204
f 4230 4232 4231
f 4240 4242 4241
f 3606 3608 3607
f 4250 4252 4251
f 4258 4260 4259
f 4077 4079 4078
f 4276 4278 4277
f 4308 4263 4309
f 4017 3872 3869
f 3196 3951 3950
f 4316 4270 4271
f 3870 4307 3869
f 4324 4326 4325
f 4333 4247 4244
f 4338 4340 4339
f 4348 4350 4349
f 4283 4289 4286
f 4356 4358 4357
f 4359 4020 4358
f 4362 4196 4197
f 4320 4279 4276
f 4370 4296 4371
f 4377 4303 4249
f 4231 4201 4178
f 4203 4331 4381
f 4037 4039 4038
f 4371 4386 4370
f 4387 4347 4314
f 3309 3294 3310
f 4099 3724 3818
f 4355 3257 4313
f 3630 3693 3627
f 4277 4302 4390
f 4350 4319 4349
f 4353 4351 4348
f 3637 3639 3638
f 4394 3827 3320
f 3311 4399 4398
f 3755 4005 4006
f 4363 4259 4260
f 3454 3919 3920
f 3446 3459 3458
f 4298 4404 4406
f 3749 3769 3766
f 3791 3756 3792
f 3643 3684 3640
f 3845 3399 3400
f 4313 3258 4312
f 4411 4408 4412
f 3843 4423 3842
f 4214 4329 4328
f 4431 4433 4432
f 3918 3798 3799
f 3927 3388 3389
f 4453 3874 3873
f 4138 4457 4456
f 3346 4459 3345
f 4100 4108 4107
f 3974 3976 3975
f 3665 3652 3664
f 3773 3993 3992
f 3945 3920 3957
f 4144 4462 4461
f 4464 4466 4465
f 3268 4479 3267
f 4484 4136 4485
f 3348 4487 3347
f 3313 3912 3913
f 3803 3617 3802
f 4086 3510 4087
f 4034 3305 4033
f 3403 4171 4489
f 4481 4492 4491
f 4177 4179 4178
f 4398 3923 3311
f 4451 4494 4450
f 4501 4076 4502
f 4509 4506 4503
f 3304 4462 4517
f 4485 3312 4484
f 3419 3349 4064
f 4356 4385 4305
f 4026 4358 4020
f 4354 4357 4358
f 3599 4091 4090
f 4341 4254 4274
f 4251 4524 4335
f 3482 3484 3483
f 3843 3544 4085
f 4295 4274 4294
f 4381 4206 4203
f 4204 4531 4225
f 4533 4535 4534
f 4542 4544 4543
f 4546 4548 4547
f 4573 4547 4548
f 4575 4577 4576
f 4221 4580 4220
f 4587 4589 4588
f 4328 4589 4214
f 4187 4563 4332
f 4595 4593 4591
f 4597 4604 4596
f 4609 4611 4610
f 4620 4622 4621
f 4612 4614 4613
f 4636 4600 4637
f 4649 4650 4648
f 4652 4654 4653
f 4662 4664 4663
f 4666 4668 4667
f 4637 4685 4684
f 4627 4700 4626
f 4684 4636 4637
f 4663 4661 4662
f 4699 4697 4696
f 4647 4703 4702
f 4709 4603 4710
f 4724 4726 4725
f 4742 4744 4743
f 3311 3924 3314
f 4698 4758 4679
f 4749 4609 4610
f 4342 4344 4343
f 4797 4799 4798
f 4490 3974 4143
f 4019 4306 3870
f 4512 4514 4513
f 3991 4508 4507
f 4692 4694 4693
f 4680 4818 4810
f 4821 4824 4823
f 4367 4243 4240
f 4833 4831 4830
f 4837 4757 4754
f 4332 4562 4561
f 4683 4819 4682
f 4845 4850 4849
f 4751 4752 4669
f 4854 4695 4692
f 4858 4718 4857
f 4822 4859 4824
f 4674 4647 4675
f 4771 4773 4772
f 4726 4537 4540
f 4714 4719 4715
f 4633 4688 4687
f 4616 4618 4617
f 4686 4842 4841
f 4869 4708 4629
f 3502 3528 3529
f 4777 4737 4745
f 4734 4779 4873
f 4883 4663 4664
f 4375 4274 4275
f 4290 4335 4524
f 4799 4826 4825
f 4816 4812 4810
f 4778 4732 4659
f 4158 4160 4159
f 4195 4197 4196
f 3860 4166 4167
f 3758 3763 3764
f 3694 4157 4156
f 4249 4391 4377
f 3467 3469 3468
f 4209 4211 4210
f 4142 4144 4143
f 3615 3617 3616
f 3479 3536 3535
f 4883 4672 4886
f 4802 4642 4643
f 3698 3638 3683
f 4105 3726 3730
f 4848 4896 4895
f 4878 4744 4837
f 4610 4748 4749
f 4036 4489 4035
f 4355 4314 4347
f 4171 4049 4048
f 3875 3216 3217
f 4868 4863 4864
f 4623 4691 4622
f 3629 4155 4154
f 4654 4898 4683
f 4012 4014 4013
f 4902 4866 4867
f 4768 4908 4906
f 4370 4385 4384
f 4888 4914 4913
f 3546 3917 3916
f 4932 4931 4919
f 3625 4151 4150
f 3804 3670 3657
f 3816 4103 4101
f 4911 4887 4912
f 4928 4927 4929
f 4925 4927 4921
f 3655 3666 3654
f 4932 4910 4911
f 4937 4912 4913
f 4939 4942 4941
f 4228 4530 4381
f 4946 4942 4947
f 4938 4923 4937
f 4942 4937 4947
f 4951 4930 4928
f 4955 4928 4954
f 4748 4615 4749
f 4914 4847 4956
f 4824 4584 4856
f 4940 4941 4943
f 4916 4960 4917
f 4909 4891 4862
f 4971 4968 4949
f 4966 4948 4944
f 4962 4953 4965
f 4940 4924 4939
f 4831 4917 4895
f 4935 4925 4924
f 4275 4261 4258
f 4679 4791 4678
f 4016 4373 4376
f 4668 4766 4795
f 4539 4727 4845
f 4929 4936 4933
f 4607 4882 4881
f 4775 4801 4802
f 4801 4742 4774
f 4732 4611 4733
f 4985 4983 4982
f 4534 4562 4533
f 4847 4645 4848
f 4788 4619 4616
f 4787 4678 4791
f 4657 4605 4597
f 4994 4878 4837
f 5006 5008 5007
f 5001 4973 4988
f 4814 4619 4785
f 5014 4974 5012
f 5003 4972 4973
f 5019 5007 5018
f 5024 5017 5025
f 5036 5035 5032
f 4990 4975 4972
f 5045 5034 5044
f 5048 5034 5035
f 5025 5014 5026
f 5046 5043 5031
f 5051 5055 5054
f 5044 5060 5059
f 5011 5021 5020
f 5013 5068 5012
f 5028 5072 5029
f 5077 5064 5065
f 5065 5079 5077
f 5083 5080 5060
f 5063 5080 5065
f 5054 5071 5078
f 4602 4711 4851
f 5058 5083 5053
f 4982 4792 4793
f 5041 5045 5061
f 3909 3278 3250
f 3471 3473 3472
f 5002 4994 4995
f 5060 5067 5059
f 4892 4862 4891
f 4891 4884 4892
f 4996 5003 5001
f 4997 5005 5000
f 4813 4614 4829
f 4618 4827 4613
f 5089 5093 5092
f 3303 3305 3304
f 5100 5102 5101
f 5107 5109 5108
f 5110 5092 5114
f 4610 4734 4874
f 5112 5100 5084
f 5088 5090 5089
f 5119 5117 5116
f 5092 5096 5089
f 3826 3829 3825
f 5108 5102 5126
f 5100 5087 5084
f 5118 5133 5138
f 3783 3690 3784
f 4444 4446 4445
f 5151 5150 5152
f 4790 4617 4813
f 4332 4190 4187
f 3266 4451 4448
f 3211 3332 3946
f 4741 4760 4652
f 4775 4777 4776
f 4764 4691 4766
f 4489 4048 4490
f 4466 4511 4497
f 4518 3930 4514
f 4786 4791 4807
f 4980 4984 4977
f 5144 5150 5143
f 5159 5148 5158
f 5121 5120 5114
f 5169 5162 5165
f 5016 4979 5017
f 5123 5179 5122
f 5181 5140 5183
f 5175 5184 5141
f 4575 4586 4534
f 4984 4976 4977
f 4596 4598 4597
f 5182 5183 5186
f 4785 4787 4786
f 5137 5122 5179
f 5167 5180 5181
f 4835 4898 4897
f 4687 4726 4633
f 4176 4170 4398
f 4760 4655 4652
f 4681 4649 4646
f 5121 5132 5131
f 5171 5178 5170
f 5174 5191 5176
f 5169 5194 5164
f 4909 5095 4907
f 5105 5112 5113
f 4767 5126 4803
f 5201 5205 5204
f 5219 5217 5216
f 5229 5200 5209
f 5234 5236 5235
f 4069 4071 4070
f 4724 4717 4713
f 5108 4768 5107
f 5103 5126 5102
f 5227 5211 5226
f 5015 4884 4885
f 4997 4892 4884
f 5197 5215 5214
f 5241 5247 5246
f 5013 5019 5018
f 5205 5232 5204
f 4969 4971 4970
f 5239 5249 5248
f 4808 5225 4809
f 5216 5199 5196
f 5253 5242 5254
f 5235 5255 5256
f 5135 5157 5134
f 5264 5267 5266
f 5245 5215 5242
f 5260 5269 5267
f 5264 5274 5265
f 5154 5173 5142
f 5287 5278 5288
f 5256 5300 5257
f 5173 5176 5175
f 4631 4629 4628
f 4781 4783 4782
f 5309 5311 5310
f 5155 5144 5145
f 4826 4827 4825
f 5291 5308 5293
f 5310 5281 5286
f 5311 5308 5288
f 4036 4176 4175
f 4641 4704 4702
f 5220 4804 5223
f 4770 5207 4905
f 5188 5175 5176
f 5180 5129 5140
f 4626 5314 5313
f 4731 5315 5317
f 5222 5210 5221
f 4728 5316 5315
f 5230 5216 5196
f 5297 5240 5241
f 5204 5208 5201
f 5318 4864 5319
f 5273 5287 5289
f 5221 5219 5230
f 4700 5321 5314
f 5313 5328 5329
f 5157 5154 5142
f 5275 5263 5265
f 5324 5318 5325
f 5323 5331 5328
f 5343 5345 5344
f 5306 5286 5282
f 5278 5311 5288
f 4882 5320 5316
f 5109 5114 5120
f 5123 5130 5129
f 5299 5284 5298
f 5240 5199 5241
f 5229 5197 5214
f 5305 5292 5293
f 5233 5225 5243
f 5192 5194 5193
f 5104 4670 4746
f 5146 5160 5145
f 5337 5347 5338
f 5347 5341 5332
f 5353 5335 5352
f 5349 5354 5352
f 5355 5357 5354
f 5358 5360 5359
f 5355 5348 5360
f 5342 5365 5364
f 5345 5362 5344
f 5332 5367 5331
f 5372 5315 5316
f 5370 5366 5369
f 5361 5354 5357
f 5364 5368 5367
f 5369 5362 5370
f 5316 5330 5372
f 5373 5371 5372
f 5341 5364 5332
f 5374 5359 5373
f 5329 5375 5330
f 5377 5379 5378
f 5377 5331 5367
f 5380 5367 5368
f 5363 5370 5362
f 5357 5374 5381
f 5381 5361 5357
f 4814 4825 4827
f 4825 4816 4799
f 4806 4747 4805
f 5119 5131 5118
f 4696 4893 5387
f 4696 5390 4699
f 5213 5388 5387
f 5393 5388 5394
f 5380 5384 5379
f 5213 4893 5212
f 4813 4908 4790
f 5390 4693 4694
f 5294 5287 5295
f 5184 5186 5183
f 5285 5253 5254
f 4769 4790 4908
f 5327 5359 5360
f 4598 4690 4656
f 4608 4733 4611
f 4627 4609 4839
f 4596 4851 4711
f 4900 4706 4707
f 4668 5395 4667
f 4863 4639 4601
f 5392 4666 4667
f 4872 4651 4807
f 4807 4758 4872
f 5348 5325 5326
f 5176 5190 5188
f 5046 5022 5023
f 4853 4869 4870
f 5346 5363 5362
f 4709 4620 4599
f 4672 4904 4886
f 4680 4651 4649
f 4841 4688 4686
f 4823 4818 4821
f 4729 4602 4851
f 4881 4851 4604
f 5360 5326 5327
f 4852 4707 4869
f 4890 4669 4666
f 5392 5389 5393
f 5189 5186 5187
f 4881 4605 4607
f 5343 5369 5366
f 4607 4625 4882
f 5056 5052 5057
f 4850 4798 4894
f 3260 5398 3259
f 4855 4899 4871
f 5339 5366 5342
f 4789 4808 4677
f 5400 3948 3952
f 3872 4046 3871
f 4018 3424 3872
f 4025 4172 4024
f 4011 4024 4010
f 4065 3900 3901
f 3413 4013 3412
f 5056 5069 5070
f 5055 5070 5071
f 4062 5399 4061
f 5269 5294 5268
f 4685 4903 4846
f 5254 5240 5296
f 4606 4658 4733
f 4729 4882 4728
f 4030 4043 4029
f 4664 4753 4883
f 3575 3904 3903
f 3413 3922 3426
f 4949 4955 4934
f 4947 4913 4914
f 4849 4894 4856
f 4143 3975 4142
f 4912 4932 4911
f 3774 3995 3994
f 3956 3342 4168
f 4871 4758 4759
f 4270 4272 4271
f 4039 5400 4140
f 3555 5402 3554
f 5403 3906 3907
f 3908 3823 3907
f 4124 5408 5407
f 3901 4046 4047
f 4120 5410 5409
f 4124 4125 4123
f 5420 5404 5421
f 5424 5425 3557
f 3400 5428 3845
f 5432 5435 3226
f 4941 4945 4944
f 4935 4949 4934
f 3895 3897 3896
f 5426 4121 5418
f 5430 3906 5420
f 4045 5398 4062
f 5395 5392 4667
f 4846 4701 4840
f 4880 4710 4879
f 4624 4608 4609
f 4656 4662 4661
f 5305 5309 5304
f 5220 5222 5221
f 4230 4327 4324
f 5030 5028 5027
f 5213 5211 5210
f 5440 3269 5441
f 4396 3980 5444
f 5447 3244 3241
f 3328 5451 5396
f 4208 4248 4207
f 4599 4621 4598
f 4528 4391 4208
f 4529 4199 4207
f 4526 4339 4528
f 4256 5452 4532
f 4532 4241 4242
f 3834 5446 3831
f 5443 5444 4050
f 4530 4334 4206
f 4754 4904 4837
f 4229 4381 4331
f 4205 4383 4531
f 4892 4987 4861
f 4039 3976 4038
f 4738 4796 4741
f 4833 4897 4832
f 4232 4200 4201
f 4194 4241 4193
f 4889 4750 4748
f 4194 4365 4368
f 4531 4195 4238
f 5043 5062 5031
f 4182 4561 4180
f 5446 3241 3831
f 5237 5248 5236
f 4206 4382 4205
f 5210 5218 5219
f 3426 3417 3425
f 4216 4192 4215
f 4219 4184 4185
f 4180 4380 4179
f 4327 4591 4326
f 4223 4231 4222
f 4215 4360 4329
f 4186 4218 4185
f 4190 4209 4189
f 4223 4595 4327
f 4326 4328 4329
f 4366 4568 4186
f 4570 4549 4569
f 4579 4548 4570
f 4563 4533 4562
f 4583 4220 4580
f 4586 4561 4562
f 4239 4363 4243
f 4572 4567 4564
f 4536 4585 4535
f 4538 4566 4541
f 4536 5453 4538
f 3573 3983 3316
f 5427 3552 3556
f 4553 4588 4552
f 4593 4555 4592
f 4368 4183 4227
f 4361 4235 4236
f 4233 4527 4232
f 4233 4324 4237
f 4212 4330 4331
f 4237 4325 4236
f 4193 5452 4361
f 4983 4885 4792
f 5002 4986 4993
f 5074 5076 5075
f 4698 5391 4759
f 5391 5390 4694
f 4871 4650 4872
f 4546 4543 4544
f 4553 4901 4574
f 4552 4555 4556
f 5223 4805 5394
f 5386 5383 5363
f 5317 5371 5327
f 3240 4429 3377
f 5384 5381 5379
f 3938 3218 3937
f 3942 5455 5454
f 5361 5386 5356
f 4542 4541 4545
f 3910 5420 3428
f 3939 4060 3940
f 3851 5351 5454
f 3838 3556 3837
f 4547 4857 4546
f 5442 4050 3335
f 3385 5428 5429
f 4257 4235 4256
f 5312 4893 4809
f 4212 4204 4211
f 3854 5461 4392
f 4226 4210 4211
f 4202 4178 4201
f 3316 3897 3315
f 5464 4432 4433
f 5465 3883 4432
f 4472 4449 4450
f 4501 4450 4494
f 4074 4080 4077
f 5473 5401 4173
f 4173 5475 5473
f 3432 3520 5413
f 3462 5504 3461
f 4075 4494 4080
f 5482 3387 3392
f 5468 5470 5469
f 3427 5422 3523
f 4498 4487 3386
f 5403 5414 4128
f 3382 5522 3873
f 3492 5511 3491
f 3429 3517 3520
f 3873 5524 4453
f 5480 3350 3347
f 3477 5505 3462
f 4507 5544 4475
f 4396 5551 4051
f 3374 5553 3373
f 3373 5554 3390
f 5479 4063 3350
f 3390 5555 3393
f 5531 5566 5565
f 3368 5567 3367
f 5556 5560 5559
f 3393 5557 5556
f 4433 5463 5464
f 5464 5458 5456
f 4435 4439 3380
f 4055 3277 3274
f 3273 3911 3370
f 3395 3358 3394
f 5486 4071 5484
f 5526 4453 5524
f 5525 5569 5566
f 5568 3527 5567
f 3527 3847 3366
f 3365 3849 5462
f 5462 3850 5459
f 4435 5571 4430
f 3378 3943 3944
f 5573 5577 5574
f 4438 3943 3379
f 5477 5579 5476
f 5582 5580 5579
f 5583 5581 5584
f 5586 5588 5587
f 4074 5586 4073
f 5583 5474 5473
f 4507 5590 3991
f 5573 4522 4520
f 3989 5596 3988
f 5594 3407 5593
f 4436 5572 5571
f 5591 3991 5590
f 4507 4476 5589
f 3990 5587 5588
f 5578 3406 5577
f 5595 5584 5581
f 5484 3358 5486
f 4441 5467 3882
f 5472 4077 4139
f 5522 5570 5524
f 5486 3353 3524
f 5481 3386 3387
f 3475 5492 3518
f 5476 3899 5477
f 5540 5606 5603
f 5542 5603 5607
f 5608 5542 5607
f 5608 5545 5544
f 5607 5609 5545
f 5599 5548 5612
f 5598 5543 5608
f 5595 5593 5596
f 5588 3989 3990
f 5626 3266 5627
f 5627 4448 5628
f 5469 4469 5468
f 4515 5625 4491
f 4503 4474 4509
f 4481 5627 4480
f 4500 5469 5470
f 3414 5466 5465
f 5594 5581 5582
f 3376 4430 5571
f 3444 3941 3855
f 5572 3444 3445
f 4273 4287 4272
f 4345 4357 4344
f 4386 4305 4385
f 4517 4463 5625
f 4352 4319 4379
f 4352 4251 4336
f 4268 4390 4388
f 4264 4320 4323
f 4346 4282 4283
f 4337 4343 4344
f 4289 4245 4288
f 4303 4287 4288
f 4343 4291 4342
f 4284 4244 4289
f 4375 4291 4294
f 4379 4271 4272
f 4337 4348 4336
f 4524 4295 4290
f 4364 4197 4279
f 4285 4390 4302
f 5206 5208 5207
f 4297 4371 4296
f 4346 4286 4273
f 4285 4333 4284
f 3571 4395 5460
f 5341 5339 5342
f 5346 5334 5335
f 5269 5273 5289
f 4510 5609 5610
f 4509 5545 5609
f 4445 5611 5546
f 5566 5568 3368
f 5349 5338 5348
f 5489 3401 3398
f 5565 3368 3338
f 5496 5417 5630
f 5523 3383 5634
f 5325 5347 5324
f 5523 5599 5522
f 5429 3401 5633
f 3887 5631 5630
f 5634 5600 5523
f 5276 5279 5277
f 5298 5257 5300
f 5087 5085 5084
f 3361 5612 5548
f 5041 5066 5040
f 5487 3383 3384
f 5101 5130 5100
f 5299 5300 5303
f 5333 5335 5334
f 5302 5304 5303
f 5234 5216 5217
f 5301 5255 5258
f 4868 5322 4867
f 5281 5277 5279
f 5323 5322 5324
f 5298 5296 5297
f 4885 4750 4792
f 5231 5196 5197
f 4625 5313 5320
f 5111 5085 5098
f 5600 5549 5548
f 5531 5563 5527
f 5165 5182 5189
f 5283 5285 5284
f 4269 4277 4268
f 5610 5603 5606
f 5127 5091 5128
f 4907 5125 4906
f 5277 5272 5262
f 5596 5592 5598
f 5212 5226 5211
f 5273 5262 5272
f 5302 5258 5292
f 5635 5645 5640
f 4250 4379 4378
f 4485 3405 3402
f 4354 4023 4351
f 4265 4304 4386
f 4388 4282 4387
f 4345 4384 4385
f 4362 4297 4259
f 4836 4612 4828
f 4360 4236 4325
f 4369 4237 4234
f 5647 3986 3573
f 5650 3192 3189
f 5337 5336 5333
f 4467 4477 4466
f 4253 4340 4252
f 4429 5457 4428
f 3997 3915 3540
f 5535 3839 3982
f 5538 4460 4456
f 3439 5571 3438
f 5570 5526 5524
f 3438 5572 3445
f 4440 3879 3876
f 3440 4407 3449
f 3886 5695 5694
f 5534 5396 5451
f 5685 3471 5684
f 4278 4301 4302
f 5628 4449 5469
f 3579 3538 3578
f 4480 5628 4500
f 4402 5517 5518
f 4279 4198 4278
f 3603 3532 3602
f 3580 4088 4090
f 4095 3531 4094
f 5248 5251 5250
f 3778 3999 3776
f 4617 4613 4614
f 4375 4372 4519
f 3411 4136 3410
f 5094 5111 5097
f 3602 3535 3605
f 4023 4350 4351
f 4349 4336 4348
f 3605 3536 3592
f 4469 4471 4470
f 4094 3593 4097
f 4248 4245 4246
f 3519 5518 5517
f 5254 5284 5285
f 4852 4795 4766
f 4265 5629 4264
f 5632 5503 5631
f 3604 3612 3601
f 5549 5502 3360
f 3653 3607 3661
f 4780 4873 4779
f 4988 4979 4976
f 4491 5626 4481
f 4837 4995 4994
f 4615 4765 4749
f 5468 4470 4504
f 3514 3467 3513
f 5491 4409 5679
f 4093 3619 4092
f 4364 5629 4297
f 3488 5509 3487
f 5606 5611 5610
f 4210 4189 4209
f 4600 4602 4601
f 5242 5198 5240
f 5073 5075 5072
f 5651 3940 4060
f 3996 3775 3998
f 5200 5202 5201
f 5525 5527 5526
f 3364 4434 3363
f 3775 3542 3581
f 3941 5485 3855
f 3731 4105 3730
f 4997 4999 4998
f 4508 5608 5544
f 4101 3818 3816
f 3728 4103 3727
f 4591 4592 4328
f 4539 4538 4537
f 4550 4552 4551
f 4541 4567 4545
f 4389 4570 4568
f 4582 4580 4576
f 4976 4978 4977
f 4705 4707 4706
f 4797 4843 4844
f 3713 3730 3726
f 4675 4702 4704
f 4977 4981 4980
f 4810 4817 4816
f 4786 4812 4785
f 4715 4628 4714
f 4978 5021 4981
f 5010 5006 4991
f 3722 4162 4161
f 4558 4560 4559
f 4568 4569 4218
f 4584 4535 4585
f 4641 4715 4716
f 5026 5012 5068
f 4776 4745 4742
f 4714 4712 4713
f 4982 5001 4985
f 4576 4560 4582
f 4564 4566 4565
f 5069 5018 5029
f 5057 5048 5047
f 4810 4811 4680
f 3710 3786 3709
f 4991 4999 5010
f 5011 5010 5004
f 5008 5022 5027
f 5066 5063 5040
f 5047 5024 5025
f 5050 5051 5053
f 5023 5016 5024
f 5045 5059 5061
f 5047 5026 5057
f 3711 3724 3721
f 5048 5037 5047
f 5042 5063 5062
f 5058 5051 5054
f 5036 5046 5037
f 3715 3700 3714
f 5235 5257 5246
f 3732 3704 3702
f 5030 5062 5064
f 5020 5023 5022
f 5263 5261 5260
f 5049 5044 5034
f 5236 5250 5255
f 5031 5027 5022
f 5043 5039 5042
f 5320 5329 5330
f 5049 5052 5051
f 5326 5317 5327
f 3264 3288 3285
f 5264 5263 5260
f 4998 4992 4987
f 5009 5020 5008
f 5036 5039 5038
f 5032 5034 5033
f 4355 3949 3422
f 4269 4374 4323
f 4253 4378 4303
f 4525 4252 4340
f 3960 4111 3866
f 4372 4258 4296
f 5681 5673 5675
f 4378 4272 4287
f 4270 4346 4273
f 3244 5644 5643
f 4899 4648 4650
f 3734 3702 3810
f 4138 3343 4137
f 4192 4361 4360
f 3813 3812 3810
f 3817 3696 3814
f 5668 5682 5674
f 5690 5687 5684
f 5499 5700 5517
f 3999 3820 3577
f 3745 4102 4106
f 5684 3472 5690
f 5702 3860 5703
f 5712 5693 5670
f 3249 4393 3572
f 5695 5715 5694
f 5694 5716 5696
f 5719 5601 5602
f 4918 4950 4952
f 4774 4743 4773
f 3844 5605 3735
f 5505 4411 5504
f 3583 3585 3582
f 3710 4157 4160
f 5513 4417 5508
f 5704 4146 5709
f 4141 4062 4049
f 5669 5688 4410
f 3898 5653 5450
f 5718 3972 5719
f 5684 5686 5685
f 3917 5717 3512
f 3463 5662 5660
f 5492 5680 5491
f 4931 4950 4919
f 5665 3441 5663
f 3788 3740 3790
f 3501 3529 3994
f 3569 3477 3308
f 5516 5727 5515
f 3564 3566 3565
f 3892 5406 3889
f 3962 5407 3961
f 4126 4123 4125
f 4116 3287 5411
f 3892 5630 5417
f 3824 5413 5414
f 4408 5680 4412
f 3969 3978 5402
f 4408 3449 4407
f 4414 3449 4413
f 3962 3262 4125
f 4425 5616 4321
f 4418 5727 4419
f 5716 5575 5696
f 5719 5717 5718
f 5698 5692 5697
f 3880 4166 3987
f 5652 5520 5619
f 5621 4167 4166
f 5679 4410 5688
f 3210 3355 5618
f 5622 5451 5657
f 5416 5497 5624
f 5729 5731 5730
f 5733 3761 3758
f 5735 5737 5736
f 5750 5751 5734
f 5744 5740 5741
f 5744 3753 5746
f 5753 5730 5731
f 5757 5736 5737
f 5731 5765 5753
f 5774 5776 5775
f 5790 5792 5791
f 5796 5787 5797
f 5817 5819 5818
f 5828 5830 5829
f 3725 3751 3747
f 4874 4873 4875
f 4700 4903 4902
f 4740 4876 4739
f 3199 3201 3200
f 4100 4099 4101
f 3749 4108 3748
f 3695 3712 3692
f 3378 3380 3379
f 5504 4412 5507
f 4405 5518 5699
f 5838 5835 5836
f 4705 4712 4708
f 5832 5828 5833
f 5697 5678 5698
f 3791 4005 3790
f 5848 5794 5850
f 3714 3701 3704
f 3995 4042 3890
f 3329 3224 3222
f 4005 3705 4004
f 4551 4763 4550
f 5855 5808 5856
f 5851 5792 5852
f 5803 5858 5847
f 5844 5840 5845
f 5762 5743 5740
f 5808 5806 5807
f 4012 3426 3423
f 5558 3467 4067
f 4550 4720 4901
f 4950 4953 4952
f 3885 5694 5696
f 5705 4081 4082
f 5508 4415 5505
f 3745 3760 3744
f 5507 5680 5506
f 3592 3588 3591
f 3895 5658 5653
f 5613 5501 5549
f 3834 4393 4055
f 5527 4455 5526
f 5775 5809 5774
f 5766 5813 5810
f 5858 5812 5859
f 5855 5811 5858
f 5863 5819 5862
f 5826 5863 5829
f 5862 5833 5828
f 5870 5837 5845
f 5782 5831 5832
f 5868 5836 5873
f 5778 5843 5844
f 5866 5845 5840
f 5785 5867 5784
f 5790 5789 5793
f 5796 5794 5795
f 5821 5819 5820
f 5657 5620 5622
f 5793 5852 5792
f 5855 5801 5798
f 5853 5786 5796
f 5804 5802 5803
f 5827 5864 5822
f 5767 5821 5813
f 5854 5776 5777
f 5860 5818 5861
f 5782 5825 5785
f 5781 5844 5834
f 5810 5815 5816
f 5867 5830 5784
f 5809 5798 5799
f 5828 5863 5862
f 5865 5838 5868
f 5801 5802 5800
f 4086 3795 4149
f 5779 5842 5843
f 5827 5829 5830
f 5839 5869 5835
f 5814 5855 5856
f 5711 3859 5702
f 4958 4917 4960
f 5861 5821 5768
f 5863 5812 5820
f 5865 5823 5824
f 5873 5837 5871
f 5872 5842 5780
f 4089 3563 5704
f 3812 3785 3811
f 5770 5787 5788
f 5789 5847 5846
f 5793 5846 5849
f 4145 4146 3498
f 5848 5790 5791
f 3953 4009 3952
f 5748 5874 5747
f 4624 4626 4625
f 4665 4752 4664
f 4775 4779 4778
f 4746 4671 4747
f 4637 4601 4639
f 4828 4613 4827
f 4704 4762 4675
f 4843 4727 4687
f 4543 4725 4542
f 4731 4863 4730
f 4723 4558 4722
f 4842 4840 4838
f 4717 4857 4718
f 4865 4867 4866
f 5841 5866 5840
f 4725 4540 4542
f 4798 4816 4817
f 4632 4634 4633
f 4720 4715 4719
f 4642 4644 4643
f 3754 5874 5876
f 4860 4644 4847
f 4674 4722 4721
f 4808 4676 4677
f 4721 4822 4821
f 5876 5877 5746
f 4836 4840 4839
f 4658 4660 4659
f 4826 4800 4838
f 4877 4743 4744
f 4948 4971 4943
f 4875 4876 4889
f 4954 4934 4955
f 5773 5788 5790
f 5825 5833 5824
f 5834 5836 5835
f 5834 5845 5837
f 3359 3361 3360
f 5732 3756 3757
f 3394 3396 3395
f 3766 5741 5742
f 5774 5799 5777
f 5805 5857 5802
f 5813 5820 5812
f 3969 3964 3968
f 5667 5674 5666
f 5729 3792 3756
f 3770 5741 3769
f 4741 4739 4738
f 4689 4660 4661
f 5772 5787 5771
f 5735 3758 3764
f 5850 5773 5848
f 5617 3965 5650
f 5799 5854 5777
f 5875 5764 5879
f 5840 5842 5841
f 5861 5769 5860
f 5807 5853 5851
f 5869 5834 5835
f 3765 5739 5738
f 5882 5761 5759
f 5881 5887 5889
f 5895 5898 5897
f 5907 5906 5908
f 5909 5908 5910
f 4234 4526 4369
f 3912 3389 3914
f 5934 8730 8729
f 8730 5930 5931
f 4920 4922 4921
f 8845 8853 8851
f 4141 3404 4174
f 3733 3706 3731
f 8849 8848 8850
f 4234 4236 4235
f 8863 5919 8862
f 3733 4004 3705
f 5908 8859 8867
f 8865 8871 8870
f 8859 8863 8864
f 5927 5925 5928
f 5911 5904 5912
f 8878 8866 8879
f 5635 5637 5636
f 5745 5746 5877
f 3552 3554 3553
f 8857 8890 8875
f 5924 8860 5923
f 3553 3556 3552
f 5919 8861 8862
f 8869 8870 8891
f 8873 8878 8876
f 8856 8875 8874
f 8862 5889 5887
f 8846 8844 8843
f 8864 8866 8865
f 8729 8883 8884
f 8848 8887 8886
f 8878 5888 8893
f 8896 8855 8897
f 8853 8896 5885
f 8841 5882 5883
f 3489 3491 3490
f 8867 8864 8868
f 5910 8867 8898
f 5914 8898 8899
f 5916 8899 8900
f 5889 8860 5890
f 8876 8893 8894
f 5918 8900 8901
f 4424 5726 4423
f 8904 8900 8899
f 8909 8904 8905
f 8908 8903 8904
f 8869 8905 8868
f 3632 3667 3635
f 3687 3689 3688
f 3636 3681 3631
f 3664 3639 3665
f 4304 4306 4305
f 8909 8891 8910
f 3681 3695 3680
f 3758 3760 3759
f 3684 3700 3683
f 3721 3723 3722
f 3941 3943 3942
f 3738 3740 3739
f 3687 3709 3690
f 3238 3938 3220
f 4249 4288 4245
f 4499 3344 4464
f 4240 4368 4367
f 3453 3951 3919
f 4401 3547 3967
f 3950 3451 3436
f 3702 3701 3703
f 3725 3727 3726
f 3194 3208 3193
f 4034 4461 4462
f 3914 3913 3912
f 3483 3533 3482
f 3191 3957 3206
f 4292 3970 4293
f 3909 3428 3356
f 3959 3866 3867
f 4017 4309 4016
f 4316 4008 3953
f 4448 4450 4449
f 4414 4417 4416
f 3435 3351 3433
f 4413 4415 4414
f 3899 3901 3900
f 3780 3648 3809
f 3474 3886 3885
f 3958 3192 3214
f 3221 3935 4427
f 3905 3907 3906
f 3913 4486 3313
f 4420 4421 4085
f 3881 3883 3882
f 4004 3790 4005
f 4271 4318 4316
f 4259 4296 4258
f 3501 4066 3468
f 5897 5900 5899
f 5901 5904 5903
f 8854 8856 8855
f 3789 3786 3720
f 3651 3781 3782
f 5924 5901 5925
f 8870 8873 8872
f 8876 8874 8873
f 5912 5918 5911
f 3805 3799 3737
f 3369 3395 3396
f 3923 3925 3924
f 3916 3512 3509
f 3641 3801 3642
f 4276 4323 4320
f 4181 4331 4330
f 4428 3377 4429
f 3495 4321 4322
f 4436 3380 3381
f 4430 4437 4435
f 3945 3958 3946
f 4065 4047 3418
f 4495 3408 4496
f 8913 8915 8914
f 8911 8917 8916
f 8889 8923 8890
f 8919 8931 8921
f 8884 8918 8885
f 8922 8931 8925
f 5852 5909 5851
f 5866 5915 5917
f 8926 8914 8915
f 8914 8883 8913
f 8886 8921 8888
f 5846 5894 5891
f 5873 5900 5868
f 8893 5764 5754
f 8894 5754 5753
f 5890 5927 8936
f 5885 5755 5758
f 5871 5902 5873
f 5763 5883 5762
f 5880 8936 5763
f 4175 4398 4399
f 4274 4255 4275
f 8883 5931 8882
f 8868 8898 8867
f 3289 3247 3292
f 3858 5485 5921
f 8850 8886 8888
f 4116 5409 4115
f 3889 4127 5415
f 3678 8938 8937
f 8857 8888 8889
f 3979 3294 3295
f 4126 3431 3823
f 3651 3679 3650
f 3460 5921 3354
f 4084 3310 3487
f 8905 8899 8898
f 3561 5397 5656
f 3213 5528 5519
f 4191 4193 4192
f 5449 5532 5533
f 4142 4031 4479
f 4060 5652 5651
f 4480 4482 4481
f 5519 3212 3213
f 5657 3330 3940
f 4473 4475 4474
f 3514 5668 5667
f 5663 5669 5665
f 8881 5926 8880
f 5734 5749 5750
f 4788 4677 4678
f 3997 3538 3506
f 3551 3310 3294
f 3577 3998 3999
f 4893 4676 4809
f 4753 4671 4672
f 8729 8885 8843
f 3813 9021 8937
f 8938 3813 8937
f 8882 5929 8881
f 4098 3820 3821
f 3399 5416 3398
f 5494 5503 4403
f 5880 5878 5881
f 4986 4861 4987
f 4999 5004 5010
f 4985 4988 4976
f 5816 5766 5810
f 4372 4384 4519
f 5688 5692 5679
f 8903 8901 8900
f 8879 5887 5888
f 8902 8880 8901
f 5919 5895 5920
f 4519 4342 4291
f 8847 8854 8853
f 5925 5903 5926
f 4021 4523 4025
f 5678 5676 4406
f 4424 4085 4421
f 5701 3577 3820
f 5928 5926 5929
f 5000 4980 5004
f 9022 3545 4113
f 9024 5409 5410
f 4008 4010 4009
f 3931 4516 4513
f 3822 3807 3821
f 8851 8844 8845
f 5728 5509 5721
f 9025 4115 5409
f 5209 5201 5208
f 4820 4653 4682
f 3988 5598 4508
f 3370 3357 3395
f 5639 5641 5640
f 5592 4477 5543
f 3378 5572 3381
f 5625 3265 5626
f 5594 5577 3406
f 3302 5645 3301
f 3274 3278 3273
f 5207 5233 5243
f 5071 5072 5075
f 4815 4785 4812
f 4796 4643 4760
f 3243 5643 5648
f 5301 5303 5300
f 5431 5655 5654
f 5251 5244 5252
f 3353 3523 3524
f 4174 3405 3411
f 3546 4113 3545
f 4002 3788 4004
f 4196 4238 4195
f 3232 5647 3231
f 4373 4266 4310
f 4867 5321 4902
f 5648 4058 3243
f 4455 3893 4453
f 5593 4511 5592
f 5275 5252 5253
f 5252 5274 5251
f 4092 3624 3597
f 3723 3743 3722
f 4780 4802 4796
f 4059 3560 5425
f 4317 4347 4270
f 5188 5192 5187
f 5570 5612 5569
f 3385 5633 3384
f 3526 5569 5612
f 3576 3608 3590
f 3581 3594 3580
f 5239 5238 5232
f 5081 5083 5082
f 4369 4528 4527
f 4325 4329 4360
f 3569 3286 3336
f 9022 4112 5709
f 3661 3801 3653
f 5074 5030 5064
f 5064 5063 5065
f 3563 3498 4146
f 3961 4119 5411
f 4854 4870 4735
f 5018 5028 5029
f 5007 5027 5028
f 5040 5039 5041
f 3240 3875 3239
f 5070 5029 5072
f 3504 3866 4111
f 3537 3591 3588
f 5033 5039 5032
f 4710 4635 4879
f 5017 4989 5014
f 5024 5046 5023
f 4991 5019 4990
f 4587 4574 4573
f 4996 4793 4878
f 5066 5059 5067
f 5221 5231 5220
f 5068 5057 5026
f 3675 3643 3642
f 3663 3675 3662
f 4722 4559 4822
f 3579 3590 3591
f 3686 3677 3678
f 4422 3499 4419
f 5142 5138 5133
f 5078 5075 5076
f 3609 3590 3608
f 3288 5411 3287
f 5424 5410 3246
f 5152 5156 5172
f 3960 5709 4112
f 4946 4957 4958
f 3867 5705 3959
f 9026 4113 5710
f 5192 5189 5187
f 5161 5194 5171
f 3637 3682 3636
f 4392 3847 3848
f 3796 4149 3795
f 4104 3727 4103
f 3594 3993 4088
f 3796 4134 5710
f 3687 4156 4157
f 3760 4164 4165
f 4464 3345 4467
f 3485 3868 3484
f 3846 5423 4130
f 3409 4496 3408
f 3767 3765 3762
f 3711 4159 4160
f 3797 4087 3510
f 4072 5562 5560
f 4502 5590 5589
f 5408 9027 4118
f 5683 5714 5682
f 5702 4110 5711
f 5623 4148 4167
f 5428 3525 3522
f 3668 3802 3667
f 4000 8938 3679
f 4221 4179 4380
f 4267 4388 4315
f 3721 4161 4159
f 3903 5706 5705
f 3583 4090 4091
f 3894 3524 3525
f 4635 4636 4634
f 4173 4009 4010
f 4890 5393 5394
f 5290 5293 5292
f 5339 5337 5333
f 5458 4438 4439
f 3251 5430 3910
f 3252 5419 3251
f 3428 5421 3427
f 3571 5418 3252
f 4583 4554 4593
f 4239 4224 4238
f 3322 5450 5449
f 5309 5306 5304
f 4109 3748 4108
f 5707 3794 3795
f 5139 5183 5140
f 5271 5290 5259
f 5280 5282 5279
f 5110 5125 5115
f 5319 4731 5317
f 5334 5339 5333
f 5423 3523 5422
f 5376 5378 5375
f 4721 4646 4674
f 3719 4159 4161
f 4853 4692 4795
f 5373 5330 5375
f 4428 5456 4437
f 5376 5328 5331
f 3337 4434 4431
f 4692 5395 4795
f 5475 4523 5476
f 5478 4068 4522
f 5421 4129 5422
f 5374 5375 5378
f 5283 5306 5282
f 5246 5234 5235
f 5154 5150 5153
f 4458 5561 4457
f 5163 5158 5168
f 5381 5378 5379
f 3397 5484 5483
f 4457 5563 5537
f 5147 5150 5149
f 4474 5544 5545
f 5325 5319 5326
f 5223 5388 5222
f 5517 3521 3519
f 4499 3347 4487
f 5404 4128 4129
f 3476 5506 3475
f 4084 5515 4083
f 3900 5477 3899
f 5536 5547 5546
f 5491 5493 5492
f 5474 4139 5401
f 4063 4522 4068
f 4459 5541 5540
f 5548 3360 3361
f 5444 5550 4396
f 3888 5415 5412
f 5546 3339 4445
f 5536 5538 5537
f 3570 5508 3477
f 4471 5589 4476
f 4280 3359 5933
f 5499 4403 5503
f 5189 5169 5165
f 5543 4478 5542
f 4051 5552 3374
f 3461 5507 3476
f 4629 4870 4869
f 5106 4909 4862
f 5286 5279 5282
f 5462 3364 3365
f 3491 5514 3840
f 5224 5231 5229
f 4478 5540 5542
f 4099 3742 3723
f 4803 4805 4804
f 4130 5422 4129
f 4470 4476 4473
f 4924 4921 4922
f 4920 4927 4926
f 4993 4987 4992
f 4887 4913 4912
f 3894 4070 4071
f 5472 5585 5586
f 3508 4134 3507
f 3603 4096 4097
f 3772 3992 4110
f 5712 5671 5672
f 3739 4162 4163
f 5683 3515 5715
f 5480 4495 5479
f 5698 5493 5498
f 3578 3996 3998
f 3645 4154 4155
f 5660 3466 3463
f 4135 5710 4134
f 5587 4073 5586
f 5687 5693 5686
f 3584 4091 4150
f 5585 5584 5588
f 4128 5415 4127
f 4257 4338 4526
f 4222 4178 4179
f 4366 4191 4216
f 5098 5091 5088
f 5761 5737 5760
f 5760 5738 5739
f 8852 5934 8844
f 8874 8855 8856
f 8895 8855 8877
f 5884 8842 8852
f 4557 4582 4560
f 8890 8917 8892
f 8918 8930 8920
f 8924 8915 8916
f 4182 4330 4190
f 3864 5711 4110
f 3574 3230 3231
f 3342 3415 3341
f 3488 3549 3840
f 4317 3953 3949
f 3672 4152 4153
f 5708 3865 5707
f 9021 3685 3686
f 3621 3616 3617
f 5728 4419 5727
f 4311 4028 4310
f 4131 3543 3841
f 4426 3842 4423
f 4518 4168 4427
f 5457 5464 5456
f 5425 3558 3837
f 5458 4437 5456
f 3416 5465 5457
f 5638 5437 5637
f 3985 5636 5637
f 5646 5636 5647
f 9023 3554 5402
f 5722 5514 5726
f 3256 3934 3255
f 4164 5734 5751
f 8885 8920 8887
f 3282 3929 3281
f 3292 3320 3291
f 3232 3300 3301
f 3303 3271 3334
f 3562 5432 3325
f 3392 3388 3391
f 3854 5350 3851
f 5463 5459 5458
f 5935 3885 5576
f 3879 3954 3878
f 3928 3391 3388
f 4137 4458 4138
f 5454 3850 3851
f 3548 3549 3550
f 4443 5470 4442
f 4452 4506 4447
f 4468 3415 3879
f 4443 3876 4483
f 3234 4515 4516
f 5434 3896 5433
f 5448 5441 5644
f 5447 5443 5442
f 4442 5471 5467
f 5550 3275 5551
f 5578 4520 3409
f 3464 5666 3463
f 4701 4839 4840
f 3259 4041 4030
f 4015 3423 4018
f 3558 3982 3839
f 4856 4823 4824
f 4741 4653 4740
f 3759 4106 3763
f 3560 3290 3559
f 9024 3557 3553
f 5438 3280 5439
f 3321 3290 3291
f 5557 4072 5560
f 5553 3396 5554
f 4045 4174 4044
f 4539 4849 4585
f 3536 3503 3588
f 5478 5574 5477
f 3800 3510 3511
f 4755 4886 4754
f 5561 5527 5563
f 5752 5732 5751
f 5752 5756 5765
f 3518 5493 5521
f 3767 4107 4108
f 3534 4097 3593
f 4395 3826 3827
f 3926 3371 3925
f 4446 5610 5611
f 4050 3980 3981
f 8887 8843 8885
f 5649 5640 5645
f 4643 4761 4760
f 3709 3784 3690
f 4778 4660 4777
f 5649 4054 5648
f 5646 3301 5645
f 3250 3910 3909
f 5884 5757 5761
f 5655 5936 5937
f 4224 4226 4225
f 4043 3412 4013
f 4286 4288 4287
f 4267 4310 4266
f 4493 4080 4494
f 3325 3226 3227
f 3925 3372 3928
f 4312 4314 4313
f 3996 3540 3541
f 8908 8912 8907
f 4023 4025 4024
f 3995 3891 3994
f 5482 5559 4137
f 4486 3921 4484
f 4300 4302 4301
f 5438 5644 5441
f 3233 3282 3270
f 3225 3227 3226
f 5446 5445 5443
f 5554 3397 5555
f 4834 4830 4772
f 4064 3350 4063
f 3596 3598 3597
f 5639 5648 5643
f 5434 5654 5658
f 4895 4830 4831
f 3674 3676 3675
f 3551 3978 3550
f 3835 3305 3306
f 3813 3702 3703
f 3691 4160 4157
f 4109 4101 4103
f 4565 4188 4564
f 3490 3547 3489
f 3672 3647 3673
f 8906 8912 8913
f 3810 3811 3734
f 4051 4397 4396
f 3566 4090 4088
f 5580 5476 5579
f 4456 5537 5538
f 5539 5546 5611
f 8844 8729 8843
f 8872 8874 8875
f 4383 4198 4195
f 4931 4927 4930
f 5529 5397 5396
f 5314 5323 5328
f 5347 5323 5324
f 4711 4599 4596
f 5387 5389 4696
f 5259 5292 5258
f 5195 4803 5126
f 5195 4746 4806
f 4639 4866 4685
f 4821 4681 4721
f 3421 5399 3260
f 4730 4601 4602
f 4807 4811 4786
f 4040 3421 3948
f 4844 4800 4797
f 3936 3929 3930
f 4894 4817 4823
f 5365 5383 5368
f 4657 4661 4658
f 5224 4770 4804
f 5368 5382 5380
f 5336 5352 5335
f 5353 5386 5363
f 4070 4454 4069
f 5396 3327 3328
f 5225 5312 4809
f 5384 5386 5385
f 5391 4695 4759
f 4735 4870 4630
f 4407 4409 4408
f 4623 4880 4706
f 5356 5352 5354
f 4578 4859 4577
f 3239 3217 3938
f 3937 3333 3939
f 4578 4534 4535
f 5467 4505 4452
f 4836 4826 4838
f 4422 5721 4421
f 3392 5556 5482
f 5564 5565 5547
f 3807 3663 3660
f 5922 4392 4281
f 3680 3692 3693
f 3630 3632 3631
f 4416 5725 4418
f 4033 3836 4176
f 3238 4168 3342
f 3466 3483 3484
f 3678 3650 3679
f 3677 3649 3650
f 3340 4431 3884
f 3562 5656 5655
f 5658 5938 5939
f 3642 3640 3641
f 3306 3334 3981
f 3256 3280 3281
f 8910 8892 8917
f 5868 5898 5859
f 8924 8922 8925
f 8935 8925 8931
f 8882 8913 8883
f 8925 8926 8924
f 8840 8936 5927
f 5852 5905 5907
f 5136 5124 5137
f 4243 4260 4242
f 5238 5228 5232
f 5642 5643 5644
f 3924 3928 3927
f 5412 5700 3888
f 3750 3751 3707
f 3746 3770 3769
f 3859 3861 3860
f 3972 3493 3494
f 5923 8861 5920
f 4945 4958 4959
f 3296 3286 3287
f 3824 3907 3823
f 3671 4154 4153
f 4137 5481 5482
f 3614 3802 3617
f 3283 3559 3290
f 4936 4934 4933
f 5511 5726 5514
f 4170 3926 3923
f 3572 3830 3826
f 3459 3858 3460
f 3496 4425 3495
f 3457 3436 3437
f 3984 3986 3985
f 3914 3386 4487
f 5512 5723 5511
f 4500 4483 4480
f 4501 4471 4472
f 4503 4505 4504
f 4143 4461 4490
f 3331 3222 3219
f 4016 4018 4017
f 3998 3776 3999
f 4114 5710 4113
f 4405 4406 4404
f 5602 5720 5719
f 4767 4804 4770
f 4929 4954 4928
f 4410 5665 5669
f 3888 5632 3887
f 4048 3977 3974
f 3947 3212 5652
f 5676 3472 3473
f 5782 5784 5783
f 4315 4311 4267
f 5699 5521 5493
f 5864 5825 5822
f 5826 5822 5823
f 5775 5805 5806
f 3236 3270 3271
f 5823 5859 5826
f 4957 4895 4917
f 8868 8865 8869
f 4281 3848 4280
f 4940 4971 4949
f 4013 4029 4043
f 3685 3701 3684
f 4339 4377 4391
f 8891 8872 8892
f 3753 3755 3754
f 4427 3220 3221
f 3809 3779 3780
f 3568 4418 3500
f 3880 3918 3805
f 3543 3842 3841
f 4646 4648 4647
f 4656 4597 4598
f 4781 4820 4784
f 4972 4974 4973
f 5101 5109 5120
f 5095 5115 5125
f 5090 5132 5093
f 5131 5134 5133
f 5134 5127 5135
f 5117 5140 5129
f 3539 3863 3595
f 4006 3792 4007
f 5128 5099 5124
f 5097 5089 5096
f 5274 5271 5259
f 4571 4569 4549
f 4225 4238 4224
f 5156 5170 5172
f 4538 4540 4537
f 4622 4665 4662
f 4981 5004 4980
f 5012 4975 5013
f 5148 5149 5157
f 5157 5133 5134
f 5161 5145 5160
f 4261 4242 4260
f 5294 5291 5268
f 4255 4532 4261
f 5274 5250 5251
f 4246 4207 4248
f 3314 3927 3912
f 4670 4672 4671
f 4995 4673 4986
f 4638 4603 4600
f 4341 4525 4340
f 5163 5165 5162
f 4834 4784 4819
f 4784 4682 4819
f 4844 4687 4688
f 5280 5275 5285
f 4217 4564 4188
f 4554 4556 4555
f 4551 4556 4594
f 4549 4544 4571
f 5141 5173 5175
f 4653 4683 4682
f 4973 4989 4988
f 4984 5015 4983
f 5177 5170 5178
f 5166 5181 5182
f 5141 5139 5138
f 5178 5151 5177
f 5244 5203 5245
f 5252 5245 5253
f 4479 4079 4493
f 4402 4404 4403
f 3500 4419 3499
f 5856 5909 5913
f 4488 3348 3349
f 8851 5885 5886
f 3607 5701 4098
f 3508 3503 3504
f 5847 5896 5894
f 4374 4309 4263
f 3380 4438 3379
f 9025 3553 3554
f 5718 4131 3973
f 3300 3283 3321
f 5551 3276 5552
f 5552 3369 5553
f 5555 5483 5557
f 5859 5896 5858
f 4133 3794 3915
f 3606 3652 3610
f 4900 4766 4691
f 4616 4789 4788
f 3738 4164 3757
f 4774 4642 4801
f 4399 3402 4175
f 5853 5795 5851
f 3936 4427 3935
f 3418 4064 4065
f 5510 3840 5514
f 3270 3279 3269
f 3274 4056 4055
f 4359 4305 4306
f 4135 3504 4111
f 3610 3609 3606
f 3837 3557 5425
f 5940 4401 5941
f 5853 5803 5847
f 5725 5515 5727
f 3246 4117 3245
f 5713 5672 5681
f 4918 4916 4915
f 4148 3771 5703
f 5106 5113 5111
f 4147 5709 4146
f 5152 5177 5151
f 9026 4111 4112
f 5104 5103 5112
f 3531 3485 3593
f 3713 3715 3714
f 3699 3815 3697
f 4467 4459 4478
f 4703 4736 4640
f 5405 3846 5406
f 3555 3963 3964
f 4120 5411 4119
f 4217 4185 4218
f 3279 5441 3269
f 4944 4959 4966
f 4353 4344 4357
f 3815 3716 4104
f 3374 4052 4051
f 4491 4516 4515
f 5865 5833 5866
f 5819 5856 5862
f 5807 5856 5808
f 3933 3281 3929
f 3208 3920 3919
f 8907 8902 8903
f 5288 5295 5287
f 3728 3747 3748
f 3309 4083 3336
f 5119 5101 5120
f 3811 3789 4002
f 3595 3992 3993
f 4106 4100 4107
f 5696 5576 3885
f 3708 3750 3707
f 3744 4165 4163
f 5905 5892 5906
f 3403 4175 3402
f 4133 3506 3507
f 4147 3544 3545
f 3561 3325 3324
f 3237 3239 3238
f 4877 4793 4794
f 3241 3243 3242
f 3597 3625 3596
f 3279 3281 3280
f 3371 3373 3372
f 3599 3567 3598
f 3975 4032 4031
f 3277 3250 3278
f 3774 3565 3773
f 3658 3780 3779
f 4961 4963 4960
f 3600 3616 4096
f 4228 4202 4199
f 4011 4318 4350
f 4307 4262 4308
f 4838 4841 4842
f 4782 4773 4743
f 4914 4946 4947
f 4839 4765 4836
f 4771 4645 4642
f 4962 4964 4963
f 4966 4963 4964
f 3601 3615 3600
f 5878 5879 5881
f 5890 5881 5889
f 3720 4158 3719
f 4755 4689 4663
f 3740 3718 3739
f 5695 5686 5714
f 5740 5742 5741
f 5733 5736 5749
f 5755 5750 5749
f 5745 5762 5740
f 5798 5800 5799
f 4706 4879 4705
f 5651 5619 5620
f 5850 5797 5772
f 5804 5806 5805
f 4087 5707 4086
f 5915 5914 5916
f 5703 4167 4148
f 5893 5896 5895
f 5892 5919 8858
f 5706 5664 4081
f 5786 5788 5787
f 3973 3841 3493
f 4831 4915 4916
f 5906 8858 8859
f 4965 4969 4964
f 4684 4846 4842
f 3589 3611 3604
f 3596 4150 4091
f 5877 5763 5745
f 4121 4123 4122
f 3469 3868 3502
f 3204 3208 3207
f 3716 3726 3727
f 5460 5426 3571
f 3465 3470 3464
f 5738 3764 3765
f 4887 4655 4888
f 4203 4205 4204
f 3959 4082 4089
f 5758 5886 5885
f 5781 5872 5780
f 4675 4723 4674
f 3757 5751 5732
f 3334 3272 3335
f 8880 5903 5911
f 5615 3473 5614
f 5759 5760 5743
f 8845 8848 8847
f 5778 5780 5779
f 8857 8849 8850
f 4132 3798 3859
f 5839 5841 5842
f 560 3187 559
f 5747 4007 3792
f 5928 8840 5927
f 5766 5768 5767
f 4848 4956 4847
f 4953 4967 4965
f 4832 4910 4915
f 5879 5888 5887
f 3598 3530 4095
f 5747 5730 5748
f 5754 5748 5730
f 5810 5812 5811
f 5758 5749 5736
f 4315 4387 4314
f 5917 5916 5918
f 5913 5910 5914
f 5930 8841 8840
f 4951 4968 4953
f 3209 3201 3202
f 4059 3246 3247
f 8731 8842 8841
f 3776 3585 3778
f 5770 5772 5771
f 5891 5893 5892
f 9028 5641 5439
f 5814 5816 5815
f 5662 5673 5661
f 3522 3524 3523
f 5630 5942 5496
f 5791 5795 5794
f 5746 3754 5876
f 5928 5931 5930
f 5743 5739 5742
f 5876 5875 5878
f 3678 9021 3686
f 4200 4207 4199
f 4114 3916 4149
f 3601 3605 3604
f 3818 3712 3817
f 3315 3317 3316
f 5899 5902 5901
f 8840 5883 8936
f 5562 5559 5560
f 4416 3448 4414
f 3189 3191 3190
f 4751 4747 4671
f 4181 4180 4177
f 3832 5454 5351
f 3362 3526 3361
f 5678 5699 5698
f 3497 3499 3498
f 448 807 447
f 647 122 270
f 5690 5677 5697
f 4183 4185 4184
f 1833 1780 1832
f 5920 5897 5923
f 510 508 507
f 4401 5944 5941
f 5656 5530 5936
f 3970 5940 4293
f 5653 5939 5946
f 5450 5946 5532
f 3384 5945 5487
f 4403 4299 5494
f 5944 3968 5949
f 3963 5951 3852
f 5614 3474 5935
f 5427 3857 5951
f 3210 1887 3201
f 1887 3200 3201
f 15 3197 3200
f 16 3195 3197
f 3195 3187 3194
f 3194 1899 3207
f 3207 375 3204
f 387 126 127
f 3189 1760 5650
f 9029 757 758
f 763 2172 2175
f 9035 9032 9033
f 9033 9031 9030
f 9046 9048 9047
f 8751 9054 8752
f 9078 9077 9079
f 9083 9051 9053
f 9088 9047 9048
f 9099 9040 9097
f 9102 9036 9099
f 9105 9032 9103
f 9105 9106 9031
f 1801 9108 9107
f 9103 9034 9102
f 9096 9047 9089
f 1767 9111 9112
f 1597 9113 1600
f 1708 9117 9116
f 9123 9119 9118
f 9118 9125 9124
f 1588 9116 1587
f 2080 9118 2082
f 2082 9124 2084
f 9126 9087 9083
f 9129 9088 9087
f 5512 5943 5947
f 5634 5488 5948
f 5724 5947 5616
f 9134 9097 9133
f 9144 9102 9138
f 9133 9096 9132
f 786 9144 785
f 9146 9103 9144
f 785 9138 497
f 497 9134 650
f 650 9133 564
f 9148 9133 9132
f 8756 9057 8753
f 9154 9130 9129
f 9151 9131 9130
f 9097 9090 9096
f 1799 9111 1768
f 5949 3964 3853
f 9160 8809 8811
f 8813 9160 8811
f 9166 564 9148
f 9067 9054 9052
f 9162 9148 9150
f 9087 9048 9051
f 9081 9079 9082
f 9049 9051 9048
f 9082 9167 9081
f 9079 9049 9046
f 9169 9175 9170
f 9167 9112 9081
f 9168 9177 9167
f 9120 9113 9177
f 9120 9169 9119
f 9119 9170 9125
f 9179 9125 9170
f 9180 9124 9125
f 9178 9170 9175
f 1576 2084 9124
f 9179 9183 9181
f 3203 1387 3190
f 3190 1791 3189
f 5618 1949 3210
f 317 259 391
f 2000 9105 9146
f 9053 9052 9054
f 9041 9036 9037
f 9029 756 2170
f 9037 9034 9035
f 9130 9089 9088
f 3204 376 3203
f 1801 9109 1799
f 9181 9180 9179
f 1575 9190 1088
f 9187 1576 9180
f 1776 1796 1775
f 1293 1290 1284
f 1326 1327 12
f 1294 1234 1290
f 878 1330 1337
f 5633 5490 5945
f 5933 3360 5502
f 5613 5948 5500
f 5604 3844 5720
f 3972 5950 5601
f 3494 4322 5950
f 4406 5615 4298
f 3492 4292 5943
f 5631 5495 5942
f 497 374 498
f 122 413 121
f 5624 3398 5416
f 9151 9156 9160
f 9058 8752 9054
f 9160 9150 9151
f 8815 9162 8813
f 9156 8794 8809
f 439 399 438
f 1512 1526 1511
f 1668 1738 1671
f 839 1362 838
f 1362 826 1012
f 3425 3418 4047
f 4905 5243 4808
f 4621 4662 4690
f 5582 5574 5577
f 4754 4756 4755
f 3902 4021 4022
f 9295 1896 9267
f 2053 2118 2117
f 9340 2120 2119
f 696 9268 9283
f 4922 4939 4924
f 4365 4186 4183
f 5105 4862 4670
f 5228 5226 5225
f 4781 4877 4794
f 5218 5238 5217
f 4990 4992 4991
f 4335 4336 4251
f 4993 4972 5002
f 4794 4792 4750
f 5886 8852 8851
f 5405 5417 5416
f 4669 4764 4668
f 4676 4698 4679
f 1826 639 640
f 9192 9181 9183
f 5232 5233 5204
f 5418 4122 5419
f 956 886 960
f 5720 3512 5717
f 4728 4730 4729
f 8879 8863 8862
f 1980 1922 807
f 4969 4966 4964
f 33 105 164
f 9028 3254 5437
f 3837 3839 3838
f 4382 4301 4383
f 3908 4122 4123
f 4290 4294 4291
f 4400 4055 4056
f 3219 3221 3220
f 8894 8877 8876
f 4640 4735 4630
f 4389 4216 4213
f 3267 4493 4451
f 3268 4463 4144
f 5097 5098 5088
f 5094 5096 5095
f 5654 5937 5938
f 4089 3960 3959
f 5159 5162 5160
f 5202 5249 5205
f 5412 5414 5413
f 5715 3516 5716
f 5723 4423 5726
f 4263 4323 4374
f 3994 3564 3774
f 1343 9308 9309
f 3470 5667 3464
f 5659 5671 5706
f 3319 4053 3299
f 9359 2128 9354
f 1766 1582 1594
f 14 2163 738
f 595 99 594
f 5703 3772 5702
f 5206 5229 5209
f 3437 3458 3457
f 5516 3487 5509
f 5122 5087 5123
f 3223 3934 3935
f 3979 5402 3978
f 3828 3320 3827
f 5663 4081 5664
f 4035 4490 4461
f 4426 5724 4425
f 3881 4447 4444
f 5407 4118 4119
f 5691 5689 5687
f 5661 5672 5671
f 5911 8901 8880
f 3902 3871 4046
f 5541 5539 5606
f 4069 5561 5562
f 3248 3292 3247
f 1346 1044 1352
f 748 1425 747
f 3297 3255 3934
f 5445 4056 5550
f 5783 5830 5831
f 4310 4376 4373
f 5857 5800 5802
f 3882 4452 3881
f 3193 3919 3951
f 3190 3206 3203
f 4266 4268 4267
f 4488 3420 4486
f 3331 3940 3330
f 4282 4284 4283
f 4606 4607 4605
f 4628 4708 4712
f 4659 4733 4658
f 4615 4829 4614
f 4718 4713 4717
f 5722 4421 5721
f 3307 3461 3433
f 4686 4634 4636
f 3966 3550 3978
f 4738 4875 4873
f 3416 3237 3341
f 4527 4208 4200
f 5093 5114 5092
f 5124 5086 5122
f 5117 5138 5139
f 4631 4640 4630
f 5166 5168 5167
f 5185 5187 5186
f 5194 5191 5171
f 3245 4118 9027
f 5214 5203 5200
f 3230 3318 3284
f 5237 5217 5238
f 5250 5258 5255
f 5113 5084 5085
f 5270 5269 5268
f 4906 5107 4768
f 5271 5267 5270
f 5276 5262 5263
f 5153 5174 5173
f 5290 5268 5291
f 5306 5303 5304
f 5147 5146 5143
f 4585 4856 4584
f 3226 5436 3225
f 4473 4504 4470
f 5765 8897 8895
f 4529 4247 4530
f 8923 8916 8917
f 5713 5682 5714
f 3315 3898 3322
f 5564 5537 5563
f 4468 4441 5466
f 3738 4163 4165
f 4577 4559 4560
f 5567 3366 3363
f 3587 4150 4151
f 5471 4504 4505
f 5860 5816 5817
f 3516 5558 5932
f 5436 5637 5437
f 5050 5083 5060
f 5547 3338 3339
f 9023 3295 4115
f 5708 4132 5711
f 4104 3814 3815
f 3718 4161 4162
f 5498 5679 5692
f 3884 4432 3883
f 3955 3877 3878
f 4049 4061 3977
f 8892 8875 8890
f 4572 4218 4569
f 4440 4442 4441
f 4497 3407 3408
f 4632 4633 4724
f 8906 8881 8902
f 5664 5670 5663
f 3751 3706 3707
f 3511 3736 3800
f 5129 5116 5117
f 5086 5098 5085
f 5135 5128 5136
f 5143 5145 5144
f 5168 5136 5137
f 5297 5246 5257
f 5164 5160 5162
f 5155 5171 5170
f 5137 5167 5168
f 5293 5307 5305
f 5513 4083 5515
f 4053 3825 4057
f 3228 3298 3227
f 3631 3635 3636
f 5689 5670 5693
f 5759 5883 5882
f 3793 3507 4134
f 4906 4891 4907
f 4719 4901 4720
f 3597 4095 4092
f 3352 4125 3262
f 9064 9058 9067
f 9076 9067 9077
f 9083 8794 9126
f 9131 9096 9089
f 9138 9099 9134
f 9154 9126 9156
f 9077 9052 9049
f 9053 8766 9083
f 9191 9187 9181
f 9082 9046 9193
f 9193 9168 9082
f 1284 1288 1285
f 9150 9132 9131
f 3841 3496 3493
f 3570 3336 4083
f 4027 4312 3258
f 4889 4781 4794
f 4041 4044 4043
f 4885 4813 4829
f 5419 3905 5430
f 4367 4227 4224
f 1778 1780 1779
f 1792 1584 1789
f 4308 3869 4307
f 4594 4762 4551
f 4767 4769 4768
f 5461 3366 3847
f 4763 4716 4720
f 4919 4915 4910
f 4300 4334 4333
f 5196 5198 5197
f 5158 5135 5136
f 5431 5433 5432
f 4545 4571 4544
f 4557 4594 4556
f 695 571 694
f 4156 3626 3694
f 4861 4670 4862
f 5681 5674 5682
f 5473 5580 5583
f 3622 4152 4151
f 5647 3574 3231
f 3674 3808 3649
f 4420 3498 3499
f 5675 5666 5674
f 3253 5439 3280
f 5870 5917 5912
f 8887 8919 8886
f 5862 5913 5915
f 3534 3485 3482
f 3313 4484 3312
f 9090 9046 9047
f 4871 4695 4855
f 3778 3822 3819
f 4889 4874 4875
f 4000 3784 4001
f 4897 4911 4910
f 3856 3838 3839
f 4772 4896 4771
f 4015 4376 4014
f 3433 3476 3435
f 4053 3302 3299
f 3367 3363 4434
f 3242 3831 3241
f 3441 4082 4081
f 4735 4855 4854
f 4756 4737 4689
f 3382 3384 3383
f 3698 3697 3682
f 4676 4678 4677
f 4948 4941 4944
f 4890 4805 4747
f 4757 4745 4737
f 4581 4380 4586
f 5716 5932 5597
f 4923 4926 4932
f 5077 5081 5076
f 5078 5058 5054
f 4009 5400 3952
f 5081 5078 5076
f 3930 4513 4514
f 4014 4028 4029
f 4025 4020 4021
f 3618 4096 3616
f 4581 4576 4580
f 4219 4188 4189
f 5440 3335 3272
f 5449 3323 3322
f 4229 4177 4202
f 4590 4214 4589
f 4227 4184 4226
f 4574 4858 4547
f 4565 5453 4563
f 4592 4588 4589
f 4590 4573 4579
f 3517 5521 3519
f 3845 3522 5423
f 4444 3884 3881
f 3982 5533 5535
f 4465 4497 4495
f 4520 4521 4496
f 4076 5591 5590
f 3635 3666 3634
f 3343 4498 5481
f 4022 3870 3871
f 3661 4098 3660
f 5691 5697 5692
f 3768 5742 5739
f 4514 3956 4518
f 3697 3814 3696
f 4394 5460 4395
f 4054 4057 4058
f 3284 3323 3559
f 4052 4169 4397
f 4447 4510 4446
f 4456 3346 4138
f 4483 3877 4482
f 4482 4512 4492
f 4492 4513 4516
f 5642 5439 5641
f 5448 5442 5440
f 5466 3882 3883
f 3340 4445 3339
f 8908 8910 8911
f 4397 3835 3980
f 5413 3521 5412
f 3234 3932 3233
f 5753 8895 8894
f 8896 5756 5755
f 8921 8889 8888
f 8915 8911 8916
f 3933 3935 3934
f 3620 3657 3623
f 3966 3968 3967
f 4905 4769 4770
f 3225 5437 3254
f 5433 3984 5435
f 5714 5693 5713
f 5435 3985 5436
f 3954 3955 3878
f 4713 4632 4724
f 4879 4632 4705
f 3983 3896 3897
f 9027 3248 3245
f 5871 5912 5904
f 5849 5891 5905
f 4702 4640 4641
f 4213 4579 4389
f 3644 3688 3689
f 9193 9040 9041
f 8920 8935 8919
f 5406 4130 4127
f 4140 5401 4139
f 5659 3904 5660
f 4772 4783 4834
f 4244 4246 4245
f 4061 4037 4038
f 3669 3803 3668
f 3459 3209 3202
f 4072 5484 4071
f 4835 4834 4819
f 5660 5661 5659
f 4262 4264 4263
f 3633 3627 3628
f 3685 3676 3686
f 4517 3235 3304
f 4145 4085 3544
f 5455 5459 3850
f 5638 5640 5641
f 3228 3254 3255
f 4044 3411 3412
f 3614 3612 3613
f 3273 3275 3274
f 4952 4961 4918
f 4959 4960 4963
f 4888 4761 4860
f 4254 4256 4255
f 4199 4201 4200
f 4499 4465 5480
f 5479 4496 4521
f 5952 5954 5955
f 5956 5958 5959
f 5959 5960 5961
f 5962 5964 5965
f 5966 5968 5969
f 5967 5971 5968
f 5963 5961 5960
f 5972 5964 5973
f 5974 5976 5977
f 5978 5980 5981
f 5982 5984 5985
f 5986 5985 5984
f 5988 5990 5991
f 5992 5994 5995
f 5996 5998 5999
f 6000 6002 6003
f 6004 6006 6007
f 6008 6010 6011
f 6012 6014 6015
f 6016 6018 6019
f 6020 6022 6023
f 6024 6026 6027
f 6028 6030 6031
f 6032 6034 6035
f 6036 6038 6039
f 6040 6013 6012
f 6042 6044 6045
f 5992 6047 5993
f 6048 6050 6051
f 6052 6054 6055
f 6056 6058 6059
f 6060 5987 5986
f 6062 6064 6065
f 6066 6068 6069
f 6070 6027 6026
f 6072 6057 6056
f 6075 6077 6074
f 6078 6080 6081
f 6082 6054 6084
f 6085 6081 6086
f 6087 5990 6088
f 6061 6089 5987
f 6089 6091 6092
f 6092 6093 6094
f 6095 5981 6096
f 6062 6084 6063
f 6097 6035 6034
f 6056 6099 6072
f 6100 6102 6103
f 6001 6104 6105
f 6107 6109 6106
f 6110 6112 6113
f 6114 6025 6115
f 6116 6118 6119
f 6120 6122 6123
f 6124 6126 6127
f 6128 6101 6100
f 6039 6131 6036
f 6132 6134 6135
f 6136 6138 6003
f 6139 6141 6142
f 6143 6145 6146
f 6148 6150 6147
f 6152 6154 6151
f 6155 6157 6158
f 6159 6161 6162
f 6163 6165 6166
f 6167 6169 6170
f 6171 6173 6174
f 6175 6104 6177
f 6178 6180 6181
f 6023 6183 6020
f 6184 6186 6187
f 6117 6188 6189
f 6190 6192 6193
f 6194 6026 6114
f 6195 6191 6190
f 6197 6199 6200
f 6201 6203 6204
f 6205 6207 6208
f 6209 6201 6204
f 6197 6211 6212
f 6212 6213 6214
f 5979 6214 6213
f 6203 6217 6204
f 6206 6198 6207
f 6218 5962 6219
f 5965 6219 5962
f 5972 3354 6221
f 6070 6222 6223
f 6224 6226 6227
f 6228 6230 6231
f 6232 6234 6235
f 6196 6236 6237
f 6071 6223 6238
f 6239 6241 6242
f 6243 6245 6246
f 6247 6248 6249
f 6250 6252 6253
f 6254 6256 6257
f 6258 6260 6261
f 6229 6263 6230
f 6264 6242 6241
f 6266 6268 6269
f 6270 6272 6273
f 6274 6276 6277
f 6195 6279 6236
f 6280 6281 6282
f 6283 6285 6286
f 6123 6287 6288
f 6289 6291 6292
f 6293 6243 6295
f 6240 6297 6241
f 6298 6267 6266
f 6300 6302 6303
f 6304 6306 6307
f 6251 6308 6309
f 6247 6311 6312
f 6313 6315 6316
f 6314 6317 6318
f 6319 6320 6321
f 6322 6088 6323
f 6216 6258 6217
f 6325 6327 6328
f 6217 6261 6329
f 6330 6238 6331
f 6071 6048 6027
f 6015 6333 6012
f 6079 6335 6080
f 6336 6240 6239
f 6294 6296 6240
f 6337 6339 6340
f 6341 6343 6344
f 6345 6347 6348
f 6266 6349 6298
f 6350 6352 6353
f 6295 6246 6354
f 6303 6356 6300
f 6357 6359 6360
f 6361 6363 6364
f 6365 6353 6366
f 6367 6369 6370
f 6371 6370 6372
f 6372 6374 6371
f 6375 6373 6376
f 6376 6378 6375
f 6379 6381 6382
f 6383 6385 6386
f 6387 6389 6390
f 6391 6393 6394
f 6395 6397 6398
f 6398 6400 6395
f 6399 6402 6400
f 6403 6401 6404
f 6405 6407 6408
f 6409 6411 6412
f 6367 6413 6414
f 6374 6415 6416
f 6417 6384 6383
f 6419 6348 6347
f 6421 6423 6424
f 6425 6400 6402
f 6426 6395 6400
f 6393 6428 6429
f 6429 6394 6393
f 6390 6431 6432
f 6433 6408 6407
f 6435 6437 6438
f 6439 6411 6438
f 6392 6441 6442
f 6397 6442 6443
f 6401 6444 6445
f 6446 6437 6404
f 6448 6450 6451
f 6452 6454 6455
f 6442 6456 6457
f 6443 6457 6458
f 6444 6460 6461
f 6445 6461 6462
f 6463 6462 6465
f 6446 6462 6464
f 6466 6468 6469
f 6448 6470 6471
f 6453 6472 6473
f 6474 6476 6477
f 6478 6480 6481
f 6482 6484 6485
f 6486 6488 6489
f 6490 6492 6493
f 6493 6494 6495
f 6496 6498 6499
f 6500 6502 6503
f 6504 6506 6507
f 6508 6509 6510
f 6511 6513 6508
f 6499 6515 6496
f 6516 6518 6519
f 6520 6522 6523
f 6524 6525 6526
f 6507 6527 6504
f 6504 6528 6510
f 6528 6508 6510
f 6529 6531 6532
f 6342 6534 6343
f 6535 6346 6536
f 6347 6537 6419
f 6434 6539 6408
f 6539 6405 6408
f 6541 6451 6450
f 6543 6470 6545
f 6546 6481 6547
f 6499 6548 6549
f 6549 6514 6499
f 6551 6553 6554
f 6555 6557 6558
f 6403 6423 6559
f 6426 6413 6416
f 6415 6428 6427
f 6430 6561 6562
f 6434 6420 6419
f 6563 6565 6566
f 6404 6445 6446
f 6459 6399 6398
f 6455 6388 6387
f 6405 6449 6406
f 6540 6450 6405
f 6567 6568 6569
f 6570 6463 6567
f 6475 6490 6465
f 6458 6571 6572
f 6573 6574 6575
f 6576 6578 6579
f 6193 6580 6581
f 6582 6584 6585
f 6583 6586 6587
f 6588 6587 6586
f 6590 6068 6591
f 6592 6594 6319
f 6251 6595 6252
f 6304 6597 6598
f 6272 6599 6273
f 3737 6558 6557
f 6600 6160 6601
f 6123 6603 6120
f 6604 6606 6607
f 6608 6208 6609
f 5972 6220 5965
f 6610 6612 6556
f 6613 6615 6616
f 6242 6618 6239
f 6226 6245 6227
f 6620 6622 6623
f 6624 6146 6625
f 6626 6211 6136
f 6627 6629 6630
f 6631 6633 6634
f 6235 6636 6232
f 6637 6639 6640
f 6641 6286 6642
f 6643 6645 6646
f 6647 6649 6650
f 6244 6294 6336
f 6336 6652 6244
f 6194 6237 6222
f 6196 6114 6191
f 6115 6191 6114
f 6653 6655 6656
f 6657 6189 6658
f 6117 6659 6118
f 6130 6156 6131
f 6133 6151 6134
f 6661 6662 6660
f 6663 6616 6552
f 6664 6273 6665
f 6418 6432 6431
f 6290 6328 6291
f 6666 6556 6612
f 6557 3805 3737
f 5971 6668 5968
f 6181 6670 6178
f 6671 6673 6674
f 6676 6672 6675
f 6675 6149 6676
f 6067 5999 5998
f 6677 6679 6680
f 6681 6683 6684
f 6087 6090 6089
f 5983 6685 6686
f 5982 6687 6685
f 6094 6688 6687
f 6211 6137 6136
f 6689 6691 6692
f 6690 3833 3832
f 6001 6686 6002
f 5978 6215 5979
f 6694 5978 6095
f 5974 6095 6695
f 6183 6696 6697
f 6698 5961 6218
f 5959 6699 5956
f 6697 6700 6701
f 6702 6703 6704
f 5968 6705 5969
f 6706 5955 5954
f 6707 6617 6708
f 6024 6709 6710
f 6402 6559 6425
f 3852 6712 3853
f 3856 6593 3857
f 5977 6694 5974
f 6713 5977 5976
f 6714 6716 6717
f 6718 6308 6250
f 6720 6254 6721
f 6722 6724 6725
f 6312 6726 6727
f 6069 6728 6729
f 6319 6730 6086
f 6731 6644 6732
f 6732 6734 6731
f 6046 6320 6047
f 3880 6666 6735
f 6736 6738 6739
f 6531 6741 6326
f 6300 6614 6613
f 6742 6325 6290
f 6743 3891 3890
f 6744 6301 6745
f 6746 6534 6533
f 6536 6579 6535
f 6535 6563 6537
f 6566 6537 6563
f 6538 6409 6539
f 6412 6539 6409
f 6412 6541 6540
f 6748 6542 6541
f 6749 6545 6542
f 6568 6547 6543
f 6751 6548 6546
f 6753 6550 6549
f 6755 6757 6758
f 6759 6761 6762
f 6763 6765 6762
f 6764 6623 6765
f 6766 6768 6769
f 6770 6772 6773
f 6774 6776 6777
f 6021 6777 6022
f 6723 6779 6724
f 6780 6782 6783
f 6784 6786 6787
f 6788 6790 6791
f 6185 6793 6186
f 6794 6725 6795
f 6729 6098 6097
f 6135 6798 6132
f 6799 6065 6800
f 6037 6802 6038
f 6005 6588 6586
f 6005 6804 6006
f 6052 6010 6805
f 6586 6803 6005
f 6092 5987 6089
f 6094 5985 6092
f 6096 6695 6095
f 6082 6799 6585
f 6657 6041 6659
f 6013 6658 6014
f 6795 6807 6808
f 6809 6811 6812
f 6813 6815 6816
f 6817 6819 6820
f 6821 6823 6824
f 6329 6204 6217
f 6202 6826 6203
f 6072 6827 6828
f 6598 6305 6304
f 6301 6613 6663
f 6830 6271 6270
f 6822 6778 6823
f 6326 6832 6327
f 6203 6833 6216
f 6027 6051 6024
f 6360 6835 6357
f 6836 6838 6839
f 6837 6841 6838
f 6362 6366 6363
f 6380 6384 6381
f 6421 6578 6842
f 6566 6410 6409
f 6394 6388 6391
f 6414 6368 6367
f 6371 6416 6413
f 6561 6378 6382
f 6382 6562 6561
f 6381 6418 6562
f 6389 6430 6431
f 6391 6454 6441
f 6441 6453 6456
f 6456 6473 6574
f 6495 6750 6568
f 6843 6485 6484
f 6844 6843 6846
f 6573 6847 6848
f 6849 6487 6486
f 6513 6752 6469
f 6517 6850 6503
f 6521 6851 6850
f 6844 6852 6853
f 6505 6510 6509
f 6753 6512 6754
f 6516 6521 6517
f 6614 6854 6615
f 6742 4003 3891
f 6708 6855 6856
f 6307 6857 6858
f 6307 6665 6304
f 6414 6425 6559
f 6416 6427 6426
f 6562 6431 6430
f 6419 6538 6434
f 6358 6839 6359
f 6059 6859 6860
f 6861 6863 6864
f 6865 6867 6868
f 6115 6869 6870
f 6871 6873 6874
f 6721 6596 6875
f 6876 6556 6555
f 6877 6552 6551
f 6551 6268 6877
f 6879 6265 6269
f 6239 6651 6336
f 6230 6619 6226
f 6171 6669 6880
f 6106 6882 6881
f 6883 6822 6821
f 6759 6187 6174
f 6725 6785 6807
f 6885 6808 6791
f 6886 6888 6031
f 6701 6756 6755
f 6884 6779 6822
f 6715 6309 6308
f 6889 6890 6891
f 6743 4042 6892
f 6270 6893 6830
f 6386 6895 6383
f 6895 6420 6896
f 6897 6417 6896
f 6897 6407 6898
f 6390 6899 6387
f 6900 6406 6449
f 6455 6901 6452
f 6902 6904 6471
f 6482 6905 6483
f 6501 6907 6502
f 6496 6908 6909
f 6532 6326 6325
f 6532 6743 6529
f 6612 6735 6666
f 6611 6910 6612
f 6626 5979 6213
f 6704 6105 6702
f 6913 6591 6914
f 6915 6795 6885
f 6229 4067 4066
f 6263 6289 6619
f 6745 6663 6877
f 6916 6757 6917
f 6885 6165 6915
f 6920 6783 6919
f 6921 6923 6924
f 6925 6924 6926
f 6927 6929 6930
f 6931 6933 6934
f 6935 6937 6938
f 6939 6941 6942
f 6943 6945 6946
f 6947 6949 6950
f 6944 6951 6952
f 6953 6955 6956
f 6957 6959 6960
f 6961 6929 6963
f 6964 6966 6967
f 6968 6970 6971
f 6969 6955 6970
f 6972 6946 6973
f 6974 6976 6977
f 6978 6980 6981
f 6940 6982 6983
f 6984 6986 6987
f 6988 6990 6991
f 6992 6989 6993
f 6994 6996 6997
f 6998 7000 7001
f 7002 7004 7005
f 7006 7008 7009
f 7010 7012 7013
f 7014 7016 7017
f 7018 6999 6998
f 7020 7022 7023
f 7024 7026 7027
f 7028 7030 7031
f 7032 7034 7035
f 7003 7036 7037
f 7038 7040 7027
f 6993 7030 7041
f 7042 7044 7045
f 7046 7007 7006
f 7011 7048 7049
f 7050 7052 7053
f 7054 7014 7055
f 7015 7056 7057
f 6621 7045 7044
f 7049 6775 6774
f 7051 6021 6020
f 7055 6701 7054
f 7054 6755 7056
f 6764 7047 7046
f 7020 7059 7013
f 7060 7062 7063
f 6958 7065 6959
f 6925 7067 6973
f 7068 6934 6926
f 7069 6991 7070
f 7071 7072 7073
f 7074 7076 7077
f 7078 7080 7081
f 7014 7082 7083
f 7084 7086 7087
f 7025 7031 7026
f 7085 7072 7088
f 7089 7087 7090
f 7055 7083 7091
f 7090 6770 6773
f 7092 7094 7095
f 7091 6697 7055
f 6770 7086 6758
f 7095 6767 6766
f 7096 6980 7097
f 7098 6940 7099
f 7058 7023 7100
f 7101 6930 7102
f 6974 7063 6967
f 7103 6971 7104
f 7105 6981 6977
f 7106 7036 7108
f 7109 7010 7110
f 7111 7018 7034
f 7098 7037 7100
f 7048 7112 6775
f 7113 7041 6997
f 6994 7115 7088
f 6965 6923 6966
f 6975 6945 6976
f 7061 7065 7062
f 6954 6933 6963
f 6763 7109 7047
f 7046 6620 6764
f 6947 7067 6956
f 6758 7056 6755
f 7118 7039 7038
f 7038 7070 7118
f 7106 7121 7122
f 7123 7053 7052
f 7123 7083 7082
f 7045 7006 7042
f 7107 7122 7009
f 7091 7052 7051
f 7091 6020 6183
f 6936 7097 6937
f 7125 6960 7102
f 6774 7050 7049
f 7119 6942 7039
f 7019 7005 6999
f 7011 7124 7012
f 7021 7040 7022
f 7114 7016 7115
f 7053 7049 7050
f 7086 7057 7056
f 6993 7127 6992
f 7075 7113 7076
f 4281 6603 7128
f 6012 7129 6040
f 7130 6584 7131
f 6797 7133 6798
f 6074 7135 6075
f 6789 6173 6790
f 6760 6776 6761
f 7136 6801 6589
f 6914 6674 6913
f 7007 7059 7008
f 7099 7003 7098
f 6984 7104 6938
f 7110 7047 7109
f 6333 6587 7129
f 5956 6667 5971
f 5957 5971 5970
f 7137 6308 6719
f 4292 6718 6250
f 6693 6668 6215
f 6215 6667 6214
f 6214 6699 6212
f 6698 6212 6699
f 6219 6198 6218
f 6207 6220 6208
f 6220 6609 6208
f 6262 4066 4003
f 7138 7140 7141
f 4298 7140 4299
f 7143 7145 7146
f 7147 7144 7149
f 7149 7151 7147
f 7150 7153 7151
f 6329 7154 7152
f 6261 7155 7154
f 7156 7157 7158
f 6598 7159 7160
f 6257 7161 7162
f 6256 4321 7161
f 6693 6706 6705
f 5954 6705 6706
f 5953 5969 5954
f 7163 5983 6912
f 7164 6138 7166
f 7167 7169 7170
f 6141 7172 6142
f 7166 7173 7164
f 6141 7174 7175
f 7176 7178 7179
f 7180 7182 7183
f 7184 7186 7187
f 6631 7183 7188
f 6218 6197 6698
f 6625 7189 6624
f 6814 7190 7191
f 6882 7193 7194
f 7195 6109 6108
f 6888 7198 7199
f 7200 7202 7203
f 7176 6630 7204
f 6029 7187 6030
f 7205 7207 7208
f 7209 7211 7212
f 7203 7213 7214
f 6886 6778 6723
f 6031 7215 6886
f 7216 7218 7219
f 7220 6880 6669
f 6076 7220 7222
f 6074 6672 6671
f 6147 6662 7223
f 7223 6111 6110
f 6810 6113 6112
f 6920 6914 6591
f 6077 6675 6672
f 6660 6076 6661
f 7222 6669 6181
f 7224 6181 6180
f 6660 6150 6675
f 7225 6794 6915
f 6783 7225 6164
f 6781 6068 6067
f 7217 7228 7218
f 6031 7199 6028
f 6887 6723 6722
f 6164 6915 6165
f 6780 6591 6068
f 7134 6671 6914
f 7229 6824 6823
f 7187 7230 7229
f 7226 6722 6794
f 7231 6169 7233
f 7201 7233 7202
f 6107 7235 7200
f 7215 6823 6778
f 6030 7229 7215
f 7236 7219 7179
f 7237 6820 6819
f 7237 7207 7238
f 7239 7241 7242
f 6739 7244 6736
f 7245 7242 7246
f 7233 6168 7247
f 7247 7202 7233
f 7195 7203 7214
f 7248 7250 6703
f 7227 7252 7228
f 7253 5998 7251
f 6067 7198 6781
f 6781 7197 6782
f 5984 6683 5986
f 7254 6678 6684
f 6679 7252 5997
f 6887 7197 6888
f 6782 7226 7225
f 7135 6163 7221
f 7221 6075 7135
f 6661 7222 7224
f 7224 6111 6661
f 6180 6112 7224
f 6179 6810 6180
f 6811 6793 6649
f 6650 6622 6769
f 6766 7044 7095
f 7095 7043 7092
f 7092 7121 7081
f 7078 7255 7033
f 7256 7257 7258
f 6768 7259 6647
f 6773 7094 7090
f 7090 7093 7089
f 7089 7080 7073
f 7071 7032 7260
f 7077 6998 7074
f 6995 7260 6996
f 7077 7261 7035
f 7035 7018 7077
f 7108 7111 7255
f 6978 7262 7001
f 7105 7264 7262
f 7263 6952 7264
f 6990 6951 7265
f 6972 7266 7265
f 7117 6950 7266
f 6948 7267 6949
f 6969 6982 7267
f 7103 6987 6983
f 7005 6986 7268
f 6999 7268 7000
f 7269 7271 7272
f 7274 7275 7273
f 7274 7276 7277
f 7278 7280 7281
f 7282 7284 7285
f 7286 7288 7289
f 7290 7292 7293
f 7294 7296 7293
f 7068 7298 7299
f 7300 7302 7303
f 7304 7305 7306
f 7307 7305 7308
f 7309 7283 7310
f 7311 7313 7314
f 7125 7306 7315
f 7285 7280 7282
f 7277 7303 7302
f 6965 7316 7317
f 7318 7316 7319
f 7320 7271 7314
f 7312 7296 7313
f 7270 7298 7322
f 7311 7322 7317
f 6961 7300 7308
f 7323 7325 7326
f 7327 7328 7329
f 7064 7325 7328
f 7287 7292 7288
f 6931 7299 7301
f 7331 7329 7319
f 7332 7334 7335
f 7336 7338 7339
f 7340 7333 7332
f 7342 7343 7344
f 7345 7347 7344
f 7348 7350 7351
f 7352 7354 7355
f 7356 7358 7359
f 7360 7362 7363
f 7365 7367 7364
f 7368 7370 7371
f 7372 7336 7374
f 7373 7337 7336
f 7367 7376 7377
f 7378 7380 7381
f 7382 7384 7385
f 7386 7385 7384
f 7388 7390 7391
f 7392 7333 7393
f 7394 7396 7397
f 7398 7400 7401
f 7402 7404 7405
f 7406 7408 7409
f 7410 7383 7382
f 7412 7414 7415
f 7385 7417 7382
f 7389 7419 7390
f 7373 7421 7375
f 7420 7372 7422
f 7369 7424 7370
f 7399 7397 7425
f 7393 7341 7342
f 7398 7357 7426
f 7358 7401 7427
f 7428 7430 7431
f 7433 7435 7432
f 7363 7436 7437
f 7383 7439 7384
f 7411 7438 7383
f 7441 7443 7444
f 7445 7339 7447
f 7374 7339 7446
f 7444 7364 7448
f 7448 7450 7449
f 7364 7451 7450
f 7451 7377 7452
f 7449 7454 7453
f 7455 7450 7451
f 7456 7451 7452
f 7410 7458 7459
f 7460 7462 7369
f 7423 7462 7463
f 7464 7466 7467
f 7468 7347 7470
f 7376 7471 7472
f 7425 7396 7473
f 7475 7477 7474
f 7478 7480 7481
f 7482 7407 7406
f 7484 7351 7486
f 7487 7488 7489
f 7490 7492 7493
f 7412 7434 7433
f 7494 7434 7415
f 7496 7391 7497
f 7440 7498 7499
f 7401 7488 7500
f 7485 7345 7501
f 7500 7427 7401
f 7395 7469 7468
f 7503 7505 7506
f 7507 7509 7510
f 7511 7513 7514
f 7511 7515 7516
f 7517 7519 7520
f 7521 7523 7355
f 7352 7525 7526
f 7415 7527 7494
f 7528 7530 7486
f 7404 7502 7500
f 7477 7496 7532
f 7512 7481 7513
f 7405 7500 7488
f 7533 7535 7536
f 7378 7510 7537
f 7532 7379 7538
f 7539 7541 7542
f 7524 7355 7523
f 7351 7501 7348
f 7414 7523 7527
f 7522 7527 7523
f 7544 7412 7545
f 7546 7547 7548
f 7526 7353 7352
f 7550 7355 7354
f 7521 7551 7548
f 7552 7548 7551
f 7546 7553 7554
f 7522 7548 7547
f 7418 7520 7555
f 7416 7554 7417
f 7457 7558 7458
f 7557 7560 7558
f 7535 7561 7562
f 7562 7563 7564
f 7564 7349 7348
f 7351 7565 7486
f 7567 7569 7566
f 7570 7520 7519
f 7419 7555 7571
f 7572 7348 7501
f 7389 7556 7418
f 7573 7493 7480
f 7552 7534 7553
f 7562 7536 7535
f 7572 7576 7574
f 7422 7578 7420
f 7423 7580 7424
f 7579 7463 7581
f 7578 7576 7582
f 7583 7381 7380
f 7586 7581 7585
f 7533 7579 7586
f 7447 7338 7587
f 7588 7531 7589
f 7590 7431 7591
f 7321 7592 7585
f 7275 7463 7273
f 7461 7276 7462
f 7279 7461 7453
f 7453 7593 7279
f 7594 7454 7455
f 7330 7498 7459
f 7459 7294 7330
f 7558 7595 7295
f 7560 7320 7595
f 7275 7585 7581
f 7462 7273 7463
f 7596 7380 7497
f 7597 7406 7409
f 7467 7599 7600
f 7601 7603 7604
f 7605 7444 7443
f 7365 7606 7366
f 7607 7494 7608
f 7513 7473 7396
f 7396 7514 7513
f 7514 7468 7515
f 7470 7515 7468
f 7610 7609 7470
f 7612 7476 7475
f 7613 7529 7614
f 7442 7615 7616
f 7343 7617 7618
f 7574 7577 7536
f 7619 7399 7491
f 7518 7509 7519
f 7491 7425 7492
f 7549 7621 7565
f 7491 7622 7619
f 7377 7440 7452
f 7379 7497 7380
f 7453 7460 7449
f 7411 7459 7498
f 7623 7391 7390
f 7625 7610 7484
f 7487 7483 7626
f 7619 7408 7489
f 7627 7620 7549
f 7538 7378 7537
f 7389 7477 7476
f 7629 7412 7433
f 7489 7407 7487
f 7628 7598 7597
f 7413 7524 7414
f 7592 7559 7630
f 7584 7632 7381
f 7569 7633 7571
f 7570 7566 7569
f 7631 7566 7632
f 7508 7519 7509
f 7614 7480 7613
f 7346 7470 7347
f 7572 7562 7564
f 7571 7634 7419
f 7346 7484 7610
f 7607 7431 7495
f 7585 7630 7586
f 7624 7497 7391
f 7635 7384 7439
f 7636 7502 7588
f 7323 7310 7289
f 7420 7582 7421
f 7637 7455 7456
f 7287 7499 7498
f 7458 7295 7294
f 7439 7472 7635
f 7599 7604 7600
f 7359 7427 7636
f 7436 7639 7437
f 7490 7640 7622
f 7481 7493 7473
f 7641 7505 7525
f 7642 7627 7644
f 7492 7473 7493
f 7517 7625 7530
f 7625 7486 7530
f 7634 7390 7419
f 7474 7532 7516
f 7448 7441 7444
f 7368 7449 7460
f 7615 7368 7371
f 7638 7602 7639
f 7575 7501 7345
f 7571 7570 7569
f 7400 7489 7488
f 7508 7632 7566
f 7503 7540 7539
f 6957 7315 7326
f 7376 7438 7377
f 7507 7381 7632
f 7499 7452 7440
f 7286 7456 7499
f 7504 7644 7505
f 7368 7460 7369
f 7645 7627 7643
f 7647 7633 7646
f 7647 7623 7634
f 7649 7623 7648
f 7650 7624 7649
f 7646 7568 7651
f 7651 7567 7652
f 7653 7567 7631
f 7651 7655 7646
f 7656 7658 7659
f 7660 7657 7661
f 7663 7656 7662
f 7664 7663 7666
f 7667 7663 7662
f 7667 7668 7655
f 7663 7661 7657
f 7670 7672 7669
f 7661 7671 7660
f 7659 7662 7656
f 7648 7668 7659
f 7648 7673 7649
f 7659 7674 7673
f 7658 7675 7674
f 7668 7646 7655
f 7660 7676 7675
f 7675 7678 7674
f 7677 7676 7679
f 7677 7681 7678
f 7682 7678 7681
f 7677 7684 7680
f 7673 7678 7683
f 7683 7649 7673
f 7685 7671 7670
f 7667 7686 7666
f 7666 7687 7664
f 7654 7686 7655
f 7689 7686 7688
f 7664 7691 7690
f 7650 7583 7596
f 7693 7631 7584
f 7584 7692 7693
f 7693 7682 7694
f 7694 7681 7695
f 7694 7653 7693
f 7650 7682 7692
f 7696 7652 7653
f 7654 7652 7697
f 7688 7697 7698
f 7699 7697 7696
f 7700 7698 7699
f 7695 7696 7694
f 7699 7702 7700
f 7689 7698 7701
f 7689 7703 7704
f 7705 7707 7703
f 7701 7705 7703
f 7704 7707 7685
f 7685 7691 7704
f 7687 7704 7691
f 7680 7695 7681
f 7684 7702 7680
f 7702 7705 7700
f 7684 7707 7706
f 7676 7707 7679
f 7665 7672 7661
f 7670 7690 7691
f 7665 7690 7669
f 7611 7474 7609
f 7510 7479 7478
f 7511 7537 7512
f 7516 7538 7511
f 7517 7613 7518
f 7537 7478 7512
f 7611 7612 7475
f 7613 7479 7518
f 7556 7517 7520
f 7516 7609 7474
f 7708 7710 7711
f 7712 7714 7715
f 7713 7717 7714
f 7719 7721 7718
f 7722 7597 7409
f 7724 7715 7725
f 7726 7728 7729
f 7731 7573 7730
f 7730 7614 7732
f 7733 7735 7736
f 7721 7724 7737
f 7731 7409 7640
f 7708 7729 7738
f 7737 7709 7739
f 7716 7736 7740
f 7742 7744 7745
f 7740 7735 7746
f 7717 7740 7747
f 7716 7720 7741
f 7748 7711 7710
f 7750 7710 7725
f 7720 7751 7741
f 7734 7728 7735
f 7709 7725 7710
f 7752 7715 7714
f 7739 7708 7738
f 7720 7712 7721
f 7749 7755 7711
f 7745 7756 7747
f 7746 7742 7745
f 7743 7755 7754
f 7727 7735 7728
f 7747 7757 7717
f 7753 7725 7715
f 7751 7620 7733
f 7757 7714 7717
f 7718 7737 7732
f 7747 7746 7745
f 7727 7755 7742
f 7726 7711 7755
f 7759 7756 7758
f 7759 7752 7757
f 7760 7753 7752
f 7761 7750 7753
f 7758 7744 7763
f 7763 7743 7764
f 7754 7764 7743
f 7763 7767 7758
f 7768 7770 7771
f 7772 7771 7773
f 7775 7772 7774
f 7776 7775 7778
f 7779 7775 7774
f 7775 7769 7768
f 7770 7781 7780
f 7782 7772 7773
f 7760 7782 7773
f 7760 7783 7761
f 7773 7784 7783
f 7770 7784 7771
f 7779 7782 7767
f 7782 7758 7767
f 7785 7780 7786
f 7785 7788 7784
f 7787 7786 7789
f 7787 7791 7788
f 7792 7788 7791
f 7787 7794 7790
f 7793 7784 7788
f 7762 7783 7793
f 7796 7780 7795
f 7795 7781 7797
f 7779 7798 7778
f 7799 7778 7798
f 7766 7798 7767
f 7800 7799 7798
f 7802 7799 7803
f 7795 7802 7803
f 7762 7748 7750
f 7805 7754 7749
f 7749 7804 7805
f 7805 7792 7806
f 7806 7791 7807
f 7806 7765 7805
f 7793 7804 7762
f 7808 7764 7765
f 7766 7764 7809
f 7766 7810 7800
f 7811 7809 7808
f 7812 7810 7811
f 7807 7808 7806
f 7811 7814 7812
f 7813 7800 7810
f 7801 7815 7816
f 7817 7819 7815
f 7813 7817 7815
f 7816 7819 7796
f 7796 7803 7816
f 7799 7816 7803
f 7790 7807 7791
f 7794 7814 7790
f 7814 7817 7812
f 7794 7819 7818
f 7786 7819 7789
f 7777 7781 7769
f 7777 7802 7797
f 7528 7718 7529
f 7729 7723 7722
f 7738 7730 7739
f 7732 7739 7730
f 7733 7628 7734
f 7722 7738 7729
f 7621 7719 7528
f 7628 7723 7734
f 7733 7741 7751
f 7732 7529 7718
f 7486 7621 7528
f 7549 7350 7353
f 7353 7349 7354
f 7354 7563 7550
f 7821 7823 7820
f 7824 7826 7827
f 7825 7829 7826
f 7830 7832 7833
f 7834 7827 7835
f 7836 7838 7839
f 7840 7406 7841
f 7841 7598 7842
f 7843 7845 7846
f 7833 7834 7847
f 7848 7836 7839
f 7847 7821 7849
f 7828 7846 7850
f 7853 7855 7852
f 7850 7845 7856
f 7829 7850 7857
f 7828 7832 7851
f 7858 7823 7822
f 7860 7822 7835
f 7831 7851 7832
f 7844 7838 7845
f 7834 7822 7821
f 7863 7827 7826
f 7849 7820 7848
f 7825 7833 7832
f 7859 7866 7823
f 7855 7867 7857
f 7837 7855 7856
f 7865 7852 7866
f 7837 7845 7838
f 7857 7868 7829
f 7864 7835 7827
f 7843 7642 7504
f 7868 7826 7829
f 7830 7847 7842
f 7857 7856 7855
f 7837 7866 7852
f 7836 7823 7866
f 7870 7867 7869
f 7870 7863 7868
f 7871 7864 7863
f 7872 7860 7864
f 7869 7854 7874
f 7874 7853 7875
f 7876 7853 7865
f 7874 7878 7869
f 7879 7881 7882
f 7883 7882 7884
f 7886 7883 7885
f 7887 7886 7889
f 7890 7886 7885
f 7886 7880 7879
f 7891 7880 7892
f 7884 7885 7883
f 7871 7893 7884
f 7871 7894 7872
f 7884 7895 7894
f 7882 7896 7895
f 7890 7893 7878
f 7893 7869 7878
f 7881 7897 7896
f 7898 7895 7896
f 7900 7896 7897
f 7901 7899 7898
f 7904 7902 7903
f 7898 7905 7901
f 7894 7899 7904
f 7904 7872 7894
f 7907 7891 7906
f 7906 7892 7908
f 7890 7909 7889
f 7910 7889 7909
f 7877 7909 7878
f 7912 7909 7911
f 7887 7914 7913
f 7906 7913 7914
f 7873 7858 7860
f 7916 7865 7859
f 7859 7915 7916
f 7916 7903 7917
f 7917 7902 7918
f 7917 7876 7916
f 7873 7903 7915
f 7919 7875 7876
f 7877 7875 7920
f 7911 7920 7921
f 7922 7920 7919
f 7923 7921 7922
f 7918 7919 7917
f 7922 7925 7923
f 7924 7911 7921
f 7912 7926 7927
f 7928 7930 7926
f 7924 7928 7926
f 7927 7930 7907
f 7907 7914 7927
f 7910 7927 7914
f 7901 7918 7902
f 7905 7925 7901
f 7925 7928 7923
f 7905 7930 7929
f 7897 7930 7900
f 7888 7892 7880
f 7888 7913 7908
f 7645 7831 7830
f 7839 7862 7931
f 7841 7848 7840
f 7842 7849 7841
f 7504 7844 7843
f 7839 7840 7848
f 7643 7861 7831
f 7503 7862 7844
f 7846 7861 7843
f 7842 7645 7830
f 7932 7934 7935
f 7936 7938 7939
f 7937 7941 7938
f 7942 7944 7945
f 7947 7949 7946
f 7950 7939 7951
f 7953 7955 7952
f 7956 7958 7959
f 7956 7540 7960
f 7962 7964 7961
f 7936 7965 7945
f 7946 7958 7957
f 7966 7952 7955
f 7965 7933 7967
f 7968 7969 7964
f 7970 7972 7973
f 7974 7964 7963
f 7941 7968 7975
f 7940 7944 7969
f 7976 7935 7934
f 7978 7934 7951
f 7943 7969 7944
f 7947 7963 7962
f 7933 7951 7934
f 7980 7939 7938
f 7967 7932 7966
f 7937 7945 7944
f 7977 7983 7935
f 7973 7984 7975
f 7953 7973 7974
f 7982 7970 7983
f 7974 7954 7953
f 7975 7985 7941
f 7981 7951 7939
f 7961 7544 7545
f 7985 7938 7941
f 7942 7965 7960
f 7975 7974 7973
f 7952 7970 7953
f 7952 7935 7983
f 7987 7984 7986
f 7987 7980 7985
f 7988 7981 7980
f 7989 7978 7981
f 7986 7972 7991
f 7991 7971 7992
f 7993 7971 7982
f 7986 7994 7995
f 7997 7999 7996
f 8000 7999 8001
f 8003 8000 8002
f 8005 8006 8004
f 8007 8003 8002
f 7996 8005 7997
f 7998 8009 8008
f 8010 8000 8001
f 7988 8010 8001
f 7988 8011 7989
f 8011 7999 8012
f 7998 8012 7999
f 8007 8010 7995
f 8010 7986 7995
f 8013 8008 8014
f 8015 8012 8013
f 8017 8013 8014
f 8018 8016 8015
f 8021 8019 8020
f 8015 8022 8018
f 8011 8016 8021
f 8021 7989 8011
f 8023 8014 8008
f 8023 8009 8025
f 8007 8026 8006
f 8026 8004 8006
f 8028 7995 7994
f 8029 8026 8028
f 8030 8027 8031
f 8023 8030 8031
f 7990 7976 7978
f 8033 7982 7977
f 7976 8033 7977
f 8034 8032 8020
f 8035 8020 8019
f 8034 7993 8033
f 7990 8020 8032
f 8036 7992 7993
f 7991 8037 7994
f 7994 8038 8028
f 8039 8037 8036
f 8040 8038 8039
f 8035 8036 8034
f 8039 8042 8040
f 8041 8028 8038
f 8029 8043 8044
f 8045 8047 8043
f 8041 8045 8043
f 8044 8047 8024
f 8024 8031 8044
f 8027 8044 8031
f 8042 8019 8018
f 8022 8042 8018
f 8042 8045 8040
f 8017 8046 8022
f 8014 8047 8017
f 8005 8009 7997
f 8005 8030 8025
f 7506 7943 7942
f 7954 7946 7955
f 7967 7957 7956
f 7960 7967 7956
f 7948 7962 8048
f 7955 7957 7966
f 7641 7979 7943
f 7969 7961 7964
f 7960 7506 7942
f 7362 8050 7436
f 8052 7464 8051
f 8051 7467 8053
f 8054 7600 7604
f 8056 7618 8052
f 7436 8057 7638
f 8049 7361 8056
f 8057 7603 7638
f 8055 7467 7600
f 8058 7604 7603
f 8059 8058 8057
f 8060 8054 8058
f 8061 8055 8054
f 8062 8053 8055
f 8059 8050 8064
f 8064 8049 8065
f 8056 8065 8049
f 8059 8067 8068
f 8069 8071 8072
f 8073 8072 8074
f 8075 8073 8076
f 8077 8075 8076
f 8075 8070 8069
f 8079 8081 8070
f 8082 8070 8081
f 8083 8073 8074
f 8061 8083 8074
f 8061 8084 8062
f 8074 8085 8084
f 8072 8086 8085
f 8077 8083 8068
f 8083 8059 8068
f 8071 8087 8086
f 8088 8085 8086
f 8090 8086 8087
f 8091 8089 8088
f 8094 8092 8093
f 8088 8095 8091
f 8084 8089 8094
f 8094 8062 8084
f 8097 8082 8096
f 8096 8081 8080
f 8077 8098 8078
f 8099 8078 8098
f 8101 8068 8067
f 8102 8098 8101
f 8100 8104 8103
f 8096 8103 8104
f 8075 8100 8079
f 8079 8103 8080
f 8105 8053 8063
f 8066 8052 8106
f 8051 8106 8052
f 8107 8105 8093
f 8108 8093 8092
f 8107 8066 8106
f 8063 8093 8105
f 8109 8065 8066
f 8064 8110 8067
f 8067 8111 8101
f 8112 8110 8109
f 8113 8111 8112
f 8108 8109 8107
f 8112 8115 8113
f 8114 8101 8111
f 8102 8116 8117
f 8118 8120 8116
f 8114 8118 8116
f 8117 8120 8097
f 8097 8104 8117
f 8099 8117 8104
f 8091 8108 8092
f 8095 8115 8091
f 8115 8118 8113
f 8095 8120 8119
f 8087 8120 8090
f 7550 7561 7551
f 7552 7561 7535
f 7931 7539 7542
f 7640 7408 7622
f 7549 7644 7627
f 7525 7544 7641
f 7931 7482 7840
f 7483 7542 7541
f 7626 7405 7487
f 7629 7432 8121
f 7629 7949 7948
f 8122 7949 8121
f 8123 8121 7432
f 8124 7432 7435
f 7434 8125 7435
f 8125 8124 7435
f 8124 7429 8126
f 8123 8126 8127
f 8122 8127 8128
f 7541 7959 8128
f 7404 8129 7531
f 8125 7431 7430
f 7526 7505 7644
f 7626 7541 8128
f 7959 8122 8128
f 7961 8048 7962
f 7629 8048 7545
f 8127 7626 8128
f 7402 8126 7403
f 8129 8126 7429
f 7428 8129 7429
f 7589 7428 7590
f 7471 7366 7606
f 7334 7426 7357
f 7335 7357 7356
f 7616 7446 7445
f 7392 7398 7426
f 7393 7397 7392
f 7342 7394 7393
f 7344 7469 7342
f 7343 7361 7360
f 7360 7344 7343
f 7363 7345 7360
f 7437 7575 7363
f 7582 7437 7639
f 7421 7639 7602
f 7375 7602 7601
f 7599 7375 7601
f 7465 7618 7617
f 7332 7587 7340
f 7447 7335 7445
f 7445 7356 7616
f 7359 7616 7356
f 7636 7442 7359
f 7588 7443 7636
f 7589 7605 7588
f 7590 7606 7589
f 7471 7591 7472
f 7446 7371 7374
f 7371 7372 7374
f 7422 7370 7424
f 7577 7424 7580
f 7536 7580 7533
f 7591 7635 7472
f 7607 7386 7635
f 7543 7494 7527
f 7547 7543 7522
f 7608 7387 7386
f 7387 7416 7385
f 7457 7382 7417
f 7557 7417 7554
f 7559 7554 7553
f 7630 7553 7534
f 7534 7586 7630
f 7466 7337 7599
f 7465 7338 7466
f 7617 7587 7465
f 7341 7617 7343
f 8130 6090 8131
f 6023 8132 8133
f 6182 8133 6784
f 6623 6792 6185
f 6787 6182 6784
f 8134 6696 6787
f 6917 6756 8135
f 6762 7112 6763
f 6762 6184 6759
f 6765 6185 6184
f 6650 6768 6647
f 6772 6916 7259
f 6777 6789 6788
f 6022 6788 8132
f 6756 8134 8135
f 6758 6771 6770
f 6761 6775 7112
f 6769 6621 6766
f 6772 6767 6773
f 6174 6760 6759
f 6187 6178 6670
f 6811 6648 6812
f 6786 6724 6779
f 6791 6918 6885
f 6186 6179 6178
f 6808 8133 8132
f 6884 8135 8134
f 6174 6670 6171
f 6807 6784 8133
f 6791 8132 6788
f 6786 8134 6787
f 6790 6172 6918
f 6649 6792 6650
f 6316 8136 6717
f 8137 6654 8138
f 8139 6601 6160
f 6656 6580 6870
f 6868 8142 6865
f 6316 6711 6313
f 6864 8144 6861
f 6864 8145 6860
f 6868 6869 6710
f 6656 6866 6653
f 8146 8148 8149
f 8139 8151 6640
f 8152 6866 6865
f 8154 8138 6654
f 6874 8156 8157
f 8158 8159 6805
f 8160 6865 8142
f 8161 6313 6711
f 6161 8162 8163
f 8164 6654 6653
f 8153 6653 6866
f 8165 8167 8168
f 8166 8169 8167
f 5989 8170 8169
f 5988 8171 8170
f 8172 6043 6042
f 8174 6032 6035
f 8174 6098 8176
f 8176 6796 8177
f 8177 8178 8179
f 7132 6728 7133
f 6589 8180 7136
f 8180 6004 8181
f 8181 6007 8182
f 6334 6731 6734
f 6079 6645 6731
f 6078 6646 6645
f 6085 8184 6646
f 6091 8185 6093
f 6086 8183 6085
f 6950 7118 7070
f 6952 6992 7127
f 6983 6968 7103
f 6987 7004 7099
f 7001 6979 6978
f 7001 7074 6998
f 7262 7075 7074
f 7264 7127 7075
f 7265 6943 6972
f 7265 6991 6990
f 7266 7070 6991
f 6949 7119 7118
f 7267 6939 7119
f 6983 7099 6940
f 7268 6985 8186
f 7000 8186 6979
f 6938 6985 6984
f 6946 6922 6921
f 6956 6948 6947
f 6971 6928 6927
f 6970 6954 6928
f 6973 6921 6925
f 6977 7263 7105
f 6981 7061 7060
f 6973 7117 6972
f 7097 6979 8186
f 7104 6927 7101
f 6977 7060 6974
f 6976 6944 7263
f 6956 7066 6953
f 6937 8186 6985
f 6938 7101 6935
f 6924 7116 7297
f 6926 7297 7068
f 6930 6962 7304
f 6934 6953 7066
f 6960 6936 6935
f 6963 6928 6954
f 6967 6975 6974
f 7063 7327 7331
f 6959 7096 6936
f 6926 7066 6925
f 7102 7304 7125
f 6967 7331 6964
f 6966 6922 6975
f 7062 7064 7327
f 6963 6932 6961
f 7102 6935 7101
f 7299 7269 8187
f 7301 6932 6931
f 7306 7285 7284
f 7308 6962 6961
f 7315 7284 7309
f 7317 7312 7311
f 7319 6964 7331
f 7322 7297 7116
f 7317 7116 6965
f 7308 7303 7307
f 7326 6958 6957
f 7329 7291 7290
f 7328 7324 7291
f 7301 8187 7302
f 7319 7290 7318
f 7326 7309 7323
f 7272 7321 7275
f 7272 8187 7269
f 7274 7302 8187
f 7281 7307 7303
f 7283 7593 7594
f 7289 7324 7323
f 7293 7330 7294
f 7293 7318 7290
f 7310 7594 7637
f 7314 7595 7320
f 7282 7279 7593
f 7278 7277 7276
f 7314 7270 7311
f 7313 7295 7595
f 7288 7291 7324
f 7289 7637 7286
f 6003 6626 6136
f 6003 7165 6000
f 6690 8189 6691
f 6686 5981 5980
f 6685 6096 5981
f 6687 6806 6096
f 6002 5980 6626
f 6606 5351 5350
f 7164 8190 8191
f 8192 7174 8193
f 6015 8153 8152
f 6189 8155 8154
f 8157 6284 6283
f 6332 8152 8160
f 6593 6317 8161
f 6658 8154 8164
f 6014 8164 8153
f 6332 7131 6333
f 6805 6321 6052
f 6146 8162 6625
f 6607 8195 6604
f 8196 6125 8197
f 8198 7168 8199
f 8199 6633 8200
f 7177 8201 7178
f 8202 8204 8205
f 7208 7185 7205
f 7237 7186 7208
f 6819 7230 7237
f 6818 6824 6819
f 8206 6821 6818
f 8207 8135 8208
f 6917 8209 6916
f 8209 7259 6916
f 8210 6647 7259
f 6812 8212 7258
f 6809 7258 7257
f 6809 8213 6113
f 6113 8214 6110
f 7235 6110 8214
f 7223 7234 6147
f 6147 8215 6148
f 6148 8216 6153
f 8218 6158 8217
f 8219 6116 6119
f 6284 6116 6285
f 6188 8156 8155
f 8155 6873 8138
f 8138 6872 8137
f 8137 8148 6581
f 6193 6281 6190
f 6190 6278 6195
f 8220 8222 8223
f 8224 7139 7138
f 6223 8226 8227
f 6237 8228 8229
f 6238 8227 8230
f 6249 8231 8232
f 6253 8233 8234
f 6236 8221 8228
f 6331 8230 8235
f 6252 8236 8233
f 6222 8229 8226
f 6828 8237 8238
f 6280 8240 8241
f 8208 6883 8206
f 6648 8211 8212
f 6143 8242 8243
f 6624 8244 8242
f 8245 8247 8248
f 8249 8251 8252
f 7195 8254 7196
f 7214 8253 7195
f 8256 7214 7213
f 7243 8257 7244
f 7210 8257 7211
f 8259 6102 8260
f 8261 6121 8262
f 8178 8263 8179
f 7132 8264 8263
f 6797 8265 8264
f 6135 8266 8265
f 6134 8267 8266
f 6151 8268 8267
f 6154 8270 8268
f 8269 8272 8270
f 7194 8273 8274
f 7193 8275 8273
f 8249 8260 8276
f 8248 8278 8245
f 6129 8279 8280
f 7169 8197 6125
f 8198 8192 8197
f 7171 7175 7173
f 6589 7129 6587
f 6801 6040 7129
f 6037 6041 6040
f 6036 6659 6041
f 6131 6118 6659
f 6156 6119 6118
f 8218 6119 6155
f 8219 6815 6642
f 7191 6641 6814
f 8246 7189 7191
f 8245 8281 8282
f 8280 6288 6287
f 6125 7170 7169
f 6288 6602 6123
f 6126 6604 8195
f 8196 6605 6604
f 7174 6691 8189
f 6691 6139 6692
f 7171 8283 7172
f 7172 8284 6142
f 6139 8284 6692
f 8285 8287 8288
f 8211 8289 8286
f 8290 8292 8289
f 8293 8291 8290
f 8293 8208 8295
f 8296 8298 8295
f 6818 8296 8206
f 8285 7258 8212
f 7243 7212 7211
f 7243 8300 8299
f 8301 6739 6738
f 8302 7213 7247
f 8303 7247 6168
f 8304 6168 6167
f 6738 8297 8301
f 8288 6167 6170
f 8304 8291 8305
f 8305 8294 6737
f 6737 8306 8305
f 6736 8307 8306
f 8243 8308 8309
f 8242 8282 8308
f 8247 7191 7190
f 7196 8251 7192
f 8253 8311 8254
f 8255 8310 8253
f 8313 8255 8256
f 7244 8313 8307
f 8313 8258 8312
f 8312 8314 8310
f 8315 8310 8314
f 8311 8316 8252
f 8282 8317 8308
f 8308 8261 8309
f 8309 8262 8318
f 8248 8275 8276
f 8282 8246 8245
f 8307 8256 8302
f 8306 8302 8303
f 8305 8303 8304
f 8298 6737 8294
f 8287 8304 6167
f 7253 7199 7198
f 8319 6028 7199
f 8320 6029 6028
f 8321 7184 6029
f 8322 7185 7184
f 8203 7205 7185
f 8202 7206 7205
f 7239 7210 7209
f 7251 8319 7253
f 7227 8320 8319
f 7217 8321 8320
f 7216 8322 8321
f 7236 8203 8322
f 6175 8200 7204
f 7165 8191 6177
f 6137 7166 6138
f 6200 8283 6137
f 6199 8284 8283
f 8284 6205 6692
f 6205 6689 6692
f 6689 5485 3833
f 7009 8323 7107
f 7013 7021 7020
f 7017 7029 7028
f 7013 7110 7010
f 7073 7084 7089
f 7081 7093 7092
f 7082 7028 7025
f 7088 6995 6994
f 7088 7057 7085
f 7122 7043 7042
f 7124 7024 7126
f 7082 7024 7123
f 7009 7042 7006
f 7012 7126 7021
f 7115 7015 7057
f 7008 7058 8323
f 7081 7120 7078
f 7073 7079 7071
f 6997 7076 7113
f 7023 6942 6941
f 7027 7069 7038
f 7031 6989 6988
f 7079 7033 7032
f 7037 7107 8323
f 7027 7126 7024
f 7041 7029 7114
f 7026 6988 7069
f 7100 6941 7098
f 7108 7002 7019
f 7100 8323 7058
f 6997 7114 6994
f 7022 7039 6942
f 7111 7033 7255
f 7035 7260 7032
f 7261 6996 7260
f 7108 7120 7106
f 7245 8258 7210
f 7246 8314 7245
f 7181 8316 7182
f 8277 6129 8278
f 8278 8280 8281
f 6287 8281 8280
f 6122 8317 6287
f 5487 6144 5488
f 5489 6162 5490
f 6637 8325 8326
f 8326 8225 8224
f 5494 8225 5495
f 6160 8150 8139
f 5496 8151 5497
f 8163 6162 6161
f 6146 8327 8163
f 8243 6144 6143
f 8328 8309 8318
f 8318 5501 5500
f 8262 5502 5501
f 8329 8331 8332
f 8333 8335 8336
f 8338 6007 8337
f 8329 8339 8340
f 8341 6734 8330
f 6006 8337 6007
f 8342 6804 6800
f 6065 8339 8343
f 5995 8341 8340
f 6918 6166 6165
f 7221 6166 6880
f 6172 6880 6166
f 8344 5955 6713
f 5519 5975 5520
f 6806 8346 6695
f 6646 8347 6643
f 8165 8349 6323
f 6322 8131 6090
f 8345 6688 8351
f 6695 5975 5974
f 5976 5528 6713
f 5529 8131 5530
f 6643 8352 8168
f 8183 5532 8184
f 5534 8130 5529
f 6730 5533 8183
f 8351 6093 8185
f 5535 6594 3856
f 8353 6652 6651
f 8354 8355 8356
f 8357 6825 6202
f 8359 6202 6201
f 6224 8356 8360
f 6275 8362 6276
f 6201 7143 8359
f 7146 8359 7143
f 8357 8363 8364
f 8355 8366 8367
f 8361 8368 8362
f 8356 8367 8369
f 8370 8372 7142
f 8220 7145 8374
f 6275 6228 6231
f 5558 6228 6274
f 8375 8367 8366
f 8362 8376 8377
f 8378 8380 8381
f 8363 8382 8383
f 8384 8381 8385
f 8382 8386 8385
f 8383 8364 8363
f 6226 6231 6230
f 6231 8361 6275
f 6636 8389 8379
f 6635 8388 6636
f 8390 5576 5575
f 8379 6232 6636
f 8378 6233 6232
f 8384 8371 6233
f 8372 8393 7141
f 7138 8239 8224
f 8224 8394 8326
f 8146 8394 6282
f 6638 8326 8394
f 6340 6299 6298
f 6747 6577 6576
f 6344 6346 6345
f 6342 6355 6303
f 6353 6349 6297
f 6337 6369 8395
f 6360 6328 6327
f 6358 6386 6385
f 6364 6293 6295
f 6362 6376 6373
f 6366 6297 6296
f 6350 6372 6370
f 6533 6303 6302
f 6534 6346 6343
f 6744 6533 6302
f 6536 6747 6576
f 6357 6894 6386
f 6341 6832 6355
f 6839 6292 6291
f 6837 6380 6379
f 6838 6354 6292
f 6361 6377 6376
f 6363 6296 6293
f 6365 6373 6372
f 6359 6291 6328
f 6836 6385 6380
f 6481 6902 6544
f 6484 6501 6500
f 6477 6487 6474
f 6849 6492 6491
f 6494 6467 6466
f 6547 6544 6543
f 6750 6546 6547
f 6494 6751 6750
f 6843 6500 6846
f 6845 6575 6843
f 6489 6847 6853
f 6474 6491 6490
f 6483 6906 6501
f 6493 6465 6490
f 6471 6544 6902
f 6472 6485 6473
f 6476 6461 6460
f 6470 6542 6545
f 6570 6569 6749
f 6495 6463 6493
f 6475 6462 6461
f 6572 6477 6476
f 6574 6457 6456
f 6569 6543 6545
f 6575 6473 6485
f 6471 6901 6448
f 6469 6508 6513
f 6498 6479 6478
f 6503 6518 6517
f 6489 6505 6486
f 6467 6509 6468
f 6546 6498 6478
f 6549 6752 6753
f 6752 6466 6469
f 6503 6846 6500
f 6850 6844 6846
f 6507 6852 6525
f 6486 6509 6849
f 6502 6909 6518
f 6858 6664 6307
f 8396 6611 6610
f 6833 6324 6216
f 8399 6825 8400
f 6831 8401 8402
f 6707 6826 8399
f 8398 6890 6324
f 6858 8404 6554
f 8405 6610 6876
f 6830 6553 8401
f 8397 6911 6611
f 8400 8358 8365
f 8358 8364 8406
f 8406 8387 8407
f 8389 8380 8379
f 8389 8409 8377
f 8388 8410 8409
f 5575 8410 8390
f 6665 8411 6875
f 8412 6720 6721
f 8413 5601 6720
f 8411 8413 8412
f 6262 6290 6263
f 5602 8414 5604
f 6599 3735 5605
f 7141 7142 8372
f 8393 8241 8240
f 8227 7147 7151
f 8229 8374 7148
f 8230 7151 7153
f 8232 8415 8416
f 8234 8417 8418
f 8221 8374 8228
f 8235 7153 8419
f 8233 8420 8417
f 8226 7148 7147
f 8238 8421 8422
f 7141 8240 7138
f 6581 6655 8137
f 6640 8140 8139
f 6710 8141 6868
f 6717 6712 6316
f 6860 8143 6864
f 6870 6867 6656
f 6717 6726 6714
f 6870 6192 6115
f 6860 6050 6059
f 6710 6025 6024
f 6639 6871 8140
f 6640 8324 6637
f 6581 8147 6193
f 5615 6234 8370
f 7144 8374 7145
f 7144 6210 7149
f 7150 6210 6209
f 7152 6209 6329
f 7152 8419 7153
f 7154 8421 8419
f 7158 8415 8422
f 7160 8420 8416
f 7162 8418 8417
f 7161 5616 8418
f 8370 6233 8371
f 8373 7146 7145
f 8392 8386 8223
f 8391 8372 8371
f 5617 6713 5528
f 5973 3355 5972
f 8345 5619 8346
f 3880 6910 5621
f 8351 5620 8345
f 8346 5520 5975
f 5621 6911 5623
f 5622 8185 5534
f 8150 5497 8151
f 8423 8425 8426
f 8427 6519 8428
f 8429 8431 8432
f 6523 8433 6526
f 8434 8436 8437
f 8438 8434 8439
f 8438 6511 6528
f 8441 8424 8423
f 8427 8430 8429
f 8444 8445 8446
f 8447 8424 8448
f 8449 8444 8450
f 8451 8430 8452
f 8453 8454 8455
f 8456 8437 8453
f 8439 8456 8457
f 8448 8442 8458
f 8452 8443 8449
f 8425 8459 8446
f 8460 8462 8463
f 8464 8466 8467
f 8468 8470 8471
f 8472 8474 8475
f 8476 8478 8479
f 8480 8482 8483
f 8484 8486 8487
f 8485 8489 8486
f 8490 8481 8480
f 8492 8494 8495
f 8495 8496 8497
f 8498 8500 8501
f 8502 8500 8503
f 8504 8506 8507
f 8508 8510 8511
f 8513 8511 8512
f 8507 8514 8515
f 8516 8518 8519
f 8520 8516 8521
f 8522 8524 8525
f 8526 8522 8525
f 8528 8530 8531
f 8532 8529 8533
f 8534 8536 8537
f 8538 8534 8537
f 8464 8481 8465
f 8483 8541 8480
f 8542 8484 8467
f 8487 8540 8483
f 8488 8542 8544
f 8545 8486 8489
f 8481 8466 8465
f 8547 8489 8490
f 8548 8493 8471
f 8549 8502 8492
f 8551 8494 8548
f 8497 8552 8495
f 8469 8499 8470
f 8547 8497 8498
f 8469 8503 8500
f 8501 8550 8545
f 8460 8507 8461
f 8552 8506 8505
f 8554 8510 8463
f 8549 8505 8509
f 8554 8512 8511
f 8513 8550 8508
f 8461 8515 8462
f 8557 8513 8514
f 8558 8519 8479
f 8559 8527 8518
f 8521 8558 8561
f 8553 8517 8520
f 8477 8524 8478
f 8520 8557 8553
f 8476 8525 8477
f 8527 8556 8522
f 8563 8528 8475
f 8564 8531 8565
f 8533 8563 8566
f 8562 8530 8532
f 8473 8536 8474
f 8559 8532 8535
f 8472 8537 8473
f 8560 8539 8564
f 8463 8555 8554
f 8544 8467 8466
f 8470 8548 8471
f 8475 8566 8563
f 8479 8561 8558
f 8484 8483 8482
f 8490 8488 8491
f 8503 8492 8502
f 8498 8496 8499
f 8504 8509 8505
f 8515 8513 8512
f 8519 8527 8526
f 8521 8523 8520
f 8528 8539 8538
f 8533 8535 8532
f 8467 8482 8464
f 8487 8546 8543
f 8544 8491 8488
f 8480 8547 8490
f 8493 8468 8471
f 8495 8549 8492
f 8551 8499 8496
f 8501 8547 8498
f 8460 8510 8504
f 8508 8549 8509
f 8555 8515 8512
f 8506 8557 8514
f 8519 8476 8479
f 8517 8559 8518
f 8561 8524 8521
f 8522 8557 8523
f 8475 8538 8472
f 8567 8531 8530
f 8566 8536 8533
f 8560 8535 8534
f 8442 8568 8569
f 6512 8568 6754
f 8570 8571 8572
f 8426 6514 8423
f 8428 8443 8427
f 6522 8432 6523
f 8437 8433 8454
f 6524 8435 6527
f 6528 8435 8438
f 8423 6550 8441
f 8429 6516 8427
f 6515 8445 6908
f 8441 6754 8568
f 8570 8569 8568
f 8440 6512 6511
f 8569 8458 8442
f 8574 8572 8571
f 8572 8573 8569
f 8453 8577 8456
f 8576 8455 8578
f 8452 8580 8451
f 8573 8582 8458
f 8575 8581 8573
f 8584 8575 8574
f 8571 8457 8574
f 8439 8440 8438
f 8585 8587 8588
f 8587 8590 8588
f 8589 8592 8590
f 8591 8594 8592
f 8593 8596 8594
f 8595 8598 8596
f 8599 8586 8585
f 8601 8600 8599
f 8603 8602 8601
f 8605 8598 8597
f 8607 8604 8603
f 8609 8608 8607
f 8611 8610 8609
f 8606 8612 8611
f 8613 8589 8587
f 8614 8591 8589
f 8615 8593 8591
f 8616 8595 8593
f 8617 8597 8595
f 8619 8617 8616
f 8620 8618 8617
f 8620 8623 8621
f 8624 8626 8627
f 8626 8622 8627
f 8620 8628 8622
f 8622 8629 8627
f 8627 8630 8624
f 8632 8634 8631
f 8636 8633 8635
f 8637 8636 8635
f 8639 8632 8640
f 8633 8641 8635
f 8635 8642 8637
f 8642 8644 8637
f 8645 8637 8644
f 8586 8613 8587
f 8600 8646 8586
f 8616 8648 8619
f 8615 8649 8648
f 8613 8649 8614
f 8651 8613 8646
f 8647 8651 8646
f 8652 8654 8651
f 8602 8647 8600
f 8655 8652 8647
f 8656 8653 8652
f 8653 8659 8654
f 8658 8661 8659
f 8644 8663 8645
f 8664 8662 8665
f 8661 8666 8659
f 8666 8654 8659
f 8667 8651 8654
f 8668 8597 8618
f 8669 8618 8621
f 8670 8621 8623
f 8671 8623 8626
f 8671 8625 8672
f 8625 8673 8672
f 8636 8675 8634
f 8638 8674 8636
f 8645 8676 8638
f 8645 8678 8677
f 8679 8660 8658
f 8657 8658 8653
f 8583 8648 8649
f 8650 8583 8649
f 8667 8581 8650
f 8666 8582 8667
f 8664 8681 8666
f 8682 8665 8683
f 8684 8643 8642
f 8684 8641 8579
f 8639 8579 8641
f 8580 8640 8578
f 8629 8576 8630
f 8604 8655 8602
f 8608 8686 8604
f 8610 8687 8608
f 8612 8688 8610
f 8605 8689 8612
f 8690 8668 8669
f 8691 8689 8690
f 8692 8688 8691
f 8693 8687 8692
f 8656 8686 8693
f 8694 8669 8670
f 8695 8690 8694
f 8696 8691 8695
f 8697 8692 8696
f 8657 8693 8697
f 8697 8679 8657
f 8696 8698 8697
f 8696 8700 8699
f 8694 8700 8695
f 8670 8701 8694
f 8702 8671 8672
f 8701 8703 8700
f 8703 8699 8700
f 8699 8705 8698
f 8698 8680 8679
f 8672 8706 8702
f 8675 8707 8708
f 8674 8709 8707
f 8709 8677 8710
f 8677 8711 8710
f 8712 8710 8711
f 8702 8714 8703
f 8713 8714 8715
f 8707 8716 8717
f 8717 8713 8715
f 8710 8716 8709
f 8708 8717 8715
f 8546 8599 8543
f 8546 8603 8601
f 8550 8603 8545
f 8556 8607 8550
f 8560 8609 8556
f 8564 8611 8560
f 8565 8606 8564
f 8565 8596 8598
f 8567 8594 8596
f 8562 8592 8594
f 8553 8590 8592
f 8590 8541 8588
f 8540 8588 8541
f 8543 8585 8540
f 8684 8450 8685
f 8579 8449 8684
f 8682 8448 8681
f 8447 8683 8459
f 8681 8458 8582
f 8628 8619 8718
f 8584 8619 8648
f 8628 8577 8629
f 8457 8577 8718
f 8574 8718 8584
f 7134 6919 7135
f 6164 6919 6783
f 5485 6609 5921
f 3832 8188 6690
f 5921 6221 3354
f 5922 7128 6607
f 6439 8720 6440
f 8720 6570 6749
f 6570 8721 6464
f 6439 8721 8719
f 6727 6057 6312
f 6312 6073 6247
f 6828 6073 6072
f 6877 6267 6745
f 6745 6299 6744
f 6891 6305 6889
f 6338 6746 6339
f 6438 6410 6435
f 6412 6440 6748
f 6564 6424 6565
f 6842 6577 8395
f 6889 6829 7156
f 6579 6564 6563
f 6435 6565 6424
f 8722 6306 6891
f 8723 6058 6727
f 6269 6878 6879
f 7160 6829 6598
f 8724 8143 8725
f 8238 6248 6828
f 6339 6744 6299
f 8395 6338 6337
f 6879 8404 8726
f 8422 8231 8238
f 8725 6859 8723
f 8416 7157 7160
f 6059 6049 6056
f 6330 6049 6048
f 7156 6259 6889
f 6269 6264 6266
f 6297 6264 6241
f 6340 6351 6337
f 6368 8395 6369
f 6422 6559 6423
f 6436 6404 6437
f 6447 6438 6437
f 6424 6436 6435
f 6331 6099 6330
f 6422 6842 6368
f 8722 6856 8726
f 8141 6862 8142
f 6265 6617 6242
f 6324 6259 6258
f 7158 6260 7156
f 6709 6863 8141
f 8235 6827 6331
f 6298 6352 6340
f 6370 6351 6350
f 6891 8403 8722
f 8419 8237 8235
f 6051 8145 6709
f 8422 7155 7158
f 8721 6446 6464
f 6748 8720 6749
f 8727 6011 8194
f 8158 8144 8724
f 6009 6861 8144
f 6008 6862 6861
f 8142 8727 8160
f 6554 6893 6858
f 6833 6708 8398
f 6708 8403 8398
f 5623 6892 4042
f 8406 8365 8358
f 8407 8366 8406
f 8377 8408 8389
f 8397 6530 6529
f 6651 8400 8353
f 8402 6616 6615
f 6618 8399 6651
f 6554 6878 6551
f 8396 6854 6530
f 8401 6552 6616
f 6892 6529 6743
f 8353 8365 8355
f 8377 6276 8362
f 8409 6277 6276
f 8410 5932 6277
f 8726 6857 8722
f 8726 6855 6879
f 7234 6106 8215
f 8279 6127 6288
f 8354 6227 6652
f 6246 6619 6289
f 8239 6282 8394
f 8162 6286 6625
f 6292 6246 6289
f 6382 6377 6379
f 6392 6396 6393
f 6396 6427 6428
f 6398 6443 6459
f 6459 6458 6460
f 6525 6523 6526
f 6558 6271 6555
f 6429 6560 6561
f 6460 6572 6476
f 6272 3736 3735
f 7128 6602 8195
f 6227 6244 6652
f 7180 6634 6103
f 6642 6285 8219
f 6356 6740 6614
f 6816 8218 8217
f 6820 8301 6817
f 6355 6741 6356
f 6344 6834 6341
f 6364 6840 6361
f 6375 6560 6415
f 6848 6488 6477
f 6853 6506 6489
f 6530 6740 6531
f 8140 6874 6601
f 6555 6831 6876
f 8215 6881 8216
f 6348 6894 6345
f 6383 6896 6417
f 6433 6896 6420
f 6432 6898 6390
f 6406 6898 6407
f 6900 6387 6899
f 6900 6448 6901
f 6472 6903 6482
f 6480 6903 6902
f 6497 6906 6479
f 6908 6518 6909
f 4280 6120 6603
f 6100 7170 6128
f 6632 7188 8201
f 7235 7201 7200
f 7206 7212 7207
f 8213 7232 7231
f 8214 7231 7201
f 6108 7200 7203
f 7238 8300 6820
f 7207 8299 7238
f 8205 7240 8202
f 6170 7232 7256
f 6638 8149 6639
f 6601 8157 6600
f 6600 6283 8162
f 8392 8222 8393
f 6278 8241 6279
f 6816 8274 6813
f 6642 6814 6641
f 6128 6124 8279
f 8195 6127 6126
f 8212 8286 8285
f 8292 8286 8289
f 8290 8210 8209
f 8207 8290 8209
f 8294 8295 8298
f 8206 8295 8208
f 6817 8297 8296
f 8288 7256 8285
f 7209 7240 7239
f 6225 8360 8361
f 8369 8360 8356
f 8375 8368 8369
f 8381 8387 8383
f 8385 8383 8382
f 8385 8391 8384
f 8147 6282 6281
f 6345 6835 6344
f 6327 6834 6360
f 6295 6841 6364
f 6379 6840 6837
f 6853 6845 6844
f 6479 6905 6480
f 6848 6571 6573
f 6452 6904 6472
f 6525 6851 6520
f 6496 6907 6497
f 8402 6876 6831
f 8408 8387 8380
f 6279 8222 8221
f 6872 8149 8148
f 8223 8373 8220
f 6526 8436 6524
f 8446 8426 8425
f 8455 8431 8451
f 8446 8450 8444
f 8454 8432 8431
f 6908 8428 6519
f 8578 8451 8580
f 8632 8625 8624
f 8640 8624 8630
f 8660 8662 8661
f 8662 8643 8665
f 8675 8631 8634
f 8680 8663 8660
f 8683 8643 8685
f 8578 8630 8576
f 8673 8708 8706
f 8678 8705 8711
f 8711 8704 8712
f 8706 8715 8714
f 8703 8712 8704
f 8459 8685 8450
f 8407 8376 8375
f 6615 8405 8402
f 5993 6335 5994
f 6060 6018 5991
f 5993 6081 6080
f 6105 6176 6702
f 6177 6000 7165
f 6309 6310 6251
f 8725 6314 8724
f 8724 6318 8158
f 6321 6053 6052
f 6249 6310 6247
f 6596 6257 6597
f 8188 6605 8189
f 5986 6682 6060
f 6714 6311 6309
f 6047 6086 6081
f 6875 6304 6665
f 6001 6912 5983
f 7162 6597 6257
f 7254 6912 6704
f 6684 7163 7254
f 8723 6315 8725
f 6592 6318 6317
f 8332 8171 8728
f 6607 5350 5922
f 8191 8198 8199
f 8197 8193 8196
f 8159 6319 6321
f 8232 6595 6249
f 8192 7173 7175
f 8189 8193 7174
f 6177 8199 6175
f 6733 8330 6734
f 8340 8330 8329
f 8341 6335 6334
f 8412 6875 8411
f 8414 6273 6599
f 8416 8236 8232
f 6727 8136 8723
f 8417 7159 7162
f 6277 5558 6274
f 5935 6635 6235
f 5991 6061 6060
f 6019 6682 6681
f 5999 6033 5996
f 6045 6677 6680
f 6055 6083 7130
f 5995 6063 5992
f 6084 6053 6046
f 6088 5989 8166
f 6063 6046 5992
f 6066 6034 5999
f 6103 7181 7180
f 6673 6133 6132
f 6149 6153 6152
f 6323 8166 8165
f 6585 6083 6082
f 6630 6702 6176
f 6634 7168 7167
f 6676 6152 6133
f 6703 6628 7248
f 6796 6728 8178
f 6069 6097 6066
f 6132 6674 6673
f 6803 6800 6804
f 6011 6055 7130
f 6799 6582 6585
f 7194 6881 6882
f 7131 6583 6333
f 6798 6913 6674
f 7179 8204 7236
f 7183 7246 7242
f 7188 7242 7241
f 6109 7192 6882
f 7204 6176 6175
f 7219 6628 6627
f 7218 7248 6628
f 7179 6627 7176
f 7250 6704 6703
f 7228 7249 7248
f 6678 7249 6679
f 5997 7251 5998
f 8168 6644 6643
f 8167 6732 6644
f 8169 6733 6732
f 8170 8331 6733
f 8336 8173 8172
f 8182 8175 8174
f 8182 8176 8181
f 8181 8177 8180
f 8180 8179 7136
f 7133 6590 6913
f 7130 8194 6011
f 8200 6632 7177
f 7178 8205 8204
f 8269 6153 8216
f 8254 8252 8251
f 8260 6101 8277
f 8179 6802 7136
f 8263 6038 6802
f 8264 6039 6038
f 8265 6130 6039
f 8266 6157 6130
f 8267 6158 6157
f 8268 8217 6158
f 8270 6816 8217
f 6813 8273 7190
f 8273 8247 7190
f 8276 8277 8248
f 7192 8250 7193
f 8252 8259 8249
f 8276 8250 8249
f 7204 7177 7176
f 7182 8315 7246
f 8343 8334 8333
f 8333 8342 8343
f 8343 6800 6065
f 8340 6064 5995
f 6323 8350 6322
f 8168 8348 8165
f 8349 5936 8350
f 8352 5938 8348
f 6103 7167 6100
f 8271 8216 6881
f 8201 7241 8205
f 8274 8271 7194
f 5991 6017 5988
f 8728 6017 6016
f 5997 6680 6679
f 5996 6045 6680
f 6033 6042 6045
f 6042 8175 8172
f 8172 8338 8336
f 8336 8337 8333
f 6684 6677 6681
f 6681 6044 6019
f 6019 6043 6016
f 6016 8173 8728
f 8728 8335 8332
f 8332 8334 8329
f 8194 8160 8727
f 6805 6009 8158
f 5940 7137 6719
f 8324 5942 8325
f 8325 5495 8225
f 6253 4292 6250
f 7137 5944 6715
f 8348 5937 8349
f 8350 5530 8131
f 5624 6159 5489
f 6718 5940 6719
f 8327 5490 6162
f 8347 5939 8352
f 5933 6121 6120
f 8184 5946 8347
f 7142 5615 8370
f 6145 5945 8327
f 8234 5943 6253
f 8328 5488 6144
f 8318 5948 8328
f 7139 4299 7140
f 8418 5947 8234
f 5604 6599 5605
f 5949 6712 6716
f 5944 6716 6715
f 6720 5950 6255
f 6255 4322 6256
f 5614 6235 6234
f 6711 5951 8161
f 8161 3857 6593
f 5973 2965 3013
f 2965 5963 222
f 222 5960 223
f 223 5958 3186
f 5958 3185 3186
f 5957 2977 3185
f 5970 1213 2977
f 5967 1214 1213
f 2532 5966 5953
f 2894 5953 5952
f 2871 5952 8344
f 5510 5721 5509
f 5822 5824 5823
f 3511 3844 3735
f 3887 3889 3888
f 3876 3878 3877
f 3356 3911 3909
f 3372 3390 3391
f 3849 3851 3850
f 3481 3867 3866
f 3873 3385 3382
f 3875 3450 3452
f 3915 3865 3862
f 3657 3671 3656
f 5618 3013 2152
f 1997 1889 1892
f 1237 744 855
f 1535 120 121
f 1531 201 214
f 1119 1032 984
f 946 824 947
f 163 5 162
f 9041 9175 9193
f 1155 1162 1164
f 427 327 424
f 553 796 498
f 8732 2231 2237
f 8732 2230 2232
f 2237 3180 8732
f 8734 8736 8733
f 8735 8738 8736
f 8737 8740 8738
f 8739 8742 8740
f 8743 8745 8746
f 8746 8747 8748
f 8749 8748 8747
f 8751 8750 8749
f 8754 8756 8753
f 8757 8755 8754
f 8759 8758 8757
f 8761 8760 8759
f 8763 8762 8761
f 8766 8749 8765
f 8765 8747 8767
f 8767 8745 8768
f 8768 8744 8769
f 8744 8771 8769
f 8770 8772 8771
f 8741 8773 8772
f 8739 8774 8773
f 8737 8775 8774
f 8735 8776 8775
f 8776 8777 3184
f 2904 8779 2947
f 8780 2904 2902
f 8781 2902 2876
f 2875 8781 2876
f 8783 2733 2736
f 2825 8786 2824
f 8788 8790 8787
f 8792 8787 8791
f 2724 8785 2825
f 8787 3115 3117
f 8791 3117 3119
f 8794 8765 8793
f 8793 8767 8795
f 8795 8768 8796
f 8796 8769 8797
f 8797 8771 8798
f 8771 8799 8798
f 8772 8800 8799
f 8773 8801 8800
f 8774 8802 8801
f 8775 8803 8802
f 8776 3056 8803
f 8802 2253 2252
f 8801 2252 1727
f 8800 1727 2150
f 8799 2150 1941
f 8804 8799 1941
f 8805 8798 8804
f 8806 8797 8805
f 8807 8796 8806
f 8793 8807 8808
f 8794 8808 8809
f 8810 8809 8808
f 8808 8806 8810
f 8810 8805 8812
f 8813 8810 8812
f 8812 8804 8814
f 8815 8812 8814
f 8814 1941 1360
f 8755 8752 8756
f 8758 8750 8755
f 8760 8748 8758
f 8762 8746 8760
f 8816 8764 8763
f 8818 8820 8817
f 8816 8782 8784
f 8821 8817 8816
f 8789 8783 8786
f 8818 8789 8788
f 8819 8788 8792
f 8822 8819 8823
f 8823 8792 8824
f 8824 8791 2712
f 2712 3119 3128
f 8826 8823 8825
f 8825 8824 8827
f 8827 2712 2711
f 8828 2711 2400
f 8829 8827 8828
f 8830 8825 8829
f 8743 8764 8831
f 8817 8831 8764
f 8770 8743 8831
f 8741 8831 8742
f 8820 8742 8831
f 8740 8822 8826
f 8738 8826 8830
f 8736 8830 8832
f 8833 2400 2402
f 8834 8828 8833
f 8832 8829 8834
f 8835 2402 2707
f 3058 2707 2708
f 3061 8835 3058
f 8836 8833 8835
f 8733 8832 8837
f 8837 8834 8836
f 8777 8733 8838
f 8838 8837 1962
f 8837 3061 1962
f 1961 8838 1962
f 3057 8777 8838
f 8779 8753 8839
f 8778 8754 8779
f 8780 8757 8778
f 8781 8759 8780
f 8782 8761 8781
f 8821 8784 8783
f 8785 8789 8786
f 2723 8790 8785
f 2875 8784 8782
f 2736 8786 8783
f 2947 8839 8944
f 8815 1360 8941
f 1900 1924 1901
f 1736 1718 1750
f 1955 1943 1956
f 1671 1735 1751
f 1696 1698 1692
f 1800 1864 1801
f 2063 2056 2060
f 1737 1717 1736
f 1751 1697 1695
f 943 9351 684
f 9108 8753 9057
f 1577 1764 1703
f 9369 1599 9375
f 1945 82 1944
f 68 7 248
f 147 1543 148
f 1109 1133 1102
f 1503 1907 1908
f 1499 1909 1498
f 452 735 215
f 1824 9287 9297
f 1825 2068 1824
f 1463 1022 1194
f 841 1009 1011
f 1568 1955 1534
f 1926 1927 1923
f 1910 1502 1939
f 1939 422 442
f 309 1940 308
f 1804 1866 1803
f 269 1954 56
f 2065 2060 2056
f 9264 1758 9287
f 280 552 1940
f 1875 1869 1874
f 1739 1734 1737
f 5923 5899 5924
f 1778 1790 1788
f 310 1915 279
f 1909 1906 1954
f 1789 1778 1788
f 978 980 979
f 1584 1731 1583
f 425 311 312
f 148 115 116
f 2044 9346 2046
f 277 1939 551
f 1943 1945 1944
f 1461 1463 1464
f 2253 3056 3055
f 2981 8927 958
f 2209 8927 3055
f 2254 3055 8927
f 2998 958 8927
f 2826 2721 2724
f 8928 2721 2817
f 2816 8928 2817
f 2334 2296 2335
f 2298 2334 2336
f 2301 2336 2338
f 2311 2338 2354
f 2312 2354 2355
f 2359 2361 2360
f 2335 2359 2360
f 2414 2365 2364
f 2413 2361 2365
f 2355 2540 2541
f 2541 2539 2542
f 2722 2739 2738
f 3114 2738 3113
f 3110 3121 3120
f 3108 3120 3113
f 3122 3127 3126
f 3112 3126 3121
f 3127 1753 3135
f 3139 2529 2542
f 9196 3133 3139
f 8928 2740 2739
f 8929 2789 8928
f 228 91 88
f 245 243 242
f 248 247 191
f 2 296 295
f 145 300 267
f 327 210 328
f 329 331 330
f 250 228 236
f 239 240 230
f 373 375 374
f 178 176 175
f 1218 1228 1321
f 9314 1295 9306
f 808 824 823
f 9310 1013 1014
f 9265 1411 1413
f 2154 2159 2160
f 9297 1758 1757
f 306 1922 452
f 2157 1976 1977
f 708 2031 1474
f 1450 1227 1428
f 1672 1605 1624
f 1813 1821 1816
f 1717 1715 1718
f 176 402 347
f 1710 9368 9367
f 1712 1577 1711
f 1705 1711 1704
f 3435 3475 3434
f 971 979 970
f 822 1094 1102
f 2909 2793 2792
f 2810 2795 2793
f 2799 2249 2800
f 9114 2910 2799
f 2769 2801 2795
f 3177 3178 3179
f 3178 3180 3179
f 3181 1393 2800
f 3181 1632 3182
f 3182 2244 3183
f 3183 2243 3180
f 8932 2790 8929
f 2808 8929 2816
f 2239 9016 2240
f 1149 9015 9014
f 1150 9011 9015
f 2202 9010 2015
f 2921 9009 2923
f 9012 2133 2928
f 1777 1759 1792
f 1201 1183 1184
f 9005 2195 2194
f 8997 2770 2768
f 9379 1687 1692
f 1516 154 503
f 8993 2974 2803
f 8994 2779 2778
f 2771 9019 8990
f 3070 8990 9002
f 8991 2775 2867
f 1376 1370 1372
f 2767 9000 2206
f 2195 8987 2767
f 2775 8986 2776
f 8344 8989 2871
f 9256 8983 2806
f 2776 8982 2805
f 2240 8979 2920
f 2920 9121 9071
f 8992 2786 2779
f 1805 1851 1804
f 8978 2787 2786
f 2951 8984 8975
f 2772 8975 9019
f 2973 8974 8980
f 2224 8981 8974
f 1957 320 510
f 306 304 303
f 2770 8972 2913
f 2913 9018 2239
f 2923 8971 2922
f 308 431 47
f 207 132 543
f 1879 1881 1880
f 9185 8969 2089
f 2475 9002 8968
f 2476 8968 8967
f 2223 8967 8981
f 8966 2803 2802
f 2037 11 1950
f 1959 450 505
f 2003 8964 2129
f 9 334 540
f 2009 8962 9011
f 2008 8980 8962
f 9329 673 9331
f 8959 2778 2784
f 2935 8957 2936
f 111 9014 8955
f 3238 3341 3237
f 8954 2935 2938
f 683 9337 943
f 8952 2810 2909
f 736 732 729
f 1795 1803 1796
f 8949 2938 2939
f 8951 2939 2940
f 2950 8948 2949
f 2940 8948 8951
f 9253 8956 2950
f 2868 8946 2869
f 2869 8966 2802
f 1024 1023 1020
f 8944 2948 2947
f 551 442 443
f 2972 9012 2928
f 2032 8943 2972
f 216 1924 1923
f 3532 3482 3533
f 203 201 200
f 3539 3541 3540
f 1828 1847 1837
f 1958 449 450
f 272 178 175
f 2871 8939 1361
f 9071 9008 2921
f 2801 9095 9114
f 2005 9106 2176
f 960 899 962
f 9109 9064 9076
f 9232 9098 3151
f 3151 9045 2555
f 2193 9075 2194
f 9059 3145 3144
f 9055 2761 3145
f 9044 3144 3104
f 2926 9086 3103
f 9086 3104 3103
f 9207 9198 9205
f 566 9210 2005
f 8839 1864 8944
f 1602 2079 2078
f 2868 9063 2922
f 2922 9062 2923
f 2923 9070 2921
f 9122 2918 9066
f 9071 9066 2920
f 2921 9122 9071
f 2920 9038 2240
f 9065 2915 2918
f 2917 9074 9093
f 2916 9093 9094
f 2239 9104 2913
f 2911 9104 2757
f 9095 2911 2910
f 2797 9114 9043
f 2797 9050 2750
f 9074 2763 2765
f 9060 2764 2745
f 2194 9100 2221
f 2221 9101 2222
f 2756 9061 2755
f 2750 9061 2747
f 9121 1817 9279
f 9215 1691 1699
f 2515 9042 2548
f 2548 9045 2550
f 2513 9084 9068
f 2513 9073 2515
f 2509 9072 2289
f 2510 9085 2509
f 2289 9091 2283
f 2283 9069 2286
f 2240 9039 2239
f 9111 9076 9078
f 716 9339 9340
f 727 9213 1923
f 2165 2170 2164
f 9112 9078 9081
f 9195 9030 9209
f 2175 769 770
f 2100 2095 2099
f 9210 9209 9030
f 640 9012 1826
f 1653 8997 1651
f 1895 8974 746
f 746 8981 741
f 1653 8972 9020
f 9214 1604 1672
f 2093 2073 2078
f 959 995 884
f 962 919 986
f 1400 1398 1399
f 1000 1127 1004
f 956 884 885
f 1662 8994 1661
f 2034 8990 1654
f 9378 8983 9254
f 8979 766 1817
f 9016 765 766
f 334 9015 335
f 1868 8984 1656
f 1684 1652 1678
f 1682 775 1807
f 1585 9214 1700
f 9215 1672 1673
f 2173 490 491
f 1658 8991 1752
f 9000 1650 724
f 1571 2010 1572
f 1587 9123 2080
f 2099 2077 2094
f 787 1999 786
f 2000 786 1999
f 3155 9149 9135
f 9165 9135 9241
f 2180 9137 9136
f 8940 9136 9157
f 1684 9292 1651
f 1760 8939 8989
f 2607 9145 2590
f 2581 9141 2607
f 2371 9152 9147
f 2371 9145 2372
f 2587 9127 2586
f 2586 9149 339
f 2497 9139 2503
f 2502 9139 9152
f 2494 9142 2495
f 9142 2472 2495
f 9140 2468 2472
f 9153 2469 2468
f 726 9344 630
f 581 8962 580
f 10 9014 334
f 1837 8954 1849
f 741 8967 1300
f 1299 9002 2034
f 1851 8948 1866
f 8971 1820 1819
f 580 8980 1895
f 1758 8966 8946
f 1693 8952 1806
f 8948 1867 1866
f 1894 9012 8943
f 2126 9265 9293
f 9358 9293 9364
f 2113 9319 2110
f 2179 9241 9137
f 624 9356 623
f 2192 9240 9232
f 2177 9239 9185
f 1364 9285 1338
f 9310 1470 1453
f 3135 9227 9196
f 2069 9287 2068
f 1351 9305 1352
f 2108 9353 499
f 2089 9188 9185
f 9280 1358 866
f 2001 9235 2187
f 2187 9171 2091
f 2130 9204 2004
f 2004 9201 2001
f 2014 9231 2201
f 2201 9208 2130
f 3167 9211 2969
f 3168 9172 3167
f 3159 9216 3160
f 3160 9217 3081
f 9182 3158 337
f 3158 9161 3159
f 2200 9182 9174
f 9137 9194 2204
f 9174 2197 2200
f 9242 2092 9173
f 9226 9173 2197
f 3154 9242 9226
f 3155 9158 3154
f 2091 9173 2092
f 2196 9202 9228
f 2193 9228 9233
f 9056 9233 9240
f 2086 9232 9230
f 2087 9230 9229
f 2204 9203 2205
f 2205 9202 3148
f 9361 574 692
f 2124 9229 9212
f 2208 9212 9234
f 9163 3140 3137
f 9237 3138 3140
f 9197 3139 3138
f 9223 3136 2322
f 9164 3137 3136
f 9227 3131 3133
f 9219 3132 3131
f 1813 9290 1814
f 1293 9308 1344
f 2184 9200 9184
f 2181 9184 9186
f 9217 3079 3081
f 9220 3080 3079
f 709 9327 2031
f 2774 9189 9221
f 9238 2134 9003
f 9261 766 765
f 2968 9218 2959
f 2969 9236 2968
f 2958 9189 2961
f 2132 9218 2960
f 2321 9223 9200
f 9312 1449 28
f 9357 582 710
f 9338 577 574
f 9299 1818 9279
f 705 9339 2121
f 9268 9359 698
f 2111 9363 2113
f 9262 1366 1411
f 1812 9274 1815
f 675 9304 674
f 8940 9303 675
f 2110 9320 2109
f 2104 9353 2106
f 2109 9351 944
f 9294 703 739
f 1680 9298 1684
f 1639 9271 9270
f 623 9358 697
f 2139 9318 9317
f 1808 9296 9289
f 9272 1819 1820
f 9324 9352 706
f 1646 9282 1648
f 9341 633 577
f 2139 9327 18
f 2156 9323 9326
f 674 9365 9321
f 2117 9264 2069
f 1815 9299 9275
f 9307 1444 1470
f 697 9364 9268
f 866 9288 9280
f 9316 2136 2135
f 9037 9178 9041
f 9035 9183 9037
f 9205 9190 9191
f 9192 9033 9195
f 1088 9198 1093
f 9191 9195 9205
f 2791 8933 2792
f 8932 2807 8933
f 2792 8934 2909
f 8933 2806 8934
f 8952 8934 8960
f 8960 2806 8983
f 2948 9243 9253
f 2105 9348 2104
f 8982 9256 2805
f 680 9328 683
f 1891 9362 9343
f 2905 9253 2950
f 2900 9251 2905
f 2901 9259 2877
f 2734 9258 9246
f 2877 9258 2878
f 2820 9246 2872
f 2818 9244 2827
f 2823 9244 2826
f 2822 9250 2821
f 2819 9252 9250
f 2817 9247 2816
f 2809 9247 2815
f 2808 9255 2807
f 2805 9255 2804
f 1702 9375 1599
f 9374 1797 1802
f 9367 1706 1709
f 9370 1692 1698
f 1657 9332 1879
f 1890 9347 9362
f 9224 1674 1675
f 1689 9224 9225
f 9378 8982 1688
f 8960 1689 9225
f 9369 1703 1764
f 1598 9380 1770
f 9332 1876 1879
f 1691 9377 9379
f 9377 1688 1687
f 1117 1118 9382
f 1066 1322 9382
f 1243 847 9382
f 9277 848 9382
f 1128 1117 9382
f 1129 1130 9382
f 841 1011 9382
f 1230 9315 9382
f 1242 1243 9382
f 1322 1229 9382
f 1064 1065 9382
f 1003 1128 9382
f 1229 1230 9382
f 9315 1285 9382
f 1285 1288 9382
f 848 839 9382
f 847 9277 9382
f 1118 1129 9382
f 1065 1066 9382
f 1087 1086 9382
f 1008 1002 9382
f 1011 1008 9382
f 1002 1003 9382
f 1076 1069 9382
f 838 841 9382
f 839 838 9382
f 1288 1242 9382
f 1130 1087 9382
f 1086 1076 9382
f 1069 1064 9382
f 2410 2414 9383
f 2411 2410 9383
f 9069 2285 9383
f 2394 2393 9383
f 2393 2396 9383
f 2281 2286 9383
f 2282 2280 9383
f 2398 2399 9383
f 2465 2464 9383
f 2396 2397 9383
f 2470 2469 9383
f 2399 2416 9383
f 2480 2395 9383
f 2459 2480 9383
f 2369 2282 9383
f 2460 2459 9383
f 2415 2411 9383
f 2416 2415 9383
f 2364 2363 9383
f 2286 9069 9383
f 2464 2470 9383
f 2469 9155 9383
f 2285 2465 9383
f 2414 2364 9383
f 2395 2394 9383
f 2363 2367 9383
f 2397 2398 9383
f 2280 2281 9383
f 9155 2460 9383
f 2367 2369 9383
f 9386 9389 9390
f 9386 9391 9387
f 9384 9389 9385
f 9390 9395 9391
f 9389 9392 9393
f 9389 9394 9390
f 9394 9399 9395
f 9393 9396 9397
f 9394 9397 9398
f 9399 9402 9403
f 9396 9401 9397
f 9397 9402 9398
f 9402 9407 9403
f 9401 9404 9405
f 9402 9405 9406
f 9407 9410 9411
f 9405 9408 9409
f 9405 9410 9406
f 9411 9414 9415
f 9409 9412 9413
f 9410 9413 9414
f 9414 9419 9415
f 9412 9417 9413
f 9413 9418 9414
f 9418 9423 9419
f 9417 9420 9421
f 9418 9421 9422
f 9422 9427 9423
f 9420 9425 9421
f 9421 9426 9422
f 9426 9431 9427
f 9425 9428 9429
f 9426 9429 9430
f 9431 9434 9435
f 9428 9433 9429
f 9429 9434 9430
f 9434 9439 9435
f 9433 9436 9437
f 9434 9437 9438
f 9439 9442 9443
f 9436 9441 9437
f 9437 9442 9438
f 9443 9446 9447
f 9441 9444 9445
f 9442 9445 9446
f 9447 9450 9451
f 9444 9449 9445
f 9445 9450 9446
f 9450 9455 9451
f 9449 9452 9453
f 9450 9453 9454
f 9454 9459 9455
f 9452 9457 9453
f 9453 9458 9454
f 9458 9463 9459
f 9457 9460 9461
f 9458 9461 9462
f 9463 9466 9467
f 9460 9465 9461
f 9461 9466 9462
f 9466 9471 9467
f 9465 9468 9469
f 9466 9469 9470
f 9471 9474 9475
f 9468 9473 9469
f 9469 9474 9470
f 9475 9478 9479
f 9473 9476 9477
f 9474 9477 9478
f 9479 9482 9483
f 9476 9481 9477
f 9477 9482 9478
f 9483 9486 9487
f 9481 9484 9485
f 9482 9485 9486
f 9486 9491 9487
f 9484 9489 9485
f 9485 9490 9486
f 9490 9495 9491
f 9489 9492 9493
f 9490 9493 9494
f 9495 9498 9499
f 9492 9497 9493
f 9493 9498 9494
f 9498 9503 9499
f 9497 9500 9501
f 9498 9501 9502
f 9503 9507 9508
f 9500 9506 9501
f 9501 9507 9502
f 9508 9511 9512
f 9505 9510 9506
f 9507 9510 9511
f 9384 9504 9388
f 9388 9504 9392
f 9392 9504 9396
f 9396 9504 9400
f 9400 9504 9404
f 9404 9504 9408
f 9408 9504 9412
f 9412 9504 9416
f 9416 9504 9420
f 9420 9504 9424
f 9424 9504 9428
f 9428 9504 9432
f 9432 9504 9436
f 9436 9504 9440
f 9440 9504 9444
f 9444 9504 9448
f 9448 9504 9452
f 9452 9504 9456
f 9456 9504 9460
f 9460 9504 9464
f 9464 9504 9468
f 9468 9504 9472
f 9472 9504 9476
f 9476 9504 9480
f 9480 9504 9484
f 9484 9504 9488
f 9488 9504 9492
f 9492 9504 9496
f 9496 9504 9500
f 9500 9504 9505
f 9505 9504 9509
f 9512 9386 9387
f 9510 9384 9385
f 9510 9386 9511
f 9509 9504 9384
f 9521 9533 9534
f 9518 9532 9519
f 9517 9529 9530
f 9515 9527 9528
f 9523 9537 9524
f 9521 9535 9522
f 9519 9533 9520
f 9518 9530 9531
f 9515 9529 9516
f 9513 9527 9514
f 9524 9538 9525
f 9523 9535 9536
f 9528 9542 9529
f 9526 9540 9527
f 9538 9550 9551
f 9535 9549 9536
f 9534 9546 9547
f 9531 9545 9532
f 9530 9542 9543
f 9528 9540 9541
f 9537 9549 9550
f 9534 9548 9535
f 9532 9546 9533
f 9531 9543 9544
f 9541 9555 9542
f 9540 9552 9553
f 9550 9564 9551
f 9548 9562 9549
f 9547 9559 9560
f 9544 9558 9545
f 9542 9556 9543
f 9541 9553 9554
f 9549 9563 9550
f 9547 9561 9548
f 9546 9558 9559
f 9544 9556 9557
f 9555 9567 9568
f 9552 9566 9553
f 9564 9576 9577
f 9562 9574 9575
f 9559 9573 9560
f 9557 9571 9558
f 9555 9569 9556
f 9553 9567 9554
f 9562 9576 9563
f 9561 9573 9574
f 9559 9571 9572
f 9557 9569 9570
f 9567 9581 9568
f 9566 9578 9579
f 9576 9590 9577
f 9575 9587 9588
f 9572 9586 9573
f 9571 9583 9584
f 9569 9581 9582
f 9566 9580 9567
f 9576 9588 9589
f 9574 9586 9587
f 9571 9585 9572
f 9569 9583 9570
f 9581 9593 9594
f 9578 9592 9579
f 9590 9602 9603
f 9588 9600 9601
f 9585 9599 9586
f 9583 9597 9584
f 9582 9594 9595
f 9579 9593 9580
f 9589 9601 9602
f 9587 9599 9600
f 9584 9598 9585
f 9583 9595 9596
f 9594 9606 9607
f 9592 9604 9605
f 9602 9616 9603
f 9601 9613 9614
f 9598 9612 9599
f 9596 9610 9597
f 9594 9608 9595
f 9592 9606 9593
f 9601 9615 9602
f 9600 9612 9613
f 9598 9610 9611
f 9596 9608 9609
f 9607 9619 9620
f 9605 9617 9618
f 9615 9629 9616
f 9613 9627 9614
f 9611 9625 9612
f 9610 9622 9623
f 9607 9621 9608
f 9605 9619 9606
f 9615 9627 9628
f 9613 9625 9626
f 9611 9623 9624
f 9608 9622 9609
f 9619 9633 9620
f 9617 9631 9618
f 9628 9642 9629
f 9627 9639 9640
f 9625 9637 9638
f 9622 9636 9623
f 9621 9633 9634
f 9619 9631 9632
f 9627 9641 9628
f 9625 9639 9626
f 9623 9637 9624
f 9622 9634 9635
f 9632 9646 9633
f 9630 9644 9631
f 9642 9654 9655
f 9639 9653 9640
f 9638 9650 9651
f 9635 9649 9636
f 9634 9646 9647
f 9632 9644 9645
f 9641 9653 9654
f 9638 9652 9639
f 9636 9650 9637
f 9635 9647 9648
f 9645 9659 9646
f 9644 9656 9657
f 9654 9668 9655
f 9652 9666 9653
f 9651 9663 9664
f 9648 9662 9649
f 9646 9660 9647
f 9645 9657 9658
f 9653 9667 9654
f 9651 9665 9652
f 9650 9662 9663
f 9648 9660 9661
f 9659 9671 9672
f 9656 9670 9657
f 9668 9680 9681
f 9665 9679 9666
f 9663 9677 9664
f 9661 9675 9662
f 9659 9673 9660
f 9657 9671 9658
f 9666 9680 9667
f 9665 9677 9678
f 9663 9675 9676
f 9661 9673 9674
f 9671 9685 9672
f 9670 9682 9683
f 9680 9694 9681
f 9678 9692 9679
f 9677 9689 9690
f 9675 9687 9688
f 9673 9685 9686
f 9670 9684 9671
f 9680 9692 9693
f 9678 9690 9691
f 9675 9689 9676
f 9673 9687 9674
f 9685 9697 9698
f 9682 9696 9683
f 9694 9706 9707
f 9692 9704 9705
f 9689 9703 9690
f 9687 9701 9688
f 9686 9698 9699
f 9683 9697 9684
f 9693 9705 9706
f 9691 9703 9704
f 9688 9702 9689
f 9687 9699 9700
f 9698 9710 9711
f 9696 9708 9709
f 9706 9720 9707
f 9705 9717 9718
f 9702 9716 9703
f 9700 9714 9701
f 9698 9712 9699
f 9696 9710 9697
f 9705 9719 9706
f 9704 9716 9717
f 9702 9714 9715
f 9700 9712 9713
f 9711 9723 9724
f 9709 9721 9722
f 9719 9733 9720
f 9717 9731 9718
f 9715 9729 9716
f 9714 9726 9727
f 9711 9725 9712
f 9709 9723 9710
f 9718 9732 9719
f 9717 9729 9730
f 9715 9727 9728
f 9712 9726 9713
f 9723 9737 9724
f 9721 9735 9722
f 9733 9745 9746
f 9731 9743 9744
f 9729 9741 9742
f 9726 9740 9727
f 9725 9737 9738
f 9723 9735 9736
f 9732 9744 9745
f 9729 9743 9730
f 9727 9741 9728
f 9726 9738 9739
f 9736 9750 9737
f 9734 9748 9735
f 9746 9758 9759
f 9743 9757 9744
f 9742 9754 9755
f 9739 9753 9740
f 9738 9750 9751
f 9736 9748 9749
f 9745 9757 9758
f 9742 9756 9743
f 9740 9754 9741
f 9739 9751 9752
f 9749 9763 9750
f 9748 9760 9761
f 9758 9772 9759
f 9756 9770 9757
f 9755 9767 9768
f 9752 9766 9753
f 9750 9764 9751
f 9749 9761 9762
f 9757 9771 9758
f 9756 9768 9769
f 9754 9766 9767
f 9752 9764 9765
f 9762 9776 9763
f 9760 9774 9761
f 9772 9784 9785
f 9770 9782 9783
f 9768 9780 9781
f 9765 9779 9766
f 9763 9777 9764
f 9762 9774 9775
f 9770 9784 9771
f 9768 9782 9769
f 9767 9779 9780
f 9764 9778 9765
f 9775 9789 9776
f 9774 9786 9787
f 9784 9798 9785
f 9782 9796 9783
f 9781 9793 9794
f 9779 9791 9792
f 9777 9789 9790
f 9774 9788 9775
f 9784 9796 9797
f 9782 9794 9795
f 9779 9793 9780
f 9777 9791 9778
f 9789 9802 9803
f 9786 9801 9787
f 9798 9811 9812
f 9796 9809 9810
f 9793 9808 9794
f 9792 9805 9806
f 9790 9803 9804
f 9787 9802 9788
f 9797 9810 9811
f 9795 9808 9809
f 9792 9807 9793
f 9790 9805 9791
f 9803 9815 9816
f 9801 9813 9814
f 9811 9825 9812
f 9810 9822 9823
f 9807 9821 9808
f 9806 9818 9819
f 9803 9817 9804
f 9801 9815 9802
f 9810 9824 9811
f 9809 9821 9822
f 9807 9819 9820
f 9804 9818 9805
f 9816 9828 9829
f 9814 9826 9827
f 9825 9837 9838
f 9822 9836 9823
f 9820 9834 9821
f 9819 9831 9832
f 9816 9830 9817
f 9814 9828 9815
f 9824 9836 9837
f 9822 9834 9835
f 9820 9832 9833
f 9817 9831 9818
f 9828 9842 9829
f 9826 9840 9827
f 9837 9851 9838
f 9836 9848 9849
f 9834 9846 9847
f 9831 9845 9832
f 9830 9842 9843
f 9828 9840 9841
f 9836 9850 9837
f 9834 9848 9835
f 9832 9846 9833
f 9831 9843 9844
f 9841 9855 9842
f 9839 9853 9840
f 9851 9863 9864
f 9848 9862 9849
f 9847 9859 9860
f 9845 9857 9858
f 9843 9855 9856
f 9841 9853 9854
f 9850 9862 9863
f 9847 9861 9848
f 9845 9859 9846
f 9843 9857 9844
f 9854 9868 9855
f 9853 9865 9866
f 9863 9877 9864
f 9861 9875 9862
f 9860 9872 9873
f 9858 9870 9871
f 9855 9869 9856
f 9854 9866 9867
f 9862 9876 9863
f 9860 9874 9861
f 9859 9871 9872
f 9856 9870 9857
f 9868 9880 9881
f 9865 9879 9866
f 9877 9889 9890
f 9875 9887 9888
f 9873 9885 9886
f 9870 9884 9871
f 9868 9882 9869
f 9867 9879 9880
f 9875 9889 9876
f 9873 9887 9874
f 9872 9884 9885
f 9870 9882 9883
f 9880 9894 9881
f 9878 9892 9879
f 9889 9903 9890
f 9887 9901 9888
f 9886 9898 9899
f 9884 9896 9897
f 9882 9894 9895
f 9879 9893 9880
f 9889 9901 9902
f 9887 9899 9900
f 9884 9898 9885
f 9882 9896 9883
f 9894 9906 9907
f 9891 9905 9892
f 9903 9915 9916
f 9901 9913 9914
f 9898 9912 9899
f 9896 9910 9897
f 9895 9907 9908
f 9892 9906 9893
f 9902 9914 9915
f 9899 9913 9900
f 9897 9911 9898
f 9896 9908 9909
f 9907 9919 9920
f 9905 9917 9918
f 9915 9929 9916
f 9914 9926 9927
f 9911 9925 9912
f 9909 9923 9910
f 9907 9921 9908
f 9905 9919 9906
f 9914 9928 9915
f 9913 9925 9926
f 9911 9923 9924
f 9909 9921 9922
f 9799 9525 9538
f 9799 9538 9551
f 9799 9551 9564
f 9799 9564 9577
f 9799 9577 9590
f 9799 9590 9603
f 9799 9603 9616
f 9799 9616 9629
f 9799 9629 9642
f 9799 9642 9655
f 9799 9655 9668
f 9799 9668 9681
f 9799 9681 9694
f 9799 9694 9707
f 9799 9707 9720
f 9799 9720 9733
f 9799 9733 9746
f 9799 9746 9759
f 9799 9759 9772
f 9799 9772 9785
f 9799 9785 9798
f 9799 9798 9812
f 9799 9812 9825
f 9799 9825 9838
f 9799 9838 9851
f 9799 9851 9864
f 9799 9864 9877
f 9799 9877 9890
f 9799 9890 9903
f 9799 9903 9916
f 9799 9916 9929
f 9920 9515 9516
f 9918 9513 9514
f 9929 9524 9525
f 9926 9523 9927
f 9924 9521 9925
f 9923 9518 9519
f 9920 9517 9921
f 9918 9515 9919
f 9799 9929 9525
f 9928 9523 9524
f 9926 9521 9522
f 9924 9519 9520
f 9921 9518 9922
f 9387 9917 9512
f 9917 9508 9512
f 9904 9503 9508
f 9891 9499 9503
f 9499 9865 9495
f 9495 9852 9491
f 9491 9839 9487
f 9839 9483 9487
f 9483 9813 9479
f 9813 9475 9479
f 9800 9471 9475
f 9786 9467 9471
f 9467 9760 9463
f 9463 9747 9459
f 9459 9734 9455
f 9734 9451 9455
f 9451 9708 9447
f 9708 9443 9447
f 9695 9439 9443
f 9682 9435 9439
f 9435 9656 9431
f 9431 9643 9427
f 9427 9630 9423
f 9630 9419 9423
f 9419 9604 9415
f 9604 9411 9415
f 9591 9407 9411
f 9578 9403 9407
f 9403 9552 9399
f 9399 9539 9395
f 9395 9526 9391
f 9526 9387 9391
f 9932 9935 9936
f 9932 9937 9933
f 9931 9934 9935
f 9936 9941 9937
f 9934 9939 9935
f 9935 9940 9936
f 9940 9945 9941
f 9939 9942 9943
f 9940 9943 9944
f 9945 9948 9949
f 9942 9947 9943
f 9943 9948 9944
f 9948 9953 9949
f 9947 9950 9951
f 9948 9951 9952
f 9953 9956 9957
f 9950 9955 9951
f 9951 9956 9952
f 9957 9960 9961
f 9955 9958 9959
f 9956 9959 9960
f 9961 9964 9965
f 9958 9963 9959
f 9959 9964 9960
f 9965 9968 9969
f 9963 9966 9967
f 9964 9967 9968
f 9968 9973 9969
f 9966 9971 9967
f 9967 9972 9968
f 9972 9977 9973
f 9970 9975 9971
f 9972 9975 9976
f 9977 9980 9981
f 9974 9979 9975
f 9975 9980 9976
f 9980 9985 9981
f 9979 9982 9983
f 9980 9983 9984
f 9985 9988 9989
f 9982 9987 9983
f 9983 9988 9984
f 9989 9992 9993
f 9986 9991 9987
f 9988 9991 9992
f 9993 9996 9997
f 9991 9994 9995
f 9991 9996 9992
f 9996 10001 9997
f 9994 9999 9995
f 9996 9999 10000
f 10000 10005 10001
f 9999 10002 10003
f 9999 10004 10000
f 10004 10009 10005
f 10003 10006 10007
f 10004 10007 10008
f 10009 10012 10013
f 10006 10011 10007
f 10007 10012 10008
f 10012 10017 10013
f 10011 10014 10015
f 10012 10015 10016
f 10017 10020 10021
f 10014 10019 10015
f 10015 10020 10016
f 10021 10024 10025
f 10019 10022 10023
f 10020 10023 10024
f 10024 10029 10025
f 10022 10027 10023
f 10023 10028 10024
f 10028 10033 10029
f 10027 10030 10031
f 10028 10031 10032
f 10032 10037 10033
f 10030 10035 10031
f 10031 10036 10032
f 10036 10041 10037
f 10035 10038 10039
f 10036 10039 10040
f 10041 10044 10045
f 10038 10043 10039
f 10039 10044 10040
f 10044 10049 10045
f 10043 10046 10047
f 10044 10047 10048
f 10049 10053 10054
f 10046 10052 10047
f 10047 10053 10048
f 10054 10057 10058
f 10052 10055 10056
f 10053 10056 10057
f 9930 10050 9934
f 9934 10050 9938
f 9938 10050 9942
f 9942 10050 9946
f 9946 10050 9950
f 9950 10050 9954
f 9954 10050 9958
f 9958 10050 9962
f 9962 10050 9966
f 9966 10050 9970
f 9970 10050 9974
f 9974 10050 9978
f 9978 10050 9982
f 9982 10050 9986
f 9986 10050 9990
f 9990 10050 9994
f 9994 10050 9998
f 9998 10050 10002
f 10002 10050 10006
f 10006 10050 10010
f 10010 10050 10014
f 10014 10050 10018
f 10018 10050 10022
f 10022 10050 10026
f 10026 10050 10030
f 10030 10050 10034
f 10034 10050 10038
f 10038 10050 10042
f 10042 10050 10046
f 10046 10050 10051
f 10051 10050 10055
f 10058 9932 9933
f 10055 9931 10056
f 10056 9932 10057
f 10055 10050 9930
f 10067 10079 10080
f 10064 10078 10065
f 10063 10075 10076
f 10061 10073 10074
f 10070 10082 10083
f 10067 10081 10068
f 10065 10079 10066
f 10064 10076 10077
f 10061 10075 10062
f 10059 10073 10060
f 10071 10083 10084
f 10069 10081 10082
f 10074 10088 10075
f 10072 10086 10073
f 10084 10096 10097
f 10081 10095 10082
f 10080 10092 10093
f 10078 10090 10091
f 10076 10088 10089
f 10074 10086 10087
f 10083 10095 10096
f 10080 10094 10081
f 10078 10092 10079
f 10076 10090 10077
f 10087 10101 10088
f 10086 10098 10099
f 10096 10110 10097
f 10094 10108 10095
f 10093 10105 10106
f 10091 10103 10104
f 10088 10102 10089
f 10087 10099 10100
f 10095 10109 10096
f 10094 10106 10107
f 10092 10104 10105
f 10089 10103 10090
f 10100 10114 10101
f 10098 10112 10099
f 10110 10122 10123
f 10108 10120 10121
f 10105 10119 10106
f 10103 10117 10104
f 10101 10115 10102
f 10100 10112 10113
f 10108 10122 10109
f 10106 10120 10107
f 10105 10117 10118
f 10103 10115 10116
f 10113 10127 10114
f 10112 10124 10125
f 10122 10136 10123
f 10120 10134 10121
f 10119 10131 10132
f 10117 10129 10130
f 10115 10127 10128
f 10113 10125 10126
f 10122 10134 10135
f 10119 10133 10120
f 10117 10131 10118
f 10115 10129 10116
f 10127 10139 10140
f 10124 10138 10125
f 10136 10148 10149
f 10134 10146 10147
f 10131 10145 10132
f 10130 10142 10143
f 10128 10140 10141
f 10125 10139 10126
f 10135 10147 10148
f 10133 10145 10146
f 10130 10144 10131
f 10128 10142 10129
f 10140 10152 10153
f 10138 10150 10151
f 10148 10162 10149
f 10147 10159 10160
f 10144 10158 10145
f 10143 10155 10156
f 10140 10154 10141
f 10138 10152 10139
f 10147 10161 10148
f 10146 10158 10159
f 10144 10156 10157
f 10141 10155 10142
f 10153 10165 10166
f 10151 10163 10164
f 10162 10174 10175
f 10159 10173 10160
f 10157 10171 10158
f 10156 10168 10169
f 10153 10167 10154
f 10151 10165 10152
f 10161 10173 10174
f 10159 10171 10172
f 10157 10169 10170
f 10154 10168 10155
f 10165 10179 10166
f 10163 10177 10164
f 10175 10187 10188
f 10173 10185 10186
f 10171 10183 10184
f 10168 10182 10169
f 10167 10179 10180
f 10165 10177 10178
f 10173 10187 10174
f 10171 10185 10172
f 10169 10183 10170
f 10168 10180 10181
f 10178 10192 10179
f 10176 10190 10177
f 10188 10200 10201
f 10185 10199 10186
f 10184 10196 10197
f 10182 10194 10195
f 10180 10192 10193
f 10178 10190 10191
f 10187 10199 10200
f 10184 10198 10185
f 10182 10196 10183
f 10180 10194 10181
f 10191 10205 10192
f 10190 10202 10203
f 10200 10214 10201
f 10198 10212 10199
f 10197 10209 10210
f 10195 10207 10208
f 10192 10206 10193
f 10191 10203 10204
f 10199 10213 10200
f 10197 10211 10198
f 10196 10208 10209
f 10193 10207 10194
f 10205 10217 10218
f 10202 10216 10203
f 10214 10226 10227
f 10211 10225 10212
f 10210 10222 10223
f 10207 10221 10208
f 10205 10219 10206
f 10204 10216 10217
f 10212 10226 10213
f 10210 10224 10211
f 10209 10221 10222
f 10207 10219 10220
f 10217 10231 10218
f 10216 10228 10229
f 10226 10240 10227
f 10224 10238 10225
f 10223 10235 10236
f 10221 10233 10234
f 10219 10231 10232
f 10217 10229 10230
f 10226 10238 10239
f 10223 10237 10224
f 10221 10235 10222
f 10219 10233 10220
f 10231 10243 10244
f 10228 10242 10229
f 10240 10252 10253
f 10238 10250 10251
f 10235 10249 10236
f 10234 10246 10247
f 10232 10244 10245
f 10229 10243 10230
f 10239 10251 10252
f 10237 10249 10250
f 10234 10248 10235
f 10232 10246 10233
f 10244 10256 10257
f 10242 10254 10255
f 10252 10266 10253
f 10251 10263 10264
f 10248 10262 10249
f 10247 10259 10260
f 10244 10258 10245
f 10242 10256 10243
f 10251 10265 10252
f 10250 10262 10263
f 10248 10260 10261
f 10245 10259 10246
f 10257 10269 10270
f 10255 10267 10268
f 10266 10278 10279
f 10263 10277 10264
f 10261 10275 10262
f 10260 10272 10273
f 10257 10271 10258
f 10255 10269 10256
f 10265 10277 10278
f 10263 10275 10276
f 10261 10273 10274
f 10258 10272 10259
f 10269 10283 10270
f 10267 10281 10268
f 10278 10292 10279
f 10277 10289 10290
f 10275 10287 10288
f 10272 10286 10273
f 10271 10283 10284
f 10269 10281 10282
f 10277 10291 10278
f 10275 10289 10276
f 10273 10287 10274
f 10272 10284 10285
f 10282 10296 10283
f 10280 10294 10281
f 10292 10304 10305
f 10289 10303 10290
f 10288 10300 10301
f 10286 10298 10299
f 10284 10296 10297
f 10282 10294 10295
f 10291 10303 10304
f 10288 10302 10289
f 10286 10300 10287
f 10284 10298 10285
f 10295 10309 10296
f 10294 10306 10307
f 10304 10318 10305
f 10302 10316 10303
f 10301 10313 10314
f 10299 10311 10312
f 10296 10310 10297
f 10295 10307 10308
f 10303 10317 10304
f 10301 10315 10302
f 10300 10312 10313
f 10297 10311 10298
f 10309 10321 10322
f 10307 10319 10320
f 10318 10330 10331
f 10316 10328 10329
f 10314 10326 10327
f 10311 10325 10312
f 10309 10323 10310
f 10308 10320 10321
f 10316 10330 10317
f 10314 10328 10315
f 10313 10325 10326
f 10311 10323 10324
f 10321 10335 10322
f 10320 10332 10333
f 10330 10344 10331
f 10329 10341 10342
f 10326 10340 10327
f 10325 10337 10338
f 10323 10335 10336
f 10320 10334 10321
f 10330 10342 10343
f 10328 10340 10341
f 10325 10339 10326
f 10323 10337 10324
f 10335 10348 10349
f 10332 10347 10333
f 10344 10357 10358
f 10342 10355 10356
f 10339 10354 10340
f 10337 10352 10338
f 10336 10349 10350
f 10333 10348 10334
f 10343 10356 10357
f 10341 10354 10355
f 10338 10353 10339
f 10337 10350 10351
f 10349 10361 10362
f 10347 10359 10360
f 10357 10371 10358
f 10356 10368 10369
f 10353 10367 10354
f 10351 10365 10352
f 10349 10363 10350
f 10347 10361 10348
f 10356 10370 10357
f 10355 10367 10368
f 10353 10365 10366
f 10351 10363 10364
f 10362 10374 10375
f 10360 10372 10373
f 10371 10383 10384
f 10368 10382 10369
f 10366 10380 10367
f 10365 10377 10378
f 10362 10376 10363
f 10360 10374 10361
f 10370 10382 10383
f 10368 10380 10381
f 10366 10378 10379
f 10363 10377 10364
f 10374 10388 10375
f 10372 10386 10373
f 10383 10397 10384
f 10382 10394 10395
f 10380 10392 10393
f 10377 10391 10378
f 10376 10388 10389
f 10374 10386 10387
f 10382 10396 10383
f 10380 10394 10381
f 10378 10392 10379
f 10377 10389 10390
f 10387 10401 10388
f 10385 10399 10386
f 10397 10409 10410
f 10394 10408 10395
f 10393 10405 10406
f 10390 10404 10391
f 10389 10401 10402
f 10387 10399 10400
f 10396 10408 10409
f 10393 10407 10394
f 10391 10405 10392
f 10390 10402 10403
f 10400 10414 10401
f 10399 10411 10412
f 10409 10423 10410
f 10407 10421 10408
f 10406 10418 10419
f 10403 10417 10404
f 10401 10415 10402
f 10400 10412 10413
f 10408 10422 10409
f 10406 10420 10407
f 10405 10417 10418
f 10403 10415 10416
f 10414 10426 10427
f 10411 10425 10412
f 10423 10435 10436
f 10420 10434 10421
f 10418 10432 10419
f 10416 10430 10417
f 10414 10428 10415
f 10412 10426 10413
f 10421 10435 10422
f 10419 10433 10420
f 10418 10430 10431
f 10416 10428 10429
f 10427 10439 10440
f 10425 10437 10438
f 10435 10449 10436
f 10433 10447 10434
f 10431 10445 10432
f 10430 10442 10443
f 10428 10440 10441
f 10425 10439 10426
f 10435 10447 10448
f 10433 10445 10446
f 10430 10444 10431
f 10428 10442 10429
f 10440 10452 10453
f 10437 10451 10438
f 10449 10461 10462
f 10447 10459 10460
f 10444 10458 10445
f 10443 10455 10456
f 10441 10453 10454
f 10438 10452 10439
f 10448 10460 10461
f 10446 10458 10459
f 10443 10457 10444
f 10441 10455 10442
f 10453 10465 10466
f 10451 10463 10464
f 10461 10475 10462
f 10460 10472 10473
f 10457 10471 10458
f 10456 10468 10469
f 10453 10467 10454
f 10451 10465 10452
f 10460 10474 10461
f 10459 10471 10472
f 10457 10469 10470
f 10454 10468 10455
f 10345 10071 10084
f 10345 10084 10097
f 10345 10097 10110
f 10345 10110 10123
f 10345 10123 10136
f 10345 10136 10149
f 10345 10149 10162
f 10345 10162 10175
f 10345 10175 10188
f 10345 10188 10201
f 10345 10201 10214
f 10345 10214 10227
f 10345 10227 10240
f 10345 10240 10253
f 10345 10253 10266
f 10345 10266 10279
f 10345 10279 10292
f 10345 10292 10305
f 10345 10305 10318
f 10345 10318 10331
f 10345 10331 10344
f 10345 10344 10358
f 10345 10358 10371
f 10345 10371 10384
f 10345 10384 10397
f 10345 10397 10410
f 10345 10410 10423
f 10345 10423 10436
f 10345 10436 10449
f 10345 10449 10462
f 10345 10462 10475
f 10466 10061 10062
f 10464 10059 10060
f 10474 10071 10475
f 10472 10069 10473
f 10470 10067 10471
f 10469 10064 10065
f 10466 10063 10467
f 10464 10061 10465
f 10345 10475 10071
f 10473 10070 10474
f 10472 10067 10068
f 10470 10065 10066
f 10467 10064 10468
f 9933 10463 10058
f 10463 10054 10058
f 10450 10049 10054
f 10437 10045 10049
f 10045 10411 10041
f 10041 10398 10037
f 10037 10385 10033
f 10385 10029 10033
f 10029 10359 10025
f 10359 10021 10025
f 10346 10017 10021
f 10332 10013 10017
f 10013 10306 10009
f 10009 10293 10005
f 10005 10280 10001
f 10280 9997 10001
f 9997 10254 9993
f 10254 9989 9993
f 10241 9985 9989
f 10228 9981 9985
f 9981 10202 9977
f 9977 10189 9973
f 9973 10176 9969
f 10176 9965 9969
f 9965 10150 9961
f 10150 9957 9961
f 10137 9953 9957
f 10124 9949 9953
f 9949 10098 9945
f 9945 10085 9941
f 9941 10072 9937
f 10072 9933 9937
f 4 3 2
f 8 7 6
f 13 16 15
f 17 28 19
f 32 31 30
f 36 35 34
f 37 40 39
f 21 22 23
f 25 26 27
f 41 44 43
f 48 47 46
f 52 51 50
f 53 56 55
f 60 59 58
f 29 30 62
f 66 65 64
f 67 5 6
f 72 71 70
f 76 75 74
f 77 80 79
f 81 84 83
f 59 87 86
f 88 91 90
f 96 95 94
f 100 99 98
f 101 104 103
f 106 105 34
f 108 116 115
f 117 119 36
f 124 127 126
f 131 130 129
f 132 102 134
f 142 141 140
f 148 106 60
f 144 143 127
f 149 152 151
f 156 155 154
f 159 150 158
f 116 108 164
f 171 170 169
f 174 126 173
f 179 182 181
f 186 189 188
f 194 197 196
f 199 142 139
f 206 209 208
f 213 212 211
f 202 215 214
f 96 93 216
f 92 238 43
f 97 184 246
f 250 249 229
f 252 254 58
f 258 257 256
f 260 91 229
f 110 111 112
f 114 264 263
f 265 268 267
f 56 53 270
f 274 273 249
f 185 183 63
f 280 279 278
f 285 284 283
f 288 219 211
f 141 142 92
f 289 290 175
f 148 116 105
f 312 311 170
f 238 262 42
f 318 163 160
f 310 309 308
f 241 239 325
f 160 230 240
f 47 48 307
f 108 109 315
f 345 85 86
f 348 351 350
f 356 359 358
f 355 354 353
f 363 31 32
f 364 252 253
f 366 125 368
f 183 372 371
f 163 162 161
f 209 226 101
f 378 377 165
f 379 295 381
f 383 382 3
f 284 285 386
f 387 127 389
f 391 259 229
f 73 281 397
f 405 408 407
f 203 218 411
f 414 121 413
f 1 356 357
f 277 276 131
f 254 344 57
f 358 384 415
f 417 416 386
f 401 400 192
f 419 389 127
f 421 181 182
f 103 301 302
f 428 367 368
f 380 390 359
f 62 204 266
f 140 141 431
f 357 358 351
f 356 1 379
f 415 392 403
f 437 428 436
f 438 441 440
f 188 451 450
f 265 455 181
f 224 185 64
f 237 212 213
f 275 131 128
f 281 282 460
f 50 462 79
f 73 74 282
f 468 467 466
f 390 355 352
f 482 485 484
f 489 488 487
f 493 496 495
f 472 471 470
f 502 501 500
f 220 221 222
f 512 419 143
f 518 517 511
f 513 239 230
f 205 30 31
f 189 370 451
f 163 318 532
f 533 224 225
f 446 448 447
f 335 541 540
f 544 512 546
f 329 519 291
f 199 534 262
f 385 386 416
f 532 190 191
f 363 117 118
f 578 581 580
f 573 572 571
f 561 563 562
f 241 260 259
f 590 593 592
f 545 546 595
f 503 154 155
f 606 625 624
f 478 481 480
f 646 649 648
f 590 591 689
f 564 565 651
f 728 246 184
f 714 724 716
f 692 574 575
f 541 335 581
f 346 68 248
f 161 231 230
f 128 129 94
f 698 705 704
f 574 577 576
f 290 289 401
f 630 631 725
f 733 736 735
f 755 466 496
f 759 480 481
f 757 763 762
f 764 496 466
f 768 767 9260
f 759 760 488
f 492 474 475
f 474 770 769
f 773 468 465
f 771 774 486
f 484 485 775
f 774 776 489
f 495 496 764
f 495 757 761
f 137 397 784
f 325 239 797
f 165 519 51
f 369 32 29
f 730 731 568
f 90 302 301
f 243 118 516
f 800 734 806
f 817 815 808
f 816 808 823
f 306 303 447
f 815 810 809
f 829 830 828
f 726 725 501
f 274 427 424
f 879 882 881
f 884 883 879
f 219 218 217
f 906 905 904
f 455 204 205
f 898 882 830
f 903 900 880
f 377 291 519
f 923 949 948
f 946 947 951
f 8963 740 739
f 900 899 886
f 225 64 65
f 182 445 442
f 809 952 947
f 954 960 962
f 927 950 965
f 885 879 880
f 925 927 966
f 343 342 341
f 965 964 971
f 968 971 970
f 972 968 969
f 963 961 981
f 336 337 338
f 992 993 827
f 810 815 996
f 1007 1001 1002
f 1012 826 827
f 1011 1009 1007
f 294 293 292
f 907 908 920
f 1017 579 1019
f 1020 1023 1022
f 1035 1024 1020
f 1061 1060 1047
f 1063 1061 1046
f 1044 1020 1021
f 1102 1094 1097
f 1116 1126 1118
f 1016 1015 1014
f 881 897 904
f 816 1116 1127
f 1094 948 949
f 514 342 167
f 146 145 81
f 1133 1135 1130
f 1102 1133 1126
f 822 1126 1116
f 1145 1143 1148
f 1076 1144 1151
f 1148 1143 1086
f 1109 1097 1114
f 1154 1153 1156
f 1153 925 967
f 8815 8941 463
f 1144 1147 1152
f 1156 967 1163
f 1164 1162 1169
f 1145 1171 1176
f 1114 1115 1154
f 1183 1155 1164
f 1184 1183 1177
f 1069 1151 1062
f 1023 1191 1194
f 1162 1163 1170
f 1195 1184 1185
f 1183 1196 1176
f 1201 1063 1152
f 1061 1063 1201
f 9277 847 843
f 1203 1202 1195
f 1202 1201 1184
f 1218 1060 1203
f 1060 1061 1202
f 1225 1218 1217
f 671 695 694
f 1219 1217 1024
f 1217 1203 1034
f 1226 1014 1015
f 1243 1242 1234
f 1231 1230 1229
f 847 1243 1233
f 843 1233 1244
f 1233 1234 1245
f 1923 9213 233
f 2100 2108 499
f 9366 9316 2135
f 61 62 323
f 210 211 217
f 1299 1310 1309
f 9315 1230 1231
f 1066 1047 1321
f 1322 1321 1228
f 1060 1218 1321
f 1325 1324 1323
f 1244 1245 1332
f 1290 1234 1242
f 1337 1330 1339
f 1330 1332 1340
f 1341 1332 1245
f 1342 1340 1332
f 1343 1342 1341
f 1344 1341 1294
f 9309 9308 1345
f 1347 1348 1342
f 9308 9306 1295
f 1349 1350 1348
f 9313 1349 1347
f 9305 1347 1343
f 906 898 829
f 905 906 1353
f 865 1356 1355
f 1355 1353 829
f 1357 1355 825
f 1356 1354 1353
f 9286 1337 1338
f 866 1358 1356
f 1358 1359 1354
f 9280 878 1337
f 838 1362 1012
f 1363 1364 1338
f 1368 1363 1339
f 1348 1368 1340
f 1371 1369 9276
f 524 525 526
f 528 529 530
f 1372 1370 1369
f 535 536 537
f 1367 1368 1348
f 1370 1354 1359
f 1369 1359 9285
f 1373 910 903
f 555 556 557
f 1374 909 910
f 1373 904 905
f 1374 1373 1375
f 1375 905 1354
f 1378 920 908
f 376 373 651
f 1388 928 973
f 586 587 588
f 1390 1389 1388
f 1391 1388 969
f 597 598 599
f 600 601 602
f 1392 1391 970
f 608 609 610
f 612 524 523
f 614 615 616
f 617 618 25
f 620 621 622
f 1397 1390 1391
f 1398 1397 1392
f 1400 987 920
f 1402 1403 1165
f 636 637 638
f 930 1404 1402
f 641 642 643
f 929 1402 1169
f 1404 1405 1403
f 1411 1366 1365
f 1412 1406 1415
f 652 653 654
f 609 656 657
f 659 660 661
f 558 663 586
f 665 666 667
f 1413 1411 1406
f 1418 1416 9262
f 1417 1372 1371
f 1416 1371 9281
f 1419 1417 1416
f 1386 909 1374
f 677 678 679
f 1385 1386 1420
f 1420 1374 1376
f 685 686 687
f 1421 1420 1422
f 528 690 691
f 1422 1376 1372
f 1018 1019 747
f 699 700 701
f 1424 578 579
f 9115 1597 1767
f 700 699 711
f 1093 9198 9206
f 717 718 530
f 721 722 723
f 704 1650 8987
f 19 1429 1426
f 1429 1428 1427
f 1658 1659 8986
f 1439 1437 1434
f 1437 1436 1435
f 1426 1427 1433
f 1442 1431 1432
f 742 743 744
f 1432 1433 1441
f 751 752 753
f 1438 1434 1403
f 1446 1445 1444
f 1447 1448 1446
f 9312 1447 1443
f 1415 1367 1445
f 1414 1415 1446
f 2173 1683 469
f 777 778 779
f 780 781 782
f 1676 1693 1806
f 9311 1451 1349
f 789 790 791
f 745 792 793
f 652 794 795
f 1455 1458 1457
f 1454 1367 1350
f 610 691 802
f 9283 9268 698
f 1352 1044 1045
f 1015 1016 1459
f 811 812 813
f 2118 9267 9269
f 819 820 821
f 1466 1463 1194
f 1467 1468 1465
f 1182 1165 1468
f 832 812 833
f 835 836 837
f 1467 1466 1190
f 1469 1470 1444
f 840 700 712
f 1453 1470 1469
f 599 844 845
f 1226 1450 9301
f 851 852 853
f 855 744 856
f 858 859 860
f 861 862 863
f 1014 1226 9307
f 867 676 868
f 870 871 872
f 874 875 876
f 1310 1323 1471
f 1476 1433 1427
f 1461 1476 1475
f 887 888 889
f 788 791 892
f 894 895 896
f 1460 1475 1227
f 901 902 524
f 1465 1478 1477
f 1865 8947 8944
f 911 912 913
f 916 917 918
f 1850 8949 8951
f 921 922 895
f 1479 1435 1436
f 926 664 667
f 1481 562 563
f 269 1483 84
f 931 932 933
f 934 935 614
f 936 685 688
f 938 659 662
f 1484 270 122
f 941 942 835
f 320 321 509
f 1849 8954 8949
f 84 1483 1484
f 1487 1490 1488
f 1757 1758 8946
f 365 1492 1491
f 461 79 80
f 117 363 362
f 1494 540 541
f 926 601 957
f 1477 1441 1433
f 1709 1588 1585
f 119 117 1496
f 271 1497 504
f 511 517 189
f 345 1496 1492
f 57 344 299
f 1501 1499 268
f 267 268 1499
f 974 975 976
f 1678 1652 1693
f 9298 1682 1807
f 557 982 663
f 983 941 984
f 1443 1444 9301
f 421 1500 268
f 989 990 991
f 1490 1487 418
f 279 280 309
f 997 868 676
f 998 26 999
f 1504 418 38
f 1506 1508 1507
f 360 361 1508
f 1506 1486 207
f 939 1005 1006
f 270 1484 1483
f 66 63 546
f 1010 742 793
f 367 428 437
f 244 31 363
f 1670 8976 8978
f 209 206 1510
f 388 389 426
f 427 274 250
f 161 520 521
f 100 246 45
f 1025 1026 608
f 1029 1030 1031
f 939 662 1033
f 41 42 594
f 1036 780 783
f 702 701 1038
f 1040 1041 1042
f 362 32 369
f 187 1520 477
f 70 1487 539
f 1049 600 603
f 613 867 869
f 860 1050 1051
f 1005 1052 1053
f 753 1055 1056
f 1057 1058 1059
f 293 288 1522
f 288 212 1521
f 292 1522 1523
f 331 1507 1508
f 306 452 453
f 100 44 41
f 462 1524 78
f 330 331 1524
f 635 1067 1068
f 1485 1527 1526
f 206 1485 1528
f 1070 1071 1072
f 942 941 1073
f 916 933 1075
f 440 1529 1530
f 157 158 1514
f 1529 162 5
f 371 595 546
f 790 586 663
f 1077 858 857
f 1403 1434 1435
f 1080 1081 1082
f 531 520 1529
f 21 1083 1084
f 272 1532 1531
f 690 712 802
f 335 9015 9011
f 1090 1030 1029
f 1092 795 794
f 1533 396 137
f 661 660 1095
f 69 444 445
f 1099 1100 1101
f 38 39 1536
f 1104 1105 1106
f 852 1107 1108
f 1377 908 909
f 291 377 411
f 316 1536 516
f 539 1488 1533
f 1505 1536 316
f 1110 1111 1112
f 1539 1537 460
f 522 441 1537
f 834 837 1120
f 1122 1123 1124
f 612 1125 1041
f 935 793 615
f 276 278 130
f 1686 8993 8966
f 193 190 1541
f 231 521 1540
f 556 1037 982
f 365 253 85
f 190 532 318
f 1810 765 9018
f 9376 1867 8956
f 1132 983 985
f 208 101 102
f 1134 1033 662
f 1491 518 80
f 429 133 1542
f 1137 1138 915
f 172 436 428
f 1139 1140 1141
f 549 96 54
f 1517 1519 1518
f 834 1119 984
f 1543 513 286
f 1544 797 239
f 133 134 1544
f 506 361 257
f 420 327 328
f 1158 1159 1160
f 587 1104 1103
f 607 1161 1027
f 304 1546 1545
f 364 1491 77
f 69 70 198
f 700 840 1112
f 9329 626 8969
f 1166 719 657
f 1167 1168 858
f 1300 8967 8968
f 1172 1173 1174
f 218 203 200
f 1179 1180 1181
f 372 183 97
f 89 104 227
f 1186 1187 1188
f 172 173 1517
f 1482 84 81
f 1090 1192 1193
f 394 395 353
f 526 525 1198
f 1199 1200 1026
f 606 623 697
f 1204 1205 1206
f 1207 1208 523
f 1209 1210 867
f 914 913 685
f 1478 1436 1441
f 1029 1028 1161
f 1211 1212 1213
f 9310 1453 1451
f 844 1215 1216
f 423 193 273
f 1220 1221 1222
f 22 1223 1224
f 882 898 897
f 1519 1517 173
f 1189 1188 1232
f 349 350 550
f 1071 1235 1236
f 1237 1238 1239
f 1221 1186 1189
f 1510 1528 1512
f 939 1032 1241
f 1556 1530 5
f 1553 1554 394
f 404 1556 67
f 1247 1248 1249
f 142 199 238
f 1251 1067 635
f 850 1252 1253
f 1254 1167 1077
f 57 132 133
f 443 430 552
f 1187 1172 1175
f 1256 1070 831
f 432 405 382
f 741 748 747
f 434 350 351
f 349 432 383
f 251 124 1481
f 395 384 352
f 1518 1519 1550
f 1558 410 378
f 109 263 314
f 285 1514 1513
f 395 394 393
f 202 203 410
f 417 408 405
f 1246 1257 1258
f 3 1559 297
f 1259 1260 1261
f 403 404 347
f 955 954 953
f 462 50 51
f 1096 1095 687
f 429 147 60
f 896 1264 1265
f 1267 721 1268
f 423 424 327
f 37 179 180
f 20 23 1187
f 1256 1168 1071
f 1188 1175 1269
f 1236 1270 1271
f 1272 536 535
f 565 564 463
f 1273 792 745
f 876 1254 1255
f 316 33 164
f 437 1516 503
f 194 1494 1495
f 1275 1276 864
f 624 625 631
f 1277 1274 1137
f 569 568 567
f 1481 124 125
f 324 325 547
f 1279 1108 1107
f 1525 332 329
f 1281 1278 1137
f 171 168 1553
f 1488 73 396
f 1557 1561 1562
f 1282 856 1206
f 1053 1277 1278
f 778 777 607
f 713 583 9010
f 251 225 144
f 4 357 348
f 709 708 707
f 728 48 45
f 261 135 1563
f 789 1286 1287
f 74 314 263
f 403 284 385
f 1178 1181 1240
f 1223 1259 1289
f 1220 20 1186
f 296 1518 354
f 784 459 1538
f 1181 1180 1291
f 1269 1292 1257
f 1566 1538 438
f 136 784 1566
f 1563 1564 169
f 107 114 109
f 1297 1282 1298
f 1464 1477 1476
f 1520 187 507
f 1301 1302 1303
f 1306 1307 1308
f 175 456 1532
f 1532 456 200
f 1311 1266 1312
f 872 1314 1315
f 9288 843 878
f 1305 1308 864
f 1040 1275 863
f 1564 1566 399
f 592 1576 1575
f 591 1575 1088
f 1581 1584 1583
f 1196 1152 1147
f 710 582 583
f 285 407 408
f 953 954 961
f 1594 1592 1589
f 1585 1588 1587
f 1592 1591 1590
f 9337 945 944
f 1600 1599 1598
f 1604 1603 1602
f 1399 1392 979
f 1589 1590 1596
f 1610 1609 1608
f 298 257 361
f 551 552 276
f 1627 1626 9266
f 859 811 818
f 1078 857 1328
f 1555 439 1530
f 572 573 680
f 772 465 776
f 977 1281 918
f 404 403 392
f 1054 1331 750
f 1644 1645 1643
f 932 1265 1082
f 1067 1333 1334
f 1540 1539 264
f 597 1335 643
f 471 761 762
f 1642 696 9283
f 1644 1642 9294
f 923 946 950
f 96 549 548
f 520 531 522
f 445 444 443
f 849 839 848
f 480 759 755
f 1646 760 481
f 311 426 1567
f 464 463 8941
f 8941 1360 1361
f 234 237 236
f 190 193 192
f 153 154 152
f 231 287 286
f 1552 1553 1551
f 760 1646 1648
f 9284 1647 1649
f 828 827 826
f 52 167 166
f 1663 1662 1661
f 287 107 115
f 668 671 670
f 634 645 640
f 553 560 559
f 118 36 33
f 492 484 491
f 8996 1652 1651
f 582 589 584
f 384 395 392
f 1381 1382 1383
f 1562 1561 435
f 952 953 951
f 8973 9010 583
f 1660 1661 1667
f 1394 1395 1396
f 1660 1665 1664
f 1671 1670 1669
f 1624 1625 1673
f 1407 1408 1409
f 1677 1676 1675
f 1613 1679 1677
f 1679 1678 1676
f 1626 1681 9263
f 534 199 198
f 803 733 734
f 400 248 191
f 65 66 143
f 8970 1657 1656
f 402 159 157
f 629 628 627
f 461 477 49
f 758 757 495
f 796 787 786
f 406 407 1513
f 342 343 166
f 1694 1659 1658
f 1692 1687 1694
f 9001 1693 1652
f 9373 1704 1703
f 326 547 302
f 9368 9373 1702
f 9371 9370 1698
f 1699 1691 9379
f 1557 406 1560
f 1127 1116 1117
f 400 401 289
f 1706 1702 1707
f 1707 1702 1599
f 1709 1706 1708
f 1714 1712 1711
f 9371 9367 1709
f 1704 1711 1577
f 1716 1714 1713
f 1559 1562 1549
f 1722 1721 1720
f 1335 597 596
f 410 411 377
f 973 1170 1163
f 168 169 399
f 1571 682 1089
f 1572 681 682
f 749 646 647
f 1730 1724 1723
f 1594 1582 1729
f 1729 1723 1591
f 1384 1378 1377
f 1732 1731 1712
f 1724 1730 1731
f 1722 1724 1732
f 1721 1722 1733
f 1734 1733 1716
f 1735 1737 1736
f 1733 1732 1714
f 1663 1664 1741
f 1742 1665 1740
f 1738 1739 1737
f 1665 1660 1666
f 1665 1742 1744
f 1725 1726 1746
f 1591 1725 1745
f 1590 1745 1747
f 1745 1746 1748
f 1659 1688 8982
f 5650 1760 8989
f 1185 1177 1182
f 1664 1744 1749
f 1741 1749 1739
f 1746 1742 1743
f 1726 1744 1742
f 1115 924 1153
f 1654 8990 9019
f 1896 9006 8993
f 1720 1749 1744
f 1721 1739 1749
f 1750 1718 1701
f 1697 1736 1750
f 1151 1152 1063
f 1751 1752 1670
f 1695 1658 1752
f 961 962 986
f 1770 1769 1768
f 1766 1594 1593
f 1731 1759 1579
f 1579 1777 1774
f 9380 1772 1771
f 1764 1772 9380
f 1777 1776 1775
f 9214 9215 1699
f 1004 1127 1128
f 1774 1775 1771
f 987 1400 1399
f 1578 1774 1772
f 1783 1782 1781
f 1597 1598 1770
f 639 1878 9347
f 9380 9381 1769
f 1793 1792 1789
f 9381 9372 1798
f 8952 8960 9225
f 1802 1867 9376
f 1788 1790 1794
f 1793 1794 1795
f 9225 9224 1675
f 1584 1581 1783
f 1771 1797 9372
f 1801 1799 1798
f 1768 1769 1798
f 1775 1796 1797
f 508 514 515
f 1796 1803 1802
f 1800 1798 9372
f 1794 1805 1804
f 8976 1670 1752
f 485 1808 1807
f 9261 9296 1640
f 9289 9296 1810
f 485 482 1640
f 1690 1691 9222
f 487 488 1648
f 9291 1813 1816
f 9290 1811 1648
f 9291 1812 1811
f 1812 1809 487
f 1641 1809 767
f 465 466 755
f 767 1815 9275
f 9274 1816 9278
f 1809 1812 1815
f 9289 1653 1651
f 675 672 8985
f 1814 1649 1822
f 1821 1822 9273
f 1824 1822 1649
f 1827 1849 1850
f 1668 1669 1662
f 1779 1780 1848
f 1790 1827 1805
f 1833 1836 1853
f 8965 8950 693
f 1614 1615 1616
f 1852 1853 8942
f 1620 1621 1622
f 1855 1765 1574
f 1847 1852 8945
f 1766 1765 1855
f 1629 1630 1631
f 1633 1622 1634
f 1635 1636 1637
f 1848 1833 1852
f 1855 1861 1863
f 1803 1866 1867
f 1862 1863 1831
f 1782 1855 1862
f 9374 9376 1865
f 1873 1872 1870
f 1874 1869 799
f 2045 9330 9349
f 1219 1345 1295
f 1615 1614 1396
f 9336 9347 1877
f 645 9350 9238
f 1345 1219 1035
f 634 639 9336
f 15 1887 1327
f 9362 9347 1878
f 1894 604 605
f 8950 8995 627
f 9004 640 645
f 340 341 454
f 1897 194 195
f 1889 1882 1877
f 1901 94 129
f 196 749 754
f 1705 1704 9373
f 340 378 166
f 1570 1480 563
f 1904 1494 194
f 1781 1862 1832
f 1905 549 55
f 1000 994 995
f 986 919 920
f 1191 1185 1190
f 2094 2077 2075
f 1920 1921 1919
f 453 454 1912
f 1915 1919 1918
f 9334 2112 2106
f 1655 9019 8975
f 1916 1918 1926
f 704 8998 9005
f 278 1916 1925
f 9009 9008 1818
f 1097 949 1115
f 1927 1928 727
f 9030 9031 9106
f 1920 310 307
f 1929 307 48
f 503 504 1497
f 1902 1903 787
f 1816 1821 9272
f 1925 1926 1923
f 1535 1569 1568
f 254 252 258
f 1509 1497 366
f 119 86 35
f 219 288 293
f 141 46 47
f 542 205 244
f 1940 552 430
f 1779 1828 1827
f 1701 1710 9367
f 1661 8994 8959
f 270 53 754
f 197 1947 749
f 1727 1728 1212
f 53 54 232
f 1465 1468 1479
f 1284 9314 9306
f 1951 446 412
f 168 398 1554
f 1486 1485 206
f 506 77 78
f 994 1001 1007
f 951 953 963
f 1013 9311 9313
f 9278 9272 1820
f 1498 1909 1954
f 299 298 543
f 1754 1755 1756
f 1681 469 1683
f 1696 1694 1695
f 13 14 738
f 473 476 475
f 482 1641 768
f 204 62 30
f 1761 1762 820
f 611 1763 1125
f 1501 1503 1908
f 1074 1073 711
f 1960 1944 82
f 120 1956 1960
f 35 86 87
f 1773 1199 1025
f 1965 1545 1569
f 494 761 471
f 1966 1967 1969
f 446 1951 1971
f 174 368 125
f 1580 1579 1578
f 1785 1786 1787
f 1972 1546 304
f 1254 876 875
f 1973 341 342
f 321 1912 1973
f 1910 277 275
f 509 1973 514
f 1486 1507 1527
f 1974 1874 804
f 1977 1976 1974
f 1980 448 1966
f 379 1 2
f 1718 1715 1710
f 884 995 992
f 1680 1684 1678
f 902 990 525
f 344 255 256
f 135 138 137
f 448 446 1967
f 589 605 604
f 910 909 908
f 1981 1966 1968
f 1982 1981 1987
f 1988 1979 1987
f 1990 1988 1989
f 1991 1989 1993
f 322 321 320
f 992 828 830
f 1144 1076 1086
f 1995 1977 1978
f 1133 1129 1118
f 1997 1995 1994
f 870 1823 1335
f 805 806 1982
f 727 184 2000
f 1996 1994 1988
f 1994 1978 1979
f 1829 616 792
f 1830 1073 941
f 798 803 800
f 729 732 731
f 2011 2012 2023
f 1834 1835 846
f 402 283 284
f 2022 2023 2024
f 1838 718 989
f 810 955 952
f 1823 1839 1840
f 1430 1426 1432
f 1215 844 1841
f 1316 1208 873
f 2112 1401 1384
f 1842 1843 1844
f 1159 846 845
f 837 27 1846
f 1971 1951 2030
f 517 369 370
f 1471 2026 2027
f 8995 8969 626
f 2174 2175 770
f 935 934 1854
f 1613 1619 1611
f 1231 1228 1225
f 1856 1857 891
f 1300 1309 748
f 1150 1149 1858
f 1643 606 696
f 1215 1265 1264
f 1320 1860 902
f 1956 1943 1944
f 2031 668 669
f 2034 1325 1310
f 1879 1880 1656
f 40 245 242
f 1992 1993 2039
f 888 958 957
f 1882 1889 1996
f 1078 1138 1255
f 1871 912 1192
f 294 411 218
f 1323 2041 2026
f 123 1960 83
f 1324 2036 2041
f 384 358 359
f 1324 1325 2038
f 1883 1884 1885
f 287 1540 114
f 1096 1886 1134
f 915 1329 931
f 806 1980 1981
f 8977 8973 584
f 1425 2030 2042
f 1018 2042 1948
f 9006 1896 740
f 1948 2042 649
f 1881 1882 1990
f 1900 129 130
f 992 995 994
f 923 927 925
f 9330 2045 2047
f 1643 2048 625
f 2050 2052 2051
f 2045 1405 1404
f 9328 2047 945
f 1139 1080 1079
f 1037 1856 892
f 2055 2053 2057
f 1198 989 718
f 1619 2058 1612
f 2058 1605 1606
f 2059 2060 1607
f 2058 1619 1624
f 71 72 179
f 405 406 1557
f 322 1548 1972
f 2061 2052 2063
f 2066 2065 2067
f 2052 2061 2064
f 1609 1610 2066
f 1515 151 152
f 1009 827 993
f 1644 9295 9267
f 279 1915 1916
f 1285 9315 9314
f 1647 2066 1825
f 2056 2057 2067
f 319 320 1953
f 667 666 1913
f 2070 631 625
f 2052 2050 2055
f 2038 1654 1655
f 1606 1601 2073
f 1235 1917 1270
f 2072 2073 2075
f 2059 1606 2072
f 2074 2075 2077
f 1601 1602 2078
f 2049 2048 1643
f 1000 1004 1001
f 1089 943 684
f 1931 1286 1306
f 1462 1459 1021
f 1932 1933 1934
f 875 874 1846
f 1936 1051 1937
f 44 45 46
f 1534 1955 1956
f 1541 318 317
f 2081 2082 2084
f 146 1945 1959
f 1360 1941 1942
f 985 984 1032
f 1995 1997 1892
f 2079 2080 2082
f 2095 2096 2076
f 2081 2093 2078
f 2055 2050 2054
f 501 2096 2095
f 2097 2100 2099
f 2098 2099 2094
f 2140 2141 9345
f 2141 2046 9346
f 2051 2070 2048
f 592 2102 2101
f 2071 2064 2076
f 2102 2097 2098
f 593 2103 2102
f 1019 1895 746
f 1950 11 12
f 725 2071 2096
f 1385 2105 2104
f 1379 2104 2106
f 2107 2108 2100
f 9360 726 502
f 9348 502 499
f 940 1389 2109
f 928 929 1170
f 9320 590 684
f 1962 1963 1964
f 9330 680 573
f 2039 1993 1968
f 1389 1390 2110
f 1398 2111 2113
f 9209 9207 9205
f 9363 9335 2107
f 949 923 924
f 260 241 324
f 1390 1397 2113
f 2070 2051 2064
f 9319 9363 2103
f 2105 1385 1421
f 2114 1421 1423
f 9344 2114 2115
f 9360 2105 2114
f 554 2116 1902
f 972 1163 967
f 1765 1593 1573
f 1984 1985 1986
f 2053 2117 2069
f 9017 9000 724
f 1625 1677 1674
f 9333 9340 2119
f 9355 2115 2123
f 56 1954 1906
f 626 9329 9331
f 2001 2002 2003
f 9364 9293 2127
f 2006 2007 2008
f 2127 1413 1412
f 2014 2015 2016
f 2018 2019 2020
f 1495 1424 1947
f 1379 1377 1386
f 9266 9263 1680
f 2029 1885 1884
f 9354 2128 2120
f 629 9331 9366
f 682 683 943
f 724 1650 2121
f 1757 1819 9273
f 765 1810 9296
f 9303 714 715
f 706 707 9322
f 981 986 987
f 1457 1868 1656
f 2017 2016 2032
f 1458 1655 1868
f 1776 1777 1792
f 1959 1945 1946
f 9115 9167 9177
f 9365 9333 2122
f 1093 1089 689
f 966 965 968
f 9304 715 9333
f 2172 9029 2170
f 670 2138 2137
f 9213 787 1903
f 1429 19 28
f 964 963 978
f 9293 9265 1413
f 1473 1474 669
f 9286 9285 1359
f 2138 798 1870
f 1872 1473 2137
f 715 716 9340
f 1881 1991 1992
f 9295 9294 739
f 1837 1847 8957
f 253 58 59
f 1808 9289 9292
f 1647 9284 9270
f 9317 9318 671
f 2112 9334 9335
f 1405 2045 2044
f 9281 9276 1364
f 273 1541 391
f 576 632 8964
f 9327 9317 668
f 1430 1431 2140
f 2136 9302 9312
f 1430 2139 18
f 9345 9346 570
f 1442 1439 2046
f 1431 1442 2141
f 9321 9365 9302
f 9260 9275 1817
f 9318 9345 695
f 2142 2025 798
f 571 2143 2142
f 9271 9266 1618
f 2143 2022 2025
f 694 2142 2138
f 681 1572 2144
f 2144 2011 2022
f 328 210 457
f 1572 2010 2011
f 630 9344 9355
f 2085 2086 2087
f 2090 2091 2092
f 572 2144 2143
f 1875 1976 2153
f 1873 1875 2149
f 2103 2107 2097
f 2157 2043 2155
f 2128 1412 1414
f 9326 9323 589
f 9324 9322 628
f 2149 2153 2158
f 2159 2158 9357
f 698 9359 9354
f 9275 9299 9279
f 2158 2156 9326
f 1438 2044 2046
f 2035 2154 2160
f 2161 2160 9341
f 9323 9343 605
f 9325 17 18
f 370 29 61
f 649 1951 413
f 2153 2157 2156
f 1428 1429 1449
f 1490 76 73
f 9342 9357 710
f 2155 1891 9343
f 1456 1457 1880
f 2125 2088 2087
f 2160 2159 9342
f 300 1959 505
f 1064 1062 1046
f 2043 1892 1891
f 2129 2130 2004
f 2131 2132 2133
f 9300 9301 1450
f 1998 1975 804
f 9331 673 9316
f 474 492 490
f 1164 1165 1182
f 707 2162 9361
f 708 1472 2162
f 2162 2161 9338
f 548 549 1905
f 1145 1136 1114
f 705 2121 1650
f 2043 2157 1977
f 737 738 554
f 1034 1195 1191
f 458 1905 1907
f 195 196 232
f 2040 2039 1969
f 2145 2146 2147
f 2054 2050 2049
f 9284 1646 1639
f 9 12 11
f 252 364 506
f 472 478 479
f 1865 9376 9243
f 900 903 910
f 1941 2150 2151
f 1921 1928 1927
f 2163 1897 1898
f 271 156 153
f 1904 1326 12
f 282 263 264
f 1872 1873 2154
f 1326 1904 1897
f 628 692 693
f 1724 1722 1719
f 1549 1562 436
f 1582 1583 1730
f 1921 1920 1929
f 9007 8955 10
f 2152 2037 1950
f 475 772 774
f 769 2172 2171
f 2171 2165 476
f 476 773 772
f 1791 565 464
f 2166 2167 2168
f 595 371 372
f 483 1809 1641
f 762 2174 2173
f 771 483 484
f 486 487 1809
f 297 1549 1517
f 763 2175 2174
f 776 755 759
f 184 185 2176
f 412 447 303
f 2005 2176 185
f 9263 1681 1682
f 2164 2170 756
f 1472 2035 2161
f 950 951 964
f 2177 2178 2179
f 227 226 1510
f 2182 2183 2184
f 2186 2019 2018
f 1985 2182 2181
f 214 736 729
f 865 849 842
f 849 865 1357
f 559 3187 3188
f 16 13 737
f 560 553 498
f 3193 3196 3195
f 3200 3197 3198
f 3211 3214 3213
f 3215 3218 3217
f 2187 2188 2002
f 3233 3236 3235
f 3223 3221 3222
f 3229 3232 3231
f 3245 3248 3247
f 2169 2168 2189
f 2192 2086 2085
f 2193 2194 2195
f 2198 2199 2200
f 1998 1982 1979
f 9116 9117 9120
f 3253 3256 3255
f 2116 1898 1903
f 1859 2006 2009
f 9356 2123 2126
f 1135 1148 1087
f 2201 2202 2015
f 1149 111 110
f 3261 3264 3263
f 3269 3272 3271
f 3265 3268 3267
f 3229 3230 3284
f 3289 3292 3291
f 3299 3302 3301
f 3307 3263 3264
f 3293 3296 3295
f 3297 3223 3224
f 3319 3321 3291
f 3322 3323 3318
f 3314 3313 3312
f 3285 3288 3287
f 3332 3333 3218
f 3329 3331 3330
f 3324 3325 3227
f 3298 3224 3326
f 2203 2204 2205
f 579 580 1895
f 1755 2207 2208
f 3337 3340 3339
f 9343 9362 1893
f 1211 2151 2150
f 868 997 2210
f 3347 3350 3349
f 944 945 930
f 2130 2129 2202
f 233 1903 1898
f 665 751 750
f 1167 1254 999
f 2211 2212 2213
f 2215 2216 2217
f 9319 593 590
f 2220 221 220
f 823 824 948
f 3375 3240 3377
f 3393 3392 3391
f 3353 3358 3357
f 3363 3366 3365
f 3402 3405 3404
f 266 204 455
f 9334 2108 2107
f 2221 2222 8963
f 2223 2224 2225
f 2207 2125 2124
f 3293 3309 3336
f 673 674 9321
f 817 1000 996
f 2227 2228 2146
f 1947 1948 646
f 9352 2135 17
f 2229 1635 1638
f 1679 1613 1618
f 1637 2231 2232
f 2233 2234 1617
f 2231 2235 2236
f 3406 3409 3408
f 1381 1638 2238
f 9038 2241 2242
f 3414 3416 3341
f 1630 2234 2233
f 1681 1626 472
f 1408 1407 2243
f 3423 3426 3425
f 3433 3351 3263
f 3434 3429 3430
f 3440 3443 3442
f 3444 3447 3446
f 3436 3451 3450
f 3442 3443 3456
f 1637 2230 2238
f 3445 3446 3437
f 3448 3443 3440
f 1409 1408 1634
f 1380 1383 2247
f 1628 2248 2245
f 3463 3466 3465
f 3308 3477 3462
f 2249 1623 1622
f 1632 1634 1408
f 2248 1628 1631
f 3478 3481 3480
f 3509 3512 3511
f 2235 2231 1637
f 3505 3508 3507
f 3457 3458 3199
f 631 2070 2071
f 515 167 52
f 782 781 2251
f 2253 2254 2255
f 397 281 459
f 1456 2039 2040
f 2040 2041 2036
f 3434 3475 3518
f 1401 2112 2111
f 2041 2040 1970
f 3367 3337 3338
f 1535 121 414
f 1586 1587 2080
f 2256 983 1132
f 3528 3531 3530
f 3519 3521 3520
f 3537 3505 3506
f 3543 3546 3545
f 1700 1699 9370
f 3486 3551 3550
f 3455 3456 3497
f 3558 3560 3559
f 3456 3568 3500
f 3572 3571 3252
f 3308 3264 3285
f 3316 3317 3574
f 3575 3478 3479
f 3576 3579 3578
f 3580 3583 3582
f 3584 3587 3586
f 3505 3537 3588
f 3589 3592 3591
f 3600 3603 3602
f 3542 3539 3595
f 3604 3605 3592
f 3611 3610 3613
f 3622 3625 3624
f 3618 3621 3620
f 3626 3629 3628
f 3644 3647 3646
f 3634 3637 3636
f 3638 3639 3641
f 9267 1896 1686
f 1263 2256 1886
f 3613 3655 3654
f 598 1841 844
f 2257 2258 2259
f 2258 2261 2262
f 2259 2262 2263
f 2260 2259 2216
f 1967 1971 1970
f 2212 1964 1963
f 922 921 2218
f 1312 1098 1101
f 1307 1306 1286
f 1548 1569 1546
f 2266 2267 2268
f 2265 2268 2270
f 2272 2265 2269
f 2273 2266 2265
f 2275 2276 2277
f 2278 2274 2277
f 2284 2285 9069
f 2287 2283 2286
f 2288 2289 2283
f 2290 2284 9091
f 2291 2292 2293
f 2295 2291 2294
f 2296 2297 2291
f 2297 2298 2292
f 2294 2293 2299
f 2279 2294 2300
f 2298 2301 2302
f 2292 2302 2303
f 2293 2303 2304
f 2304 2305 2306
f 2308 2309 2310
f 2302 2307 2310
f 2301 2311 2307
f 2312 2308 2307
f 2313 2314 2315
f 2318 2319 2320
f 9200 9223 2322
f 2324 2325 2273
f 2313 2324 2326
f 2328 2324 2313
f 2329 2325 2324
f 2331 2332 2333
f 2330 2333 2267
f 2325 2330 2266
f 2329 2331 2330
f 2333 2334 2335
f 2336 2334 2333
f 2338 2336 2332
f 2331 2339 2337
f 2329 2340 2339
f 2328 2341 2340
f 2316 2342 2341
f 2342 2316 2315
f 2344 2345 2346
f 2341 2344 2347
f 2342 2348 2344
f 2348 2349 2345
f 2350 2351 2352
f 2339 2350 2353
f 2340 2347 2350
f 2347 2346 2351
f 2337 2353 2354
f 2353 2352 2355
f 2356 2277 2276
f 2356 2357 2358
f 2356 2359 2296
f 2279 2277 2356
f 2360 2361 2270
f 2267 2335 2360
f 2362 2363 2364
f 2362 2365 2361
f 2366 2362 2358
f 2366 2367 2363
f 2357 2276 2368
f 2366 2368 2369
f 2276 2275 2370
f 2368 2370 2282
f 2372 2373 2374
f 2375 2376 2377
f 2378 2379 2380
f 2382 2378 2381
f 2384 2385 2378
f 2385 2386 2379
f 2388 2389 2390
f 2387 2390 2392
f 2393 2394 2387
f 2394 2395 2388
f 2186 2401 2402
f 2403 2404 2327
f 2272 2403 2326
f 2271 2405 2403
f 2405 2406 2404
f 2404 2407 2408
f 2409 2410 2411
f 2409 2412 2271
f 2413 2409 2269
f 2413 2414 2410
f 2417 2415 2416
f 2417 2418 2406
f 2412 2417 2405
f 2411 2415 2417
f 2406 2419 2407
f 9013 8964 632
f 2420 2398 2397
f 2420 2421 2423
f 2424 2420 2422
f 2424 2399 2398
f 2425 2391 2392
f 2421 2425 2426
f 2397 2396 2425
f 2396 2393 2391
f 2427 2314 2408
f 2430 2427 2428
f 2343 2315 2427
f 2432 2343 2430
f 2431 2430 2429
f 2435 2431 2433
f 2436 2432 2431
f 2428 2408 2407
f 2422 2437 2407
f 2438 2437 2422
f 2429 2428 2437
f 2440 2434 2433
f 2441 2439 2433
f 2442 2443 2439
f 2443 2444 2440
f 2445 2446 2444
f 2447 2445 2443
f 2383 2381 2445
f 2381 2380 2446
f 2448 2438 2423
f 2449 2448 2426
f 2441 2448 2449
f 2441 2429 2438
f 2449 2392 2390
f 2450 2390 2389
f 2447 2450 2451
f 2442 2449 2450
f 2451 2389 2453
f 2452 2453 2455
f 2382 2452 2454
f 2383 2451 2452
f 2456 2457 2373
f 2459 2460 2461
f 2463 2464 2465
f 2462 2465 2285
f 2466 2462 2284
f 2467 2463 2462
f 2461 2460 9155
f 2468 2469 2470
f 2472 2468 2471
f 2474 2461 9153
f 2475 2476 2477
f 2458 2455 2453
f 2479 2453 2389
f 2395 2480 2479
f 2480 2459 2458
f 2481 2482 2483
f 2484 113 2485
f 2471 2470 2464
f 2473 2471 2463
f 2487 2467 2466
f 2486 2466 2290
f 2490 2486 2488
f 2491 2487 2486
f 2492 2473 2467
f 2493 2492 2487
f 2494 2495 2492
f 2495 2472 2473
f 9142 2496 2474
f 9143 2497 2496
f 2498 2494 2493
f 2500 2498 2499
f 9152 9139 2498
f 9139 9143 2494
f 2306 2504 2278
f 2305 2505 2504
f 2504 2505 2507
f 2506 2507 2288
f 2274 2506 2508
f 2278 2504 2506
f 9085 9084 2489
f 9072 9085 2488
f 2507 2509 2289
f 2505 2510 2509
f 2508 2288 2287
f 2511 2287 2281
f 2370 2511 2280
f 2275 2508 2511
f 2512 2490 2489
f 2514 2512 2513
f 2517 2512 2514
f 2517 2491 2490
f 2499 2493 2491
f 2499 2517 2516
f 2510 2505 2519
f 2518 2519 2521
f 9068 2518 2520
f 9084 2510 2518
f 2522 2304 2303
f 2523 2522 2310
f 2305 2304 2522
f 2524 2522 2523
f 2519 2524 2525
f 2505 2305 2524
f 2308 2312 2527
f 2526 2527 2529
f 2531 2526 2528
f 2309 2308 2526
f 1214 2532 2151
f 2419 2406 2418
f 2533 2345 2349
f 2534 2533 2317
f 2535 2536 2533
f 2536 2346 2345
f 2537 2351 2346
f 2538 2537 2536
f 2539 2540 2537
f 2540 2352 2351
f 2312 2355 2541
f 2527 2541 2542
f 2543 2435 2434
f 2545 2543 2544
f 2319 2318 2543
f 2318 2436 2435
f 2514 2515 2548
f 2547 2548 2550
f 2552 2547 2549
f 2552 2516 2514
f 2520 2521 2554
f 2553 2554 2556
f 9042 2553 2555
f 9073 2520 2553
f 2523 2309 2531
f 2557 2531 2530
f 2525 2523 2557
f 2559 2557 2558
f 2554 2559 2560
f 2521 2525 2559
f 2561 2375 2007
f 2376 2562 2225
f 2564 2565 2566
f 2563 2566 338
f 2569 2563 2567
f 2570 2564 2563
f 2572 2573 2574
f 2571 2574 2576
f 2544 2571 2575
f 2544 2434 2572
f 2578 2570 2569
f 2579 2577 2569
f 2574 2577 2579
f 2573 2578 2577
f 2581 2582 2583
f 2584 2580 2583
f 9149 9127 2580
f 9128 2581 2580
f 2582 2516 2552
f 2583 2552 2551
f 2500 2501 2589
f 2590 2588 2589
f 9145 9147 2588
f 9147 9152 2500
f 2501 2516 2591
f 2592 2593 2594
f 2386 2385 2503
f 2596 2379 2386
f 2596 2374 2373
f 2599 2596 2597
f 2599 2380 2379
f 2600 2446 2380
f 2600 2599 2598
f 2603 2600 2601
f 2603 2444 2446
f 2604 2603 2602
f 2440 2604 2605
f 2444 2603 2604
f 2606 2582 2581
f 2606 2607 2590
f 2591 2516 2582
f 9128 2587 2456
f 9141 2456 2372
f 2478 2477 2608
f 2609 2610 2611
f 2564 2570 2613
f 2612 2613 2598
f 2457 2612 2597
f 2565 2564 2612
f 2614 2613 2570
f 2615 2614 2578
f 2602 2601 2614
f 2601 2598 2613
f 2572 2434 2605
f 2616 2605 2602
f 2573 2572 2616
f 1459 1016 1045
f 1265 1215 1079
f 1612 1608 1609
f 2067 2057 2069
f 1135 1109 1136
f 1938 1937 2618
f 95 548 458
f 2058 1607 1608
f 1454 1469 1445
f 655 2620 1048
f 722 1049 2621
f 3665 3639 3634
f 1131 985 1033
f 562 1481 366
f 1723 1719 1725
f 1786 1123 1122
f 267 300 323
f 1325 2034 1654
f 1468 1165 1435
f 658 657 529
f 8 532 247
f 382 1557 1559
f 3631 3681 3680
f 788 619 1307
f 940 930 929
f 911 2622 2623
f 2621 2620 655
f 2624 1857 2625
f 998 1846 27
f 635 638 2626
f 2627 641 644
f 2628 2627 1840
f 1200 1199 2627
f 1199 1773 641
f 1520 515 49
f 1452 1350 1349
f 2630 2631 1859
f 644 643 1335
f 3683 3700 3699
f 1197 1198 717
f 2632 717 719
f 2628 2632 1166
f 2629 1197 2632
f 1762 2633 1050
f 1823 870 873
f 2634 2635 794
f 1042 794 2635
f 93 94 1901
f 2036 2038 1458
f 1527 332 1525
f 877 876 1274
f 134 409 797
f 1328 893 931
f 607 777 1091
f 1043 2635 2637
f 2636 2637 2639
f 1275 2636 2638
f 1275 1040 1043
f 1272 2624 2626
f 2640 2626 638
f 1110 2641 2640
f 536 1272 2640
f 1472 708 1474
f 2042 2030 1951
f 3668 3632 3633
f 1058 1106 1105
f 2642 2623 2643
f 1192 2642 2644
f 912 2623 2642
f 9350 1657 8970
f 1049 1048 2620
f 616 1829 1885
f 1331 1913 666
f 990 989 1198
f 1911 1912 321
f 1298 1282 1205
f 76 1490 1504
f 1502 1500 421
f 610 609 658
f 1146 937 659
f 2646 911 914
f 1280 1239 1238
f 1453 1454 1452
f 835 942 1843
f 1271 1270 1173
f 1893 1878 1826
f 1050 2633 1937
f 2651 2652 814
f 1006 1053 1281
f 2653 1084 2654
f 1001 1004 1003
f 585 997 679
f 2624 1272 621
f 555 678 2028
f 1207 526 1197
f 1626 1627 478
f 3729 3732 3731
f 3746 3749 3748
f 3770 3752 3750
f 426 389 419
f 1030 1193 1773
f 9350 645 634
f 534 1533 138
f 1125 1092 1042
f 333 228 88
f 569 1570 561
f 3691 3694 3693
f 1489 2656 871
f 1857 2624 620
f 1673 1674 9222
f 622 861 864
f 619 788 891
f 261 544 545
f 393 1555 1556
f 2658 2659 2647
f 1075 2658 2657
f 1081 1080 2658
f 1080 1139 2659
f 2644 2643 1141
f 2660 1141 1140
f 642 2660 1336
f 1193 2644 2660
f 679 678 555
f 3762 3765 3764
f 1503 1501 1500
f 1318 1317 1101
f 2661 2659 1139
f 2661 1142 2663
f 2662 2647 2659
f 2662 2663 2622
f 2664 2622 911
f 2648 2664 2646
f 2648 2647 2662
f 3586 3658 3779
f 2083 2094 2093
f 1442 1440 1437
f 3732 3734 3733
f 519 329 330
f 1885 2029 1209
f 799 800 805
f 1946 1943 1952
f 1302 1301 1253
f 3741 3738 3757
f 3660 3663 3662
f 566 2005 224
f 1389 940 928
f 683 682 681
f 836 835 1842
f 2665 1842 1845
f 2666 2665 1303
f 24 836 2665
f 831 1072 2650
f 1845 1844 1304
f 2010 2013 2012
f 1051 1936 2667
f 1522 1521 1511
f 531 440 441
f 1250 635 2625
f 2669 2625 1857
f 783 2669 1856
f 782 1250 2669
f 720 2670 2671
f 1055 1931 1930
f 1333 1067 1251
f 619 622 1308
f 652 655 2619
f 521 522 1539
f 1838 988 537
f 2672 537 536
f 1113 2672 2641
f 1113 527 1838
f 1016 1013 1351
f 9349 573 570
f 226 227 104
f 9008 9121 9279
f 1036 1037 1884
f 2674 1301 1304
f 2673 1304 1844
f 1334 2673 2675
f 1333 2674 2673
f 2676 702 1039
f 1843 2676 2675
f 942 1074 2676
f 1074 699 702
f 752 1057 1055
f 1200 1166 656
f 1120 1846 874
f 2677 874 877
f 1241 2677 1052
f 1119 1120 2677
f 1560 1513 151
f 1208 1316 611
f 215 735 736
f 1460 1459 1462
f 3717 3720 3719
f 1208 1207 1839
f 854 856 1282
f 3682 3697 3696
f 72 445 182
f 544 1563 1565
f 217 200 456
f 3673 3647 3781
f 2047 1404 930
f 1204 2618 1937
f 913 777 686
f 3705 3708 3707
f 840 527 1113
f 1531 729 730
f 2678 778 1283
f 601 667 1914
f 1537 1538 459
f 1819 1757 8953
f 991 1860 862
f 2679 711 1073
f 3776 3775 3581
f 2680 1830 983
f 779 2680 2256
f 778 2678 2680
f 2678 2679 1830
f 180 542 245
f 1886 1132 1131
f 3766 3768 3767
f 1138 1137 1274
f 3777 3778 3585
f 1841 598 1140
f 75 313 314
f 193 423 420
f 2681 2682 1099
f 3658 3586 3587
f 170 1567 1565
f 349 416 417
f 1121 1124 2684
f 547 797 409
f 123 122 121
f 2643 2663 1142
f 1542 1544 513
f 899 900 907
f 1210 677 676
f 791 663 982
f 24 27 837
f 893 896 932
f 1860 1320 863
f 535 538 862
f 3640 3684 3683
f 1569 1548 1547
f 181 455 542
f 660 659 937
f 2013 567 568
f 3781 3647 3644
f 887 890 2631
f 1524 1508 361
f 520 161 162
f 2653 855 854
f 1238 1237 2655
f 718 1838 527
f 1492 1493 518
f 792 616 615
f 599 846 1835
f 290 457 456
f 312 171 1552
f 1248 2687 1179
f 153 149 177
f 1240 1181 1222
f 1257 1292 1235
f 1291 1084 1083
f 1052 877 1277
f 743 742 2618
f 444 140 430
f 23 1224 1172
f 2687 2654 1180
f 102 103 409
f 1283 607 610
f 373 497 650
f 1180 2654 1084
f 855 2653 2655
f 1173 1270 1917
f 2689 850 853
f 2688 853 1108
f 2686 2688 1279
f 2687 2689 2688
f 2691 1302 1252
f 2690 1252 850
f 1248 2690 2689
f 1248 1247 2691
f 2692 617 24
f 2691 2692 2666
f 1247 1258 2692
f 1258 1168 617
f 394 1554 1555
f 2693 1260 1259
f 1072 1236 1262
f 1257 1071 1168
f 398 439 1555
f 871 1784 1314
f 1178 1232 1249
f 1224 1289 1173
f 1010 2617 2618
f 1175 1174 1292
f 2654 2687 2686
f 2694 1157 1216
f 71 418 1487
f 701 1112 1111
f 1072 1261 2649
f 1085 2695 22
f 895 2694 1264
f 1601 1606 1605
f 1259 1262 1271
f 21 20 1220
f 988 991 538
f 3533 3479 3535
f 598 597 1336
f 1050 860 818
f 1298 2645 1761
f 1168 1167 618
f 3629 3671 3670
f 858 1168 1256
f 39 242 516
f 2652 1761 819
f 313 316 315
f 2026 1970 1971
f 2656 1489 596
f 814 819 818
f 2696 2651 813
f 1260 2696 2649
f 2693 2697 2696
f 2697 1296 2651
f 381 355 390
f 9270 9271 1611
f 1475 1427 1428
f 1292 1174 1917
f 1551 353 354
f 1526 1525 1523
f 1593 1589 1595
f 1232 1269 1246
f 2695 2693 1223
f 2698 1297 1296
f 2698 2697 2693
f 2685 2698 2695
f 2685 854 1297
f 562 1497 271
f 2652 2651 1296
f 1365 1366 1364
f 1958 1946 1953
f 585 588 2210
f 1561 1560 1515
f 975 2648 1146
f 347 67 68
f 1038 1111 636
f 2700 781 780
f 2699 780 1036
f 2701 2699 1883
f 851 2700 2699
f 2674 1333 2251
f 2702 2251 781
f 1253 2702 2700
f 1301 2674 2702
f 1519 387 388
f 1273 1239 1280
f 2703 1280 1107
f 2701 2703 852
f 1829 1273 2703
f 91 260 326
f 1784 871 2656
f 2683 2684 2705
f 604 1894 8943
f 1669 8978 8992
f 2062 2063 2060
f 621 535 861
f 2023 731 732
f 686 779 1263
f 857 1051 2668
f 883 830 882
f 3648 3651 3650
f 637 636 1111
f 2668 894 893
f 3692 3712 3711
f 2667 921 894
f 1039 1038 1068
f 313 75 1504
f 1911 1972 305
f 1936 2706 1964
f 2707 2402 2401
f 2708 2707 2183
f 738 2163 2116
f 3785 3787 3709
f 2349 2348 2432
f 2711 2712 2020
f 2400 2711 2019
f 2714 2715 2716
f 2717 2718 2719
f 2721 2722 2723
f 2726 2727 2728
f 2725 2728 2730
f 2731 2725 2729
f 2732 2726 2725
f 2734 2735 2736
f 2738 2739 2740
f 2737 2740 2741
f 2744 2745 2746
f 2745 2744 2748
f 2749 2750 2747
f 2753 2749 2751
f 2250 1380 2246
f 3417 3420 3419
f 2754 1396 1614
f 9050 2754 2755
f 9060 2745 2747
f 1617 2756 2755
f 2242 2758 1620
f 3429 3432 3431
f 2191 2085 2760
f 2761 2759 2760
f 9100 2759 2761
f 9075 2191 2759
f 3209 3460 3354
f 1395 1394 2236
f 1395 2235 1636
f 3741 3791 3790
f 1616 1635 2229
f 3410 3413 3412
f 1617 2234 2763
f 2756 2763 9080
f 2765 2763 2234
f 2766 2764 9080
f 3202 3199 3458
f 1516 437 435
f 2768 2769 8996
f 1495 541 578
f 2135 2136 28
f 8970 8984 2773
f 1690 1689 9378
f 2778 2779 2780
f 2777 2780 2781
f 2784 2778 2777
f 8999 8965 575
f 1494 1904 9
f 8973 2016 2015
f 451 61 505
f 2786 2787 2788
f 2779 2786 2785
f 2789 2752 2741
f 2790 2753 2752
f 2792 2793 2794
f 2793 2795 2796
f 2796 2797 2750
f 2794 2796 2749
f 2798 1393 1396
f 9043 2798 2754
f 2798 2799 2800
f 9043 9114 2799
f 2797 2796 2795
f 2791 2794 2753
f 216 233 232
f 9256 2806 2807
f 9257 2809 2804
f 2769 2810 9001
f 183 185 184
f 2811 2812 2775
f 2804 2811 2776
f 2809 2813 2811
f 2812 2811 2813
f 9257 2808 2816
f 9248 2818 2815
f 9250 9252 2820
f 9245 2823 2819
f 2824 2736 2735
f 2823 2825 2824
f 2825 2823 2826
f 9245 2822 2827
f 9248 2817 2826
f 2713 2716 2829
f 2828 2829 2831
f 2822 2821 2828
f 2821 2820 2713
f 2832 2827 2822
f 2833 2832 2830
f 2834 2835 2832
f 2835 2818 2827
f 2837 2838 2839
f 2836 2839 2841
f 2842 2836 2840
f 2843 2837 2836
f 2840 2841 2845
f 2718 2844 2845
f 2730 2728 2844
f 2727 2840 2844
f 2846 2845 2841
f 2829 2846 2847
f 2847 2841 2839
f 2848 2839 2838
f 2833 2848 2849
f 2831 2847 2848
f 2850 2814 2851
f 2853 2850 2852
f 2783 2777 2782
f 2785 2788 2853
f 2780 2785 2856
f 2857 2858 2855
f 2859 2857 2782
f 2861 2843 2842
f 2860 2842 2727
f 2862 2860 2726
f 2863 2861 2860
f 2861 2863 2858
f 2843 2861 2857
f 2856 2853 2854
f 2781 2856 2864
f 2837 2843 2859
f 2838 2837 2864
f 2852 2851 2834
f 2854 2852 2849
f 2865 2815 2818
f 2851 2865 2835
f 2813 2809 2815
f 2814 2813 2865
f 2866 2812 2814
f 2788 2866 2850
f 2866 2788 2787
f 2812 2866 2867
f 1892 1889 1890
f 2720 2719 2846
f 298 299 256
f 2872 2714 2713
f 9246 9252 2735
f 2729 2730 2874
f 2846 2716 2715
f 2876 2877 2878
f 2733 2875 2878
f 9258 9259 2879
f 9258 2880 2872
f 2882 2883 2884
f 2881 2884 2715
f 2880 2881 2714
f 2879 2882 2881
f 2885 2886 2887
f 2888 2889 2890
f 2885 2890 2892
f 2893 2886 2885
f 1942 2151 2532
f 2895 2892 2720
f 2884 2895 2870
f 2883 2896 2895
f 2896 2891 2892
f 2889 2874 2717
f 2890 2717 2720
f 2897 2893 2891
f 2898 2897 2896
f 2899 2898 2883
f 2900 2899 2882
f 9249 2900 2879
f 2876 2902 2901
f 2901 2902 2904
f 1785 2656 1835
f 2905 2906 2899
f 2907 2908 2897
f 9249 2901 2903
f 632 576 577
f 8976 8991 2867
f 434 385 550
f 2768 2770 9092
f 2910 2911 1623
f 2241 2912 2758
f 9092 2770 2913
f 1623 2911 2757
f 9039 2242 2757
f 2229 1381 1380
f 2765 1630 1629
f 2915 2914 1629
f 9094 9093 2914
f 9093 9074 2765
f 2919 2916 9094
f 2918 2915 2912
f 9066 2918 2241
f 9070 2919 9065
f 8985 2177 2180
f 8965 2002 2188
f 3694 3626 3627
f 9157 9017 714
f 2925 2766 2917
f 2924 2917 2916
f 9062 2924 2919
f 9063 2925 2924
f 2926 2927 2766
f 9110 2926 2925
f 1715 1713 1705
f 785 497 498
f 1387 651 565
f 374 375 1899
f 9017 2203 2206
f 2929 2930 2886
f 2932 2933 2934
f 1905 1906 1908
f 2930 2935 2936
f 2938 2935 2930
f 1493 369 517
f 1603 1585 1586
f 2939 2938 2929
f 2940 2939 2908
f 9117 1707 1600
f 2886 2930 2937
f 2906 2907 2898
f 2908 2929 2893
f 2942 2934 2933
f 2941 2933 2937
f 8945 2941 2936
f 8942 2942 2941
f 2943 2944 2710
f 2943 2873 2874
f 2945 2943 2889
f 2946 2944 2943
f 2932 2945 2888
f 2931 2946 2945
f 727 1928 1929
f 2903 2904 2947
f 545 594 42
f 1480 1570 533
f 2907 2906 2949
f 2906 2905 2950
f 1558 452 215
f 9251 2903 2948
f 2054 1645 1644
f 9157 9136 2203
f 1828 1837 1849
f 2953 2954 2955
f 2952 2955 2957
f 2956 2261 2258
f 2953 2952 2258
f 2454 2455 2474
f 9199 2958 2959
f 9199 2132 2131
f 2961 2962 2963
f 2958 2963 2964
f 222 221 2485
f 2477 2226 2966
f 2631 2561 2006
f 2384 2454 2496
f 2967 2968 2959
f 2968 2967 2970
f 9211 2033 2971
f 9236 2971 2960
f 2972 2971 2033
f 2007 2377 2973
f 9004 9003 2134
f 1836 1833 1832
f 8950 2188 2090
f 955 810 959
f 672 675 674
f 633 710 713
f 2024 732 733
f 2025 2024 803
f 425 1552 1550
f 2975 2976 888
f 1319 1158 1157
f 1212 1935 2977
f 889 957 2228
f 1978 1974 1975
f 1138 1078 1329
f 751 665 2979
f 1619 1613 1625
f 2252 2255 1728
f 1157 1160 845
f 2706 1936 1938
f 2980 2255 2254
f 2982 2975 887
f 802 712 711
f 678 677 2029
f 527 840 690
f 1839 1207 2629
f 2983 2984 602
f 2983 1914 1913
f 2985 2983 1331
f 2986 2984 2983
f 2987 2637 2635
f 2985 2988 2639
f 2990 1319 1318
f 2991 2992 2993
f 2995 2991 2994
f 1106 1058 2991
f 1058 1057 2992
f 1415 1406 1365
f 1317 922 2217
f 1932 1728 2255
f 926 2998 2999
f 3001 2993 2992
f 3000 2992 1057
f 2999 3000 2978
f 2998 3001 3000
f 3002 2998 2209
f 3002 3003 2996
f 2993 3001 3002
f 1103 1106 2995
f 3004 2995 2996
f 2209 2210 3004
f 588 1103 3004
f 295 296 433
f 2638 2639 2988
f 3005 2988 1056
f 1305 3005 1930
f 1276 2638 3005
f 1987 1968 1993
f 2633 1762 1761
f 1423 1422 1417
f 9005 8961 739
f 2671 2670 2704
f 1473 1872 2035
f 922 1317 2694
f 1401 1400 1378
f 556 2028 1884
f 842 848 9277
f 1854 2706 2617
f 933 1082 1081
f 1440 1441 1436
f 529 657 719
f 1031 1025 1027
f 777 913 912
f 2645 1205 1204
f 441 438 1538
f 3771 3774 3773
f 790 1287 587
f 2065 2066 1610
f 1860 991 990
f 60 106 87
f 1424 1017 1948
f 332 1527 1507
f 261 262 138
f 187 188 449
f 1719 1720 1726
f 1931 1055 1059
f 3006 1059 1105
f 1287 3006 1104
f 1286 1931 3006
f 3007 3008 3009
f 3009 3008 653
f 618 999 26
f 2029 677 1210
f 957 601 600
f 1049 2146 2228
f 2631 890 3011
f 890 889 2227
f 3011 2227 2145
f 2561 3011 3012
f 1026 656 609
f 2706 1854 1961
f 3013 2965 2485
f 2148 2147 1267
f 3015 1267 1266
f 2997 2264 1101
f 642 641 1773
f 186 477 461
f 1041 1040 1320
f 1121 3016 3017
f 2984 2986 2987
f 3018 2987 2634
f 1048 603 3018
f 603 602 2984
f 2679 2678 801
f 2062 2072 2074
f 2061 2074 2076
f 414 303 1545
f 3016 1121 2683
f 3019 2683 2704
f 3020 3019 2670
f 3007 3016 3019
f 1871 1090 1091
f 3021 1787 1122
f 3022 3021 3017
f 1314 3021 3022
f 1784 1787 3021
f 1316 1315 1763
f 3023 3022 3010
f 3023 3009 795
f 1763 3023 1092
f 1315 3022 3023
f 3016 3007 3010
f 752 751 2978
f 2986 2639 2637
f 3024 654 653
f 3020 3024 3008
f 720 723 3024
f 723 2621 654
f 2681 1098 1268
f 2671 3025 1268
f 2705 2681 3025
f 1313 3026 3027
f 3026 3028 3029
f 3027 3029 3030
f 1311 3027 3031
f 2012 568 731
f 917 2657 974
f 3742 3745 3744
f 743 1206 856
f 1888 2027 2030
f 2682 2705 2684
f 3032 2684 1124
f 1100 3032 2989
f 1099 2682 3032
f 1123 2990 2989
f 3033 1834 1159
f 2990 3033 1158
f 1123 1786 3033
f 1786 1785 1834
f 1054 1056 2988
f 2979 665 664
f 2623 2622 2663
f 1095 660 688
f 3034 3035 2261
f 3036 3034 2956
f 3037 3038 3034
f 3038 3039 3035
f 3040 3041 3026
f 2263 3042 3041
f 3042 3039 3043
f 3041 3043 3028
f 3044 3045 3043
f 3046 3047 3045
f 3047 3048 3049
f 3043 3045 3049
f 3038 3037 3051
f 3050 3051 3053
f 3052 3046 3044
f 3039 3038 3050
f 3054 3035 3039
f 3042 2263 2262
f 2261 3035 3054
f 2216 2263 2997
f 2212 2211 2667
f 3056 868 2209
f 934 3057 1961
f 2013 9207 9209
f 3058 3059 3060
f 3059 3062 3063
f 3060 3063 2213
f 3061 3060 1963
f 3063 3064 2214
f 3062 3065 3064
f 3065 2257 2260
f 3064 2260 2215
f 3066 3067 3031
f 2608 2966 3067
f 2966 2562 3068
f 3031 3067 3068
f 2455 2458 2461
f 2476 2223 2226
f 8995 2090 2089
f 8970 2774 9221
f 433 354 355
f 2115 1423 1419
f 8953 2868 2922
f 9221 9189 2131
f 3069 2611 2167
f 2971 2972 2928
f 2961 2774 2773
f 3070 2475 2478
f 2610 2609 3071
f 2502 2371 2374
f 3072 2592 2595
f 2964 3046 3052
f 3048 2593 3074
f 2593 2592 3075
f 3075 3030 3029
f 3074 3029 3028
f 3072 3076 3075
f 3076 3072 2482
f 2481 2608 3066
f 3076 3066 3030
f 2967 3052 3053
f 2482 3072 3073
f 479 480 493
f 706 9352 9325
f 9005 2194 2221
f 2013 2010 9206
f 8977 2032 2016
f 9006 8963 2222
f 1171 1154 1155
f 3782 3644 3689
f 2586 2566 2565
f 2982 110 113
f 2562 2376 3077
f 2376 2375 3012
f 3012 2145 2148
f 3077 2148 3015
f 2963 3047 3046
f 3051 3078 2970
f 1683 2173 491
f 9302 2122 1447
f 1986 2181 9186
f 3079 3080 2546
f 3081 3079 2575
f 1983 1986 9220
f 3082 2323 2319
f 3080 3082 2545
f 9186 9184 3082
f 9184 9200 2323
f 1309 1471 1888
f 3073 2595 2772
f 2760 3083 3084
f 2760 2085 2088
f 3085 3084 3086
f 3089 3085 3090
f 3089 2762 3084
f 3092 3088 3090
f 3093 2748 2744
f 2751 2747 2748
f 3093 2741 2752
f 2742 2741 3093
f 3094 3093 2743
f 3096 3097 3098
f 3099 3096 3087
f 3097 3094 3095
f 3100 2743 2746
f 3101 2927 3102
f 2764 2766 2927
f 2745 2764 3101
f 3102 3092 3091
f 3100 3091 3095
f 2869 2802 9044
f 3102 3103 3104
f 9110 2868 2869
f 2927 2926 3103
f 3098 3095 3091
f 3087 3098 3090
f 2088 2125 3105
f 3083 3105 3086
f 2483 3073 2771
f 2401 2186 2185
f 3099 3086 3105
f 2125 2207 3106
f 3108 2737 2742
f 3107 2742 3094
f 3110 3108 3107
f 3109 3107 3097
f 3111 3109 3096
f 3112 3110 3109
f 3113 2738 2737
f 3115 2723 2722
f 3117 3115 3114
f 3119 3117 3116
f 3118 3116 3120
f 3116 3114 3113
f 3122 3112 3111
f 3122 3123 1755
f 3124 3125 3126
f 3125 3118 3121
f 3128 3119 3118
f 3129 3128 3125
f 2020 2712 3128
f 9305 9309 1346
f 1065 1046 1047
f 1814 9290 9282
f 2021 2020 3129
f 3111 3099 3106
f 3123 3106 2207
f 2377 2225 2224
f 3014 2485 113
f 1756 2208 9234
f 3131 3132 2530
f 3133 3131 2528
f 1753 1756 9219
f 3134 3124 3127
f 2327 2408 2314
f 2436 2318 2317
f 2018 2021 9163
f 2534 3136 3137
f 2320 2322 3136
f 2185 2018 9164
f 3138 3139 2542
f 3134 3135 9196
f 9237 3130 3134
f 3140 3138 2539
f 2535 3137 3140
f 9163 2021 3130
f 2558 2530 3132
f 9234 9212 3141
f 2560 2558 3141
f 9212 9229 3142
f 958 888 2976
f 1933 1932 2980
f 3714 3704 3729
f 2399 2424 2418
f 2348 2342 2343
f 2322 2320 2319
f 2718 2717 2874
f 2709 2729 2873
f 2894 2871 1361
f 3788 3789 3720
f 346 289 176
f 1876 1877 1882
f 2802 2803 9059
f 3104 3144 3088
f 2974 2222 9101
f 3089 3145 2761
f 3088 3144 3145
f 2803 2974 9055
f 9322 9361 692
f 2123 1419 1418
f 1365 1363 1368
f 3346 3345 3344
f 1581 1766 1782
f 9013 2202 2129
f 8999 2003 2002
f 3146 2585 2551
f 9203 3146 3147
f 9194 3149 3146
f 3149 2584 2585
f 3196 3198 3197
f 9056 2192 2191
f 3142 3150 2556
f 9229 9230 3150
f 9098 3152 2550
f 3150 3151 2555
f 9230 9232 3151
f 9240 9233 3152
f 3153 3147 2551
f 3152 3153 2549
f 9233 9228 3153
f 9228 9202 3147
f 3148 2767 2206
f 2183 2401 2321
f 2132 2960 2928
f 3299 3300 3321
f 9136 9137 2204
f 9171 2198 2197
f 2594 2962 2773
f 2595 2594 2951
f 1870 798 799
f 3257 3260 3259
f 9165 2179 2178
f 9158 2178 9188
f 336 3154 9226
f 339 3155 3154
f 9241 9135 3149
f 9135 9149 2584
f 2963 2962 3048
f 9174 9182 337
f 339 338 2566
f 3156 3157 2168
f 2610 3156 2167
f 2954 2953 3156
f 3157 3156 2953
f 9159 2166 2169
f 2567 3158 3159
f 337 3158 2567
f 9182 3069 2166
f 9216 2190 1983
f 2579 3160 3081
f 2568 3159 3160
f 9161 2169 2190
f 3065 3062 3162
f 3161 3162 1984
f 3157 3161 2189
f 2257 3065 3161
f 734 735 1922
f 3059 3058 2708
f 3163 2708 2182
f 3162 3163 1985
f 3062 3059 3163
f 3203 3206 3205
f 3806 3809 3808
f 2122 2119 1448
f 9269 1686 1685
f 139 140 444
f 1570 569 566
f 2957 3164 3165
f 2955 3166 3164
f 1912 454 341
f 3130 3129 3124
f 1548 322 319
f 1949 1950 1327
f 2969 2970 3078
f 3167 3078 3169
f 9176 2014 2017
f 9172 2017 2033
f 3168 3169 3165
f 3170 3165 3164
f 9231 3170 3171
f 9176 3168 3170
f 3171 3164 3166
f 3172 3166 3071
f 9204 3172 3173
f 9208 3171 3172
f 3169 3037 3036
f 2593 3048 2962
f 3173 3071 2609
f 3174 2609 2199
f 9235 3174 2198
f 9201 3173 3174
f 2190 2189 1984
f 2196 2195 2767
f 3326 3329 3328
f 2119 2120 1414
f 1464 1463 1466
f 2199 2611 3069
f 2457 2456 2587
f 2226 2225 2562
f 481 478 1627
f 333 1512 235
f 3078 3051 3037
f 3040 2264 2997
f 3351 3352 3262
f 2219 1934 1933
f 2385 2384 2497
f 221 2220 3175
f 2220 1933 3143
f 3175 3143 2976
f 2484 3175 2975
f 2954 3071 3166
f 2630 1858 110
f 1547 319 1952
f 2091 2090 2188
f 9185 9188 2178
f 1918 1919 1927
f 9007 112 111
f 3398 3401 3400
f 955 956 960
f 2037 3014 112
f 3143 2980 2981
f 2218 2211 2214
f 672 9329 9239
f 2152 3013 3014
f 1147 1144 1143
f 2248 2246 1409
f 1615 1636 1635
f 1410 1409 2246
f 3486 3488 3487
f 3468 3469 3502
f 3451 3453 3452
f 1382 3176 3177
f 3177 1410 2247
f 2247 1383 3177
f 3176 2238 2230
f 1410 3177 3179
f 3179 3180 2243
f 1633 3181 2800
f 3816 3818 3817
f 1621 1620 2758
f 3642 3801 3662
f 3422 3421 3260
f 1622 1621 2245
f 2236 1394 3181
f 3793 3796 3795
f 3493 3496 3495
f 2237 2236 3182
f 3513 3516 3515
f 2250 1631 2233
f 3654 3666 3667
f 2912 1629 1628
f 3819 3822 3821
f 3432 3824 3823
f 135 136 1564
f 1567 419 512
f 1085 1084 2653
f 3184 869 868
f 869 3184 3057
f 3389 3388 3387
f 1266 1268 1098
f 1267 2147 722
f 937 1146 2646
f 2146 1049 722
f 2211 2218 921
f 1957 510 507
f 1313 1312 2264
f 1496 362 1493
f 2887 2937 2933
f 1687 1688 1659
f 145 1499 1498
f 3831 3829 3830
f 37 38 418
f 1935 1934 3185
f 104 89 301
f 2101 2098 2083
f 543 298 360
f 1934 2219 3186
f 234 1521 212
f 9297 9273 1822
f 3825 3828 3827
f 1976 1875 1874
f 223 3186 2219
f 9107 9108 9057
f 2165 2164 467
f 467 468 2165
f 773 476 2165
f 3673 3658 3659
f 1935 1212 1728
f 3490 3491 3840
f 3362 3359 3848
f 3862 3865 3864
f 3465 3466 3484
f 3893 3894 3525
f 3352 3351 3430
f 3869 3872 3871
f 3529 3530 3567
f 3420 3417 3922
f 3304 3235 3236
f 3929 3932 3931
f 3324 3326 3327
f 3219 3937 3939
f 3220 3938 3937
f 3450 3375 3376
f 3942 3832 3833
f 3215 3216 3454
f 3946 3332 3215
f 3422 3949 3948
f 3950 3457 3198
f 3205 3206 3957
f 3261 3962 3961
f 3852 3853 3964
f 3214 3211 3946
f 3965 3213 3214
f 3797 3800 3799
f 3988 3991 3990
f 3777 3779 3806
f 3855 3858 3447
f 3737 3799 3800
f 3949 3953 3952
f 3651 3782 3783
f 4001 3784 3787
f 4019 4022 4021
f 4027 4030 4029
f 3258 3259 4030
f 4033 4036 4035
f 3424 3425 4047
f 3242 3243 4058
f 3970 3489 3547
f 3829 3242 4057
f 3333 3332 3947
f 4063 4068 4065
f 4073 4076 4075
f 3568 3456 3443
f 3981 3334 3335
f 3540 3915 3862
f 4078 4079 4031
f 3565 3566 4088
f 3442 3455 4089
f 4092 4095 4094
f 4093 4094 4097
f 3619 3620 3623
f 3660 4098 3821
f 3809 3648 3649
f 3610 3652 3655
f 3656 3622 3623
f 3621 3803 3804
f 3503 3480 3481
f 3436 3439 3438
f 3356 3428 3427
f 3628 3670 3669
f 3734 3811 4002
f 3276 3273 3370
f 3763 4106 4107
f 4006 4007 3754
f 3747 3751 3752
f 3863 3864 4110
f 3994 3891 4003
f 3653 3801 3664
f 3296 4116 4115
f 4117 4120 4119
f 3249 3252 3251
f 4127 4130 4129
f 3478 3575 3903
f 3410 4136 3921
f 3977 4061 4038
f 3216 3452 3453
f 3967 3547 3548
f 4140 4078 4032
f 3509 4086 4149
f 4151 4152 3659
f 4153 4152 3656
f 4153 4154 3646
f 4156 3688 3645
f 4139 4077 4078
f 3743 3744 4163
f 3861 3918 3987
f 3468 4066 4067
f 3306 3981 3980
f 4172 4173 4010
f 4169 4170 3836
f 4187 4190 4189
f 4213 4216 4215
f 4220 4223 4222
f 4225 4226 4211
f 4230 4233 4232
f 4240 4243 4242
f 3606 3609 3608
f 4250 4253 4252
f 4258 4261 4260
f 4077 4080 4079
f 4276 4279 4278
f 4308 4262 4263
f 4017 4018 3872
f 3196 3193 3951
f 4316 4317 4270
f 3870 4306 4307
f 4324 4327 4326
f 4333 4334 4247
f 4338 4341 4340
f 4348 4351 4350
f 4283 4284 4289
f 4356 4359 4358
f 4359 4019 4020
f 4362 4363 4196
f 4320 4364 4279
f 4370 4372 4296
f 4377 4253 4303
f 4231 4232 4201
f 4203 4212 4331
f 4037 4040 4039
f 4371 4265 4386
f 4387 4346 4347
f 3309 3293 3294
f 4099 3723 3724
f 4355 3422 3257
f 3630 3680 3693
f 4277 4278 4302
f 4350 4318 4319
f 4353 4354 4351
f 3637 3634 3639
f 4394 4395 3827
f 3311 3312 4399
f 3755 3708 4005
f 4363 4362 4259
f 3454 3453 3919
f 3446 3447 3459
f 4298 4299 4404
f 3749 3746 3769
f 3791 3741 3756
f 3643 3685 3684
f 3845 3846 3399
f 4313 3257 3258
f 4411 4413 4408
f 3843 4424 4423
f 4214 4215 4329
f 4431 4434 4433
f 3918 3861 3798
f 3927 3928 3388
f 4453 3893 3874
f 4138 4458 4457
f 3346 4460 4459
f 4100 4109 4108
f 3974 3977 3976
f 3665 3655 3652
f 3773 3565 3993
f 3945 3454 3920
f 4144 4463 4462
f 4464 4467 4466
f 3268 4142 4479
f 4484 3921 4136
f 3348 3914 4487
f 3313 3314 3912
f 3803 3621 3617
f 4086 3509 3510
f 4034 3304 3305
f 3403 3404 4171
f 4481 4482 4492
f 4177 4180 4179
f 4398 4170 3923
f 4451 4493 4494
f 4501 4075 4076
f 4509 4510 4506
f 3304 4034 4462
f 4485 4399 3312
f 3419 4488 3349
f 4356 4345 4385
f 4026 4354 4358
f 4354 4353 4357
f 3599 3596 4091
f 4341 4338 4254
f 4251 4252 4524
f 3482 3485 3484
f 3843 3543 3544
f 4295 4341 4274
f 4381 4530 4206
f 4204 4205 4531
f 4533 4536 4535
f 4542 4545 4544
f 4546 4549 4548
f 4573 4574 4547
f 4575 4578 4577
f 4221 4581 4580
f 4587 4590 4589
f 4328 4592 4589
f 4187 4565 4563
f 4595 4583 4593
f 4597 4605 4604
f 4609 4608 4611
f 4620 4623 4622
f 4612 4615 4614
f 4636 4638 4600
f 4649 4651 4650
f 4652 4655 4654
f 4662 4665 4664
f 4666 4669 4668
f 4637 4639 4685
f 4627 4701 4700
f 4684 4686 4636
f 4663 4689 4661
f 4699 4698 4697
f 4647 4648 4703
f 4709 4711 4603
f 4724 4633 4726
f 4742 4745 4744
f 3311 3923 3924
f 4698 4759 4758
f 4749 4765 4609
f 4342 4345 4344
f 4797 4800 4799
f 4490 4048 3974
f 4019 4359 4306
f 4512 3955 4514
f 3991 3988 4508
f 4692 4695 4694
f 4680 4681 4818
f 4821 4822 4824
f 4367 4239 4243
f 4833 4832 4831
f 4837 4744 4757
f 4332 4563 4562
f 4683 4835 4819
f 4845 4843 4850
f 4751 4753 4752
f 4854 4855 4695
f 4858 4719 4718
f 4822 4559 4859
f 4674 4646 4647
f 4771 4774 4773
f 4726 4727 4537
f 4714 4718 4719
f 4633 4634 4688
f 4616 4619 4618
f 4686 4684 4842
f 4869 4707 4708
f 3502 3868 3528
f 4777 4660 4737
f 4734 4732 4779
f 4883 4755 4663
f 4375 4294 4274
f 4290 4343 4335
f 4816 4815 4812
f 4778 4779 4732
f 4158 3710 4160
f 4195 4198 4197
f 3860 3861 4166
f 3758 3759 3763
f 3694 3691 4157
f 4249 4248 4391
f 3467 3470 3469
f 4209 4212 4211
f 4142 3268 4144
f 3615 3614 3617
f 3479 3480 3536
f 4883 4753 4672
f 4802 4801 4642
f 3698 3637 3638
f 4105 3725 3726
f 4848 4645 4896
f 4878 4877 4744
f 4610 4874 4748
f 4036 3403 4489
f 4355 4313 4314
f 4171 4141 4049
f 3875 3452 3216
f 4868 4865 4863
f 4623 4900 4691
f 3629 3626 4155
f 4654 4887 4898
f 4012 4015 4014
f 4902 4903 4866
f 4768 4769 4908
f 4370 4386 4385
f 4888 4860 4914
f 3546 3543 3917
f 4932 4926 4931
f 3625 3622 4151
f 3804 3669 3670
f 3816 4104 4103
f 4911 4898 4887
f 4928 4930 4927
f 4925 4929 4927
f 3655 3665 3666
f 4932 4919 4910
f 4937 4923 4912
f 4939 4938 4942
f 4228 4529 4530
f 4946 4945 4942
f 4938 4922 4923
f 4942 4938 4937
f 4951 4950 4930
f 4955 4951 4928
f 4748 4750 4615
f 4914 4860 4847
f 4824 4859 4584
f 4940 4939 4941
f 4916 4961 4960
f 4909 4907 4891
f 4971 4967 4968
f 4966 4970 4948
f 4962 4952 4953
f 4940 4935 4924
f 4831 4916 4917
f 4935 4936 4925
f 4275 4255 4261
f 4679 4758 4791
f 4016 4309 4373
f 4668 4764 4766
f 4539 4537 4727
f 4929 4925 4936
f 4775 4776 4801
f 4801 4776 4742
f 4732 4734 4611
f 4985 4984 4983
f 4534 4586 4562
f 4847 4644 4645
f 4788 4787 4619
f 4787 4788 4678
f 4657 4606 4605
f 4994 4996 4878
f 5006 5009 5008
f 5001 5003 4973
f 4814 4618 4619
f 5014 4989 4974
f 5003 5002 4972
f 5019 5006 5007
f 5024 5016 5017
f 5036 5037 5035
f 4990 5019 4975
f 5045 5033 5034
f 5048 5049 5034
f 5025 5017 5014
f 5046 5038 5043
f 5051 5052 5055
f 5044 5050 5060
f 5011 4981 5021
f 5013 5069 5068
f 5028 5073 5072
f 5077 5074 5064
f 5065 5080 5079
f 5083 5079 5080
f 5063 5067 5080
f 5054 5055 5071
f 4602 4603 4711
f 5058 5082 5083
f 4982 4983 4792
f 5041 5033 5045
f 3909 3911 3278
f 3471 3474 3473
f 5002 5003 4994
f 5060 5080 5067
f 4892 4861 4862
f 4891 4813 4884
f 4996 4994 5003
f 4997 5015 5005
f 4813 4617 4614
f 4618 4814 4827
f 5089 5090 5093
f 3303 3306 3305
f 5100 5103 5102
f 5107 5110 5109
f 5110 5115 5092
f 4610 4611 4734
f 5112 5103 5100
f 5088 5091 5090
f 5119 5118 5117
f 5092 5115 5096
f 3826 3830 3829
f 5108 5109 5102
f 5100 5130 5087
f 5118 5131 5133
f 3783 3689 3690
f 4444 4447 4446
f 5151 5153 5150
f 4790 4616 4617
f 4332 4182 4190
f 3266 3267 4451
f 3211 3947 3332
f 4741 4796 4760
f 4775 4778 4777
f 4764 4665 4691
f 4489 4171 4048
f 4466 4477 4511
f 4518 3936 3930
f 4786 4787 4791
f 4980 5005 4984
f 5144 5152 5150
f 5159 5146 5148
f 5121 5119 5120
f 5169 5164 5162
f 5016 4978 4979
f 5123 5180 5179
f 5181 5180 5140
f 5175 5185 5184
f 4575 4581 4586
f 4984 4985 4976
f 4596 4599 4598
f 5182 5181 5183
f 4785 4619 4787
f 5137 5124 5122
f 5167 5179 5180
f 4835 4683 4898
f 4687 4727 4726
f 4176 3836 4170
f 4760 4761 4655
f 4681 4680 4649
f 5121 5093 5132
f 5171 5191 5178
f 5174 5178 5191
f 5169 5193 5194
f 4909 5094 5095
f 5105 5104 5112
f 4767 5108 5126
f 5201 5202 5205
f 5219 5218 5217
f 5229 5214 5200
f 5234 5237 5236
f 4069 4072 4071
f 4724 4725 4717
f 5108 4767 4768
f 5103 5195 5126
f 5227 5218 5211
f 5015 4997 4884
f 4997 4998 4892
f 5197 5198 5215
f 5241 5199 5247
f 5013 4975 5019
f 5205 5239 5232
f 4969 4967 4971
f 5239 5205 5249
f 4808 5243 5225
f 5216 5247 5199
f 5253 5245 5242
f 5235 5236 5255
f 5135 5148 5157
f 5264 5260 5267
f 5245 5203 5215
f 5260 5261 5269
f 5264 5266 5274
f 5154 5153 5173
f 5287 5272 5278
f 5256 5301 5300
f 5173 5174 5176
f 4631 4630 4629
f 4781 4784 4783
f 5309 5307 5311
f 5155 5156 5144
f 4826 4828 4827
f 5291 5295 5308
f 5310 5311 5281
f 5311 5307 5308
f 4036 4033 4176
f 4641 4716 4704
f 5220 5224 4804
f 4770 5206 5207
f 5188 5185 5175
f 5180 5123 5129
f 4626 4700 5314
f 4731 4728 5315
f 5222 5213 5210
f 4728 4882 5316
f 5230 5219 5216
f 5297 5296 5240
f 5204 5233 5208
f 5318 4868 4864
f 5273 5272 5287
f 5221 5210 5219
f 4700 4902 5321
f 5313 5314 5328
f 5157 5149 5154
f 5275 5276 5263
f 5324 5322 5318
f 5323 5332 5331
f 5343 5334 5345
f 5306 5310 5286
f 5278 5281 5311
f 4882 4625 5320
f 5109 5110 5114
f 5123 5087 5130
f 5299 5283 5284
f 5240 5198 5199
f 5229 5231 5197
f 5305 5302 5292
f 5233 5228 5225
f 5192 5190 5194
f 5104 5105 4670
f 5146 5159 5160
f 5337 5340 5347
f 5347 5340 5341
f 5353 5346 5335
f 5349 5355 5354
f 5355 5358 5357
f 5358 5355 5360
f 5355 5349 5348
f 5342 5366 5365
f 5345 5346 5362
f 5332 5364 5367
f 5372 5371 5315
f 5370 5365 5366
f 5361 5356 5354
f 5364 5365 5368
f 5369 5344 5362
f 5316 5320 5330
f 5373 5359 5371
f 5341 5342 5364
f 5374 5358 5359
f 5329 5376 5375
f 5377 5380 5379
f 5377 5376 5331
f 5380 5377 5367
f 5363 5383 5370
f 5357 5358 5374
f 5381 5385 5361
f 4814 4815 4825
f 4825 4815 4816
f 4806 4746 4747
f 5119 5121 5131
f 4696 4697 4893
f 4696 5389 5390
f 5213 5222 5388
f 5393 5389 5388
f 5380 5382 5384
f 5213 5387 4893
f 4813 4891 4908
f 5390 5392 4693
f 5294 5289 5287
f 5184 5185 5186
f 5285 5275 5253
f 4769 4789 4790
f 5327 5371 5359
f 4598 4621 4690
f 4608 4606 4733
f 4627 4624 4609
f 4596 4604 4851
f 4900 4623 4706
f 4668 4795 5395
f 4863 4865 4639
f 5392 5393 4666
f 4872 4650 4651
f 4807 4791 4758
f 5348 5338 5325
f 5176 5191 5190
f 5046 5031 5022
f 4853 4852 4869
f 5346 5353 5363
f 4709 4880 4620
f 4672 4673 4904
f 4680 4811 4651
f 4841 4844 4688
f 4823 4817 4818
f 4729 4730 4602
f 4881 4729 4851
f 5360 5348 5326
f 4852 4900 4707
f 4890 4751 4669
f 5392 5390 5389
f 5189 5182 5186
f 4881 4604 4605
f 5343 5344 5369
f 4607 4624 4625
f 5056 5055 5052
f 4850 4797 4798
f 3260 5399 5398
f 4855 4736 4899
f 5339 5343 5366
f 4789 4905 4808
f 5400 4040 3948
f 3872 3424 4046
f 4018 3423 3424
f 4025 4523 4172
f 4011 4023 4024
f 4065 4068 3900
f 3413 4012 4013
f 5056 5068 5069
f 5055 5056 5070
f 4062 5398 5399
f 5269 5289 5294
f 4685 4866 4903
f 5254 5242 5240
f 4606 4657 4658
f 4729 4881 4882
f 4030 4041 4043
f 4664 4752 4753
f 3575 3483 3904
f 3413 3410 3922
f 4949 4968 4955
f 4947 4937 4913
f 4849 4850 4894
f 4143 3974 3975
f 4912 4923 4932
f 3774 3771 3995
f 3956 3954 3342
f 4871 4872 4758
f 4270 4273 4272
f 4039 4040 5400
f 3555 3969 5402
f 5403 5404 3906
f 3908 4126 3823
f 4124 4121 5408
f 3901 3902 4046
f 4120 4117 5410
f 4124 3962 4125
f 5420 3906 5404
f 5424 4059 5425
f 3400 5429 5428
f 5432 5433 5435
f 4941 4942 4945
f 4935 4940 4949
f 3895 3898 3897
f 5426 5408 4121
f 5430 3905 3906
f 4045 4041 5398
f 5395 4693 5392
f 4846 4903 4701
f 4880 4709 4710
f 4624 4607 4608
f 4656 4690 4662
f 5305 5307 5309
f 5220 5223 5222
f 4230 4223 4327
f 5030 5073 5028
f 5213 5212 5211
f 5440 3272 3269
f 4396 4397 3980
f 5447 5448 3244
f 3328 3330 5451
f 4208 4391 4248
f 4599 4620 4621
f 4528 4339 4391
f 4529 4228 4199
f 4526 4338 4339
f 4256 4235 5452
f 4532 5452 4241
f 3834 4400 5446
f 5443 5445 5444
f 4530 4247 4334
f 4754 4886 4904
f 4229 4228 4381
f 4205 4382 4383
f 4892 4998 4987
f 4039 4032 3976
f 4738 4780 4796
f 4833 4835 4897
f 4232 4527 4200
f 4194 4240 4241
f 4889 4794 4750
f 4194 4191 4365
f 4531 4383 4195
f 5043 5042 5062
f 4182 4332 4561
f 5446 5447 3241
f 5237 5239 5248
f 4206 4334 4382
f 5210 5211 5218
f 3426 3922 3417
f 4216 4191 4192
f 4219 4210 4184
f 4180 4561 4380
f 4327 4595 4591
f 4223 4230 4231
f 4215 4192 4360
f 4186 4568 4218
f 4190 4330 4209
f 4223 4220 4595
f 4326 4591 4328
f 4366 4389 4568
f 4570 4548 4549
f 4579 4573 4548
f 4563 5453 4533
f 4583 4595 4220
f 4586 4380 4561
f 4239 4196 4363
f 4572 4571 4567
f 4536 4539 4585
f 4538 5453 4566
f 4536 4533 5453
f 3573 3986 3983
f 5427 3963 3552
f 4553 4587 4588
f 4593 4554 4555
f 4368 4365 4183
f 4361 5452 4235
f 4233 4369 4527
f 4233 4230 4324
f 4212 4209 4330
f 4237 4324 4325
f 4193 4241 5452
f 4983 5015 4885
f 5002 4995 4986
f 5074 5077 5076
f 4698 4699 5391
f 5391 4699 5390
f 4871 4899 4650
f 4546 4857 4543
f 4553 4550 4901
f 4552 4588 4555
f 5223 4804 4805
f 5386 5382 5383
f 5317 5315 5371
f 3240 3237 4429
f 5384 5385 5381
f 3938 3217 3218
f 3942 3943 5455
f 5361 5385 5386
f 4542 4540 4541
f 3910 5430 5420
f 3939 3333 4060
f 3851 5350 5351
f 3838 5427 3556
f 4547 4858 4857
f 5442 5443 4050
f 3385 3874 5428
f 4257 4234 4235
f 5312 5212 4893
f 4212 4203 4204
f 3854 3849 5461
f 4226 4184 4210
f 4202 4177 4178
f 3316 3983 3897
f 5464 5465 4432
f 5465 5466 3883
f 4472 4469 4449
f 4501 4472 4450
f 4074 4075 4080
f 5473 5474 5401
f 4173 4172 5475
f 3432 3429 3520
f 3462 5505 5504
f 4075 4501 4494
f 5482 5481 3387
f 5468 5471 5470
f 3427 5421 5422
f 4498 4499 4487
f 5403 3824 5414
f 3382 5523 5522
f 3492 5512 5511
f 3429 3434 3517
f 3873 5522 5524
f 5480 5479 3350
f 3477 5508 5505
f 4507 4508 5544
f 4396 5550 5551
f 3374 5552 5553
f 3373 5553 5554
f 5479 4521 4063
f 3390 5554 5555
f 5531 5525 5566
f 3368 5568 5567
f 5556 5557 5560
f 3393 5555 5557
f 4433 3364 5463
f 5464 5463 5458
f 4435 4437 4439
f 4055 4393 3277
f 3273 3278 3911
f 3395 3357 3358
f 5486 3894 4071
f 5526 4455 4453
f 5525 5570 5569
f 5568 3526 3527
f 3527 3362 3847
f 3365 5461 3849
f 5462 3849 3850
f 4435 4436 5571
f 3378 3379 3943
f 5573 5578 5577
f 4438 5455 3943
f 5477 5574 5579
f 5582 5581 5580
f 5583 5580 5581
f 5586 5585 5588
f 4074 5472 5586
f 5583 5585 5474
f 4507 5589 5590
f 5573 5478 4522
f 3989 5595 5596
f 5594 3406 3407
f 4436 3381 5572
f 5591 3990 3991
f 4507 4475 4476
f 3990 5591 5587
f 5578 3409 3406
f 5595 3989 5584
f 5484 3394 3358
f 4441 4442 5467
f 5472 4074 4077
f 5522 5599 5570
f 5486 3358 3353
f 5481 4498 3386
f 3475 5506 5492
f 5476 4523 3899
f 5540 5541 5606
f 5542 5540 5603
f 5608 5543 5542
f 5608 5607 5545
f 5607 5603 5609
f 5599 5600 5548
f 5598 5592 5543
f 5595 5594 5593
f 5588 5584 3989
f 5626 3265 3266
f 5627 3266 4448
f 5469 4449 4469
f 4515 4517 5625
f 4503 4473 4474
f 4481 5626 5627
f 4500 5628 5469
f 3414 4468 5466
f 5594 5595 5581
f 3376 3377 4430
f 3444 3944 3941
f 5572 3944 3444
f 4273 4286 4287
f 4345 4356 4357
f 4386 4304 4305
f 4517 4462 4463
f 4352 4349 4319
f 4352 4250 4251
f 4268 4277 4390
f 4264 5629 4320
f 4346 4387 4282
f 4337 4335 4343
f 4289 4244 4245
f 4303 4378 4287
f 4343 4290 4291
f 4284 4333 4244
f 4375 4519 4291
f 4379 4319 4271
f 4337 4353 4348
f 4524 4525 4295
f 4364 4362 4197
f 4285 4282 4390
f 5206 5209 5208
f 4297 5629 4371
f 4346 4283 4286
f 4285 4300 4333
f 3571 3572 4395
f 5341 5340 5339
f 5346 5345 5334
f 5269 5261 5273
f 4510 4509 5609
f 4509 4474 5545
f 4445 4446 5611
f 5566 5569 5568
f 5349 5336 5338
f 5489 5490 3401
f 5565 5566 3368
f 5496 5497 5417
f 5523 3382 3383
f 5325 5338 5347
f 5523 5600 5599
f 5429 3400 3401
f 3887 5632 5631
f 5634 5613 5600
f 5276 5280 5279
f 5298 5297 5257
f 5087 5086 5085
f 3361 3526 5612
f 5041 5061 5066
f 5487 5488 3383
f 5101 5116 5130
f 5299 5298 5300
f 5333 5336 5335
f 5302 5305 5304
f 5234 5247 5216
f 5301 5256 5255
f 4868 5318 5322
f 5281 5278 5277
f 5323 5321 5322
f 5298 5284 5296
f 4885 4829 4750
f 5231 5230 5196
f 4625 4626 5313
f 5111 5113 5085
f 5600 5613 5549
f 5531 5564 5563
f 5165 5166 5182
f 5283 5280 5285
f 4269 4276 4277
f 5610 5609 5603
f 5127 5090 5091
f 4907 5095 5125
f 5277 5278 5272
f 5596 5593 5592
f 5212 5312 5226
f 5273 5261 5262
f 5302 5301 5258
f 5635 5646 5645
f 4250 4352 4379
f 4485 4136 3405
f 4354 4026 4023
f 4265 4262 4304
f 4388 4390 4282
f 4345 4342 4384
f 4362 4364 4297
f 4836 4765 4612
f 4360 4361 4236
f 4369 4233 4237
f 5647 5636 3986
f 5650 3965 3192
f 5337 5338 5336
f 4467 4478 4477
f 4253 4377 4340
f 4429 3416 5457
f 3997 4133 3915
f 5535 3856 3839
f 5538 5541 4460
f 3439 3376 5571
f 5570 5525 5526
f 3438 5571 5572
f 4440 4468 3879
f 3440 5665 4407
f 3886 5685 5695
f 5534 5529 5396
f 5685 3886 3471
f 4278 4198 4301
f 5628 4448 4449
f 3579 3537 3538
f 4480 5627 5628
f 4402 5499 5517
f 4279 4197 4198
f 3603 3534 3532
f 3580 3594 4088
f 4095 3530 3531
f 5248 5249 5251
f 3778 3819 3999
f 4617 4618 4613
f 4375 4275 4372
f 3411 3405 4136
f 5094 5106 5111
f 3602 3532 3535
f 4023 4011 4350
f 4349 4352 4336
f 3605 3535 3536
f 4469 4472 4471
f 4094 3531 3593
f 4248 4249 4245
f 3519 5521 5518
f 5254 5296 5284
f 4852 4853 4795
f 4265 4371 5629
f 5632 5499 5503
f 3604 3611 3612
f 5549 5501 5502
f 3653 3606 3607
f 4780 4738 4873
f 4988 4989 4979
f 4491 5625 5626
f 4837 4904 4995
f 4615 4612 4765
f 5468 4469 4470
f 3514 3470 3467
f 5491 5680 4409
f 4093 3618 3619
f 4364 4320 5629
f 3488 5510 5509
f 5606 5539 5611
f 4210 4219 4189
f 4600 4603 4602
f 5242 5215 5198
f 5073 5074 5075
f 5651 5657 3940
f 3996 3541 3775
f 5200 5203 5202
f 5525 5531 5527
f 3364 4433 4434
f 3775 3541 3542
f 3941 3833 5485
f 3731 3706 4105
f 4997 5000 4999
f 4508 5598 5608
f 4101 4099 3818
f 3728 4109 4103
f 4591 4593 4592
f 4539 4536 4538
f 4550 4553 4552
f 4541 4566 4567
f 4389 4579 4570
f 4582 4583 4580
f 4976 4979 4978
f 4705 4708 4707
f 4797 4850 4843
f 3713 3729 3730
f 4675 4647 4702
f 4977 4978 4981
f 4810 4818 4817
f 4786 4811 4812
f 4715 4631 4628
f 4978 5016 5021
f 5010 5009 5006
f 3722 3743 4162
f 4558 4557 4560
f 4568 4570 4569
f 4584 4578 4535
f 4641 4631 4715
f 5026 5014 5012
f 4776 4777 4745
f 4714 4628 4712
f 4982 4996 5001
f 4576 4577 4560
f 4564 4567 4566
f 5069 5013 5018
f 5057 5052 5048
f 4810 4812 4811
f 3710 4158 3786
f 4991 4992 4999
f 5011 5009 5010
f 5008 5020 5022
f 5066 5067 5063
f 5047 5037 5024
f 5050 5049 5051
f 5023 5021 5016
f 5045 5044 5059
f 5047 5025 5026
f 3711 3712 3724
f 5048 5035 5037
f 5042 5040 5063
f 5058 5053 5051
f 5036 5038 5046
f 3715 3699 3700
f 5235 5256 5257
f 3732 3729 3704
f 5030 5031 5062
f 5020 5021 5023
f 5263 5262 5261
f 5049 5050 5044
f 5236 5248 5250
f 5031 5030 5027
f 5043 5038 5039
f 5320 5313 5329
f 5049 5048 5052
f 5326 5319 5317
f 3264 3261 3288
f 5264 5265 5263
f 4998 4999 4992
f 5009 5011 5020
f 5036 5032 5039
f 5032 5035 5034
f 4355 4317 3949
f 4269 4266 4374
f 4253 4250 4378
f 4525 4524 4252
f 3960 4112 4111
f 4372 4275 4258
f 5681 5672 5673
f 4378 4379 4272
f 4270 4347 4346
f 3244 5448 5644
f 4899 4703 4648
f 3734 3732 3702
f 4138 3346 3343
f 4192 4193 4361
f 3813 4001 3812
f 3817 3695 3696
f 5668 5683 5682
f 5690 5691 5687
f 5499 5632 5700
f 3999 3819 3820
f 3745 3742 4102
f 5684 3471 3472
f 5702 3859 3860
f 5712 5713 5693
f 3249 3277 4393
f 5695 5683 5715
f 5694 5715 5716
f 5719 3972 5601
f 4918 4919 4950
f 4774 4742 4743
f 5505 4415 4411
f 3583 3584 3585
f 3710 3687 4157
f 5513 5725 4417
f 5704 3563 4146
f 4141 4045 4062
f 5669 5689 5688
f 3898 3895 5653
f 5718 3973 3972
f 5684 5687 5686
f 3917 4131 5717
f 3463 5666 5662
f 5492 5506 5680
f 4931 4930 4950
f 5665 3440 3441
f 3788 3717 3740
f 3501 3502 3529
f 3569 3570 3477
f 5516 5728 5727
f 3564 3567 3566
f 3892 5405 5406
f 3962 4124 5407
f 4126 3908 4123
f 4116 3296 3287
f 3892 3887 5630
f 3824 3432 5413
f 4408 4409 5680
f 3969 3966 3978
f 4408 4413 3449
f 4414 3448 3449
f 3962 3261 3262
f 4425 5724 5616
f 4418 5725 5727
f 5716 5597 5575
f 5719 5720 5717
f 5698 5498 5692
f 3880 5621 4166
f 5652 3212 5520
f 5621 5623 4167
f 5679 4409 4410
f 3210 3209 3355
f 5622 5534 5451
f 5416 5417 5497
f 5729 5732 5731
f 5733 5734 3761
f 5735 5738 5737
f 5750 5752 5751
f 5744 5745 5740
f 5744 3770 3753
f 5753 5754 5730
f 5757 5758 5736
f 5731 5752 5765
f 5774 5777 5776
f 5790 5793 5792
f 5796 5786 5787
f 5817 5814 5819
f 5828 5831 5830
f 3725 4105 3751
f 4874 4734 4873
f 4700 4701 4903
f 4740 4820 4876
f 3199 3202 3201
f 4100 4102 4099
f 3749 3767 4108
f 3695 3817 3712
f 3378 3381 3380
f 5504 4411 4412
f 4405 4402 5518
f 5838 5839 5835
f 4705 4632 4712
f 5832 5831 5828
f 5697 5677 5678
f 3791 4006 4005
f 5848 5791 5794
f 3714 3700 3701
f 3995 4148 4042
f 3329 3326 3224
f 4005 3708 3705
f 4551 4762 4763
f 5855 5798 5808
f 5851 5795 5792
f 5803 5801 5858
f 5844 5843 5840
f 5762 5759 5743
f 5808 5809 5806
f 4012 3413 3426
f 5558 3513 3467
f 4550 4763 4720
f 4950 4951 4953
f 3885 3886 5694
f 5705 5706 4081
f 5508 4417 4415
f 3745 3759 3760
f 5507 4412 5680
f 3592 3536 3588
f 3895 5434 5658
f 5613 5500 5501
f 3834 3830 4393
f 5527 4454 4455
f 5775 5806 5809
f 5766 5767 5813
f 5858 5811 5812
f 5855 5815 5811
f 5863 5820 5819
f 5826 5859 5863
f 5862 5866 5833
f 5870 5871 5837
f 5782 5783 5831
f 5868 5838 5836
f 5778 5779 5843
f 5866 5870 5845
f 5785 5864 5867
f 5790 5788 5789
f 5796 5797 5794
f 5821 5818 5819
f 5657 5651 5620
f 5793 5849 5852
f 5855 5858 5801
f 5853 5847 5786
f 5804 5805 5802
f 5827 5867 5864
f 5767 5768 5821
f 5854 5857 5776
f 5860 5817 5818
f 5782 5832 5825
f 5781 5778 5844
f 5810 5811 5815
f 5867 5827 5830
f 5809 5808 5798
f 5828 5829 5863
f 5865 5841 5838
f 5801 5803 5802
f 4086 5707 3795
f 5779 5780 5842
f 5827 5826 5829
f 5839 5872 5869
f 5814 5815 5855
f 5711 4132 3859
f 4958 4957 4917
f 5861 5818 5821
f 5863 5859 5812
f 5865 5868 5823
f 5873 5836 5837
f 5872 5839 5842
f 4089 3455 3563
f 3812 3787 3785
f 5770 5771 5787
f 5789 5786 5847
f 5793 5789 5846
f 4145 4147 4146
f 5848 5773 5790
f 3953 4008 4009
f 5748 5875 5874
f 4624 4627 4626
f 4665 4764 4752
f 4775 4780 4779
f 4746 4670 4671
f 4637 4600 4601
f 4828 4612 4613
f 4704 4763 4762
f 4843 4845 4727
f 4543 4717 4725
f 4731 4864 4863
f 4723 4594 4558
f 4842 4846 4840
f 4717 4543 4857
f 4865 4868 4867
f 5841 5865 5866
f 4725 4726 4540
f 4798 4799 4816
f 4632 4635 4634
f 4720 4716 4715
f 4642 4645 4644
f 3754 4007 5874
f 4860 4761 4644
f 4674 4723 4722
f 4808 4809 4676
f 4721 4722 4822
f 5876 5878 5877
f 4836 4838 4840
f 4658 4661 4660
f 4826 4799 4800
f 4877 4782 4743
f 4948 4970 4971
f 4875 4739 4876
f 4954 4933 4934
f 5773 5770 5788
f 5825 5832 5833
f 5834 5837 5836
f 5834 5844 5845
f 3359 3362 3361
f 5732 5729 3756
f 3394 3397 3396
f 3766 3769 5741
f 5774 5809 5799
f 5805 5776 5857
f 5813 5821 5820
f 3969 3555 3964
f 5667 5668 5674
f 5729 5747 3792
f 3770 5744 5741
f 4741 4740 4739
f 4689 4737 4660
f 5772 5797 5787
f 5735 5733 3758
f 5850 5772 5773
f 5617 5528 3965
f 5799 5800 5854
f 5875 5748 5764
f 5840 5843 5842
f 5861 5768 5769
f 5807 5804 5853
f 5869 5781 5834
f 3765 3768 5739
f 5882 5884 5761
f 5881 5879 5887
f 5895 5896 5898
f 5907 5905 5906
f 5909 5907 5908
f 4234 4257 4526
f 3912 3927 3389
f 5934 8731 8730
f 8730 8731 5930
f 4920 4923 4922
f 8845 8847 8853
f 4141 4171 3404
f 3733 3705 3706
f 8849 8847 8848
f 4234 4237 4236
f 8863 8858 5919
f 3733 4002 4004
f 5908 5906 8859
f 8865 8866 8871
f 8859 8858 8863
f 5927 5924 5925
f 5911 5903 5904
f 8878 8871 8866
f 5635 5638 5637
f 5745 5744 5746
f 3552 3555 3554
f 8857 8889 8890
f 5924 5927 8860
f 3553 3557 3556
f 5919 5920 8861
f 8869 8865 8870
f 8873 8871 8878
f 8856 8857 8875
f 8862 8861 5889
f 8846 8845 8844
f 8864 8863 8866
f 8729 8730 8883
f 8848 8846 8887
f 8878 8879 5888
f 8896 8854 8855
f 8853 8854 8896
f 8841 8842 5882
f 3489 3492 3491
f 8867 8859 8864
f 5910 5908 8867
f 5914 5910 8898
f 5916 5914 8899
f 5889 8861 8860
f 8876 8878 8893
f 5918 5916 8900
f 4424 5722 5726
f 8904 8903 8900
f 8909 8908 8904
f 8908 8907 8903
f 8869 8909 8905
f 3632 3668 3667
f 3687 3690 3689
f 3636 3682 3681
f 3664 3641 3639
f 4304 4307 4306
f 8909 8869 8891
f 3681 3696 3695
f 3758 3761 3760
f 3684 3701 3700
f 3721 3724 3723
f 3941 3944 3943
f 3738 3741 3740
f 3687 3710 3709
f 3238 3239 3938
f 4249 4303 4288
f 4499 4498 3344
f 4240 4194 4368
f 3453 3451 3951
f 4401 3971 3547
f 3950 3951 3451
f 3702 3704 3701
f 3725 3728 3727
f 3194 3207 3208
f 4034 4035 4461
f 3914 3348 3913
f 3483 3575 3533
f 3191 3958 3957
f 4292 3489 3970
f 3909 3910 3428
f 3959 3960 3866
f 4017 4308 4309
f 4316 4318 4008
f 4448 4451 4450
f 4414 4415 4417
f 3435 3430 3351
f 4413 4411 4415
f 3899 3902 3901
f 3780 3781 3648
f 3474 3471 3886
f 3958 3191 3192
f 3221 3223 3935
f 3905 3908 3907
f 3913 4488 4486
f 4420 4422 4421
f 3881 3884 3883
f 4004 3788 3790
f 4271 4319 4318
f 4259 4297 4296
f 3501 4003 4066
f 5897 5898 5900
f 5901 5902 5904
f 8854 8849 8856
f 3789 3785 3786
f 3651 3648 3781
f 5924 5899 5901
f 8870 8871 8873
f 8876 8877 8874
f 5912 5917 5918
f 3805 3918 3799
f 3369 3370 3395
f 3923 3926 3925
f 3916 3917 3512
f 3641 3664 3801
f 4276 4269 4323
f 4181 4229 4331
f 4428 4430 3377
f 3495 4425 4321
f 4436 4435 3380
f 4430 4428 4437
f 3945 3957 3958
f 4065 3901 4047
f 4495 4497 3408
f 8913 8912 8915
f 8911 8910 8917
f 8889 8922 8923
f 8919 8935 8931
f 8884 8914 8918
f 8922 8921 8931
f 5852 5907 5909
f 5866 5862 5915
f 8926 8918 8914
f 8914 8884 8883
f 8886 8919 8921
f 5846 5847 5894
f 5873 5902 5900
f 8893 5888 5764
f 8894 8893 5754
f 5890 8860 5927
f 5885 8896 5755
f 5871 5904 5902
f 5763 8936 5883
f 5880 5890 8936
f 4175 4176 4398
f 4274 4254 4255
f 8883 8730 5931
f 8868 8905 8898
f 3289 4059 3247
f 3858 3855 5485
f 8850 8848 8886
f 4116 4120 5409
f 3889 5406 4127
f 3678 3679 8938
f 8857 8850 8888
f 3979 3551 3294
f 4126 3352 3431
f 3651 4000 3679
f 3460 3858 5921
f 4084 3309 3310
f 8905 8904 8899
f 3561 3327 5397
f 3213 3965 5528
f 4191 4194 4193
f 5449 5450 5532
f 4142 3975 4031
f 4060 3947 5652
f 4480 4483 4482
f 5519 5520 3212
f 5657 5451 3330
f 4473 4476 4475
f 3514 3515 5668
f 5663 5670 5669
f 8881 5929 5926
f 5734 5733 5749
f 4788 4789 4677
f 3997 3996 3538
f 3551 3486 3310
f 3577 3578 3998
f 4893 4697 4676
f 4753 4751 4671
f 8729 8884 8885
f 3813 3703 9021
f 8938 4001 3813
f 8882 5931 5929
f 4098 5701 3820
f 3399 5405 5416
f 5494 5495 5503
f 5880 5877 5878
f 4986 4673 4861
f 4999 5000 5004
f 4985 5001 4988
f 5816 5769 5766
f 4372 4370 4384
f 5688 5691 5692
f 8903 8902 8901
f 8879 8862 5887
f 8902 8881 8880
f 5919 5893 5895
f 4519 4384 4342
f 8847 8849 8854
f 5925 5901 5903
f 4021 3899 4523
f 5678 5677 5676
f 4424 3843 4085
f 5701 3576 3577
f 5928 5925 5926
f 5000 5005 4980
f 9022 4147 3545
f 9024 9025 5409
f 4008 4011 4010
f 3931 3234 4516
f 3822 3806 3807
f 8851 8852 8844
f 5728 5516 5509
f 9025 9023 4115
f 5209 5200 5201
f 4820 4740 4653
f 3988 5596 5598
f 3370 3911 3357
f 5639 5642 5641
f 5592 4511 4477
f 3378 3944 5572
f 5625 4463 3265
f 5594 5582 5577
f 3302 5649 5645
f 3274 3277 3278
f 5207 5208 5233
f 5071 5070 5072
f 4815 4814 4785
f 4796 4802 4643
f 3243 3244 5643
f 5301 5302 5303
f 5431 3562 5655
f 5251 5249 5244
f 3353 3427 3523
f 4174 3404 3405
f 3546 4114 4113
f 4002 3789 3788
f 4196 4239 4238
f 3232 5646 5647
f 4373 4374 4266
f 4867 5322 5321
f 5648 4054 4058
f 4455 4070 3893
f 5593 3407 4511
f 5275 5265 5252
f 5252 5265 5274
f 4092 3619 3624
f 3723 3742 3743
f 4780 4775 4802
f 4059 3289 3560
f 4317 4355 4347
f 5188 5190 5192
f 5570 5599 5612
f 3385 5429 5633
f 3526 5568 5569
f 3576 5701 3608
f 3581 3542 3594
f 5239 5237 5238
f 5081 5079 5083
f 4369 4526 4528
f 4325 4326 4329
f 3569 3285 3286
f 9022 9026 4112
f 3661 3662 3801
f 5074 5073 5030
f 5064 5062 5063
f 3563 3497 3498
f 3961 5407 4119
f 4854 4853 4870
f 5018 5007 5028
f 5007 5008 5027
f 5040 5042 5039
f 3240 3375 3875
f 5070 5069 5029
f 3504 3481 3866
f 3537 3579 3591
f 5033 5041 5039
f 4710 4638 4635
f 5017 4979 4989
f 5024 5037 5046
f 4991 5006 5019
f 4587 4553 4574
f 4996 4982 4793
f 5066 5061 5059
f 5221 5230 5231
f 5068 5056 5057
f 3675 3676 3643
f 3663 3674 3675
f 4722 4558 4559
f 3579 3576 3590
f 3686 3676 3677
f 4422 4420 3499
f 5142 5141 5138
f 5078 5071 5075
f 3609 3589 3590
f 3288 3961 5411
f 5424 9024 5410
f 5152 5144 5156
f 3960 5704 5709
f 4946 4956 4957
f 3867 3903 5705
f 9026 9022 4113
f 5192 5193 5189
f 5161 5164 5194
f 3637 3698 3682
f 4392 5461 3847
f 3796 4114 4149
f 4104 3716 3727
f 3594 3595 3993
f 3796 3793 4134
f 3687 3688 4156
f 3760 3761 4164
f 4464 3344 3345
f 3485 3528 3868
f 3846 3845 5423
f 3409 4520 4496
f 3767 3768 3765
f 3711 3721 4159
f 3797 4132 4087
f 4072 4069 5562
f 4502 4076 5590
f 5408 5426 9027
f 5683 5695 5714
f 5702 3772 4110
f 5623 4042 4148
f 5428 3874 3525
f 3668 3803 3802
f 4000 4001 8938
f 4221 4222 4179
f 4267 4268 4388
f 3721 3722 4161
f 3903 5659 5706
f 3583 3580 4090
f 3894 5486 3524
f 4635 4638 4636
f 4173 5401 4009
f 4890 4666 5393
f 5290 5291 5293
f 5339 5340 5337
f 5458 5459 4438
f 3251 5419 5430
f 3252 5418 5419
f 3428 5420 5421
f 3571 5426 5418
f 4583 4582 4554
f 4239 4367 4224
f 3322 3898 5450
f 5309 5310 5306
f 4109 3728 3748
f 5707 3865 3794
f 5139 5184 5183
f 5271 5270 5290
f 5280 5283 5282
f 5110 5107 5125
f 5319 4864 4731
f 5334 5343 5339
f 5423 3522 3523
f 5376 5377 5378
f 4721 4681 4646
f 3719 4158 4159
f 4853 4854 4692
f 5373 5372 5330
f 4428 5457 5456
f 5376 5329 5328
f 3337 3367 4434
f 4692 4693 5395
f 5475 4172 4523
f 5478 3900 4068
f 5421 5404 4129
f 5374 5373 5375
f 5283 5299 5306
f 5246 5247 5234
f 5154 5149 5150
f 4458 5562 5561
f 5163 5159 5158
f 5381 5374 5378
f 3397 3394 5484
f 4457 5561 5563
f 5147 5143 5150
f 4474 4475 5544
f 5325 5318 5319
f 5223 5394 5388
f 5517 5700 3521
f 4499 5480 3347
f 5404 5403 4128
f 3476 5507 5506
f 4084 5516 5515
f 3900 5478 5477
f 5536 5564 5547
f 5491 5498 5493
f 5474 5472 4139
f 4063 4521 4522
f 4459 4460 5541
f 5548 5549 3360
f 5444 5445 5550
f 3888 3889 5415
f 5546 5547 3339
f 5536 5539 5538
f 3570 5513 5508
f 4471 4502 5589
f 4280 3848 3359
f 5499 4402 4403
f 5189 5193 5169
f 5543 4477 4478
f 4051 5551 5552
f 3461 5504 5507
f 4629 4630 4870
f 5106 5094 4909
f 5286 5281 5279
f 5462 5463 3364
f 3491 5511 5514
f 5224 5220 5231
f 4478 4459 5540
f 4099 4102 3742
f 4803 4806 4805
f 4130 5423 5422
f 4470 4471 4476
f 4924 4925 4921
f 4920 4921 4927
f 4993 4986 4987
f 4887 4888 4913
f 3894 3893 4070
f 5472 5474 5585
f 3508 4135 4134
f 3603 3600 4096
f 3772 3773 3992
f 5712 5664 5671
f 3739 3718 4162
f 5683 5668 3515
f 5480 4465 4495
f 5698 5699 5493
f 3578 3538 3996
f 3645 3646 4154
f 5660 3904 3466
f 4135 9026 5710
f 5587 5591 4073
f 5687 5689 5693
f 3584 3583 4091
f 5585 5583 5584
f 4128 5414 5415
f 4257 4254 4338
f 4222 4231 4178
f 4366 4365 4191
f 5098 5099 5091
f 5761 5757 5737
f 5760 5737 5738
f 8852 8842 5934
f 8874 8877 8855
f 8895 8897 8855
f 5884 5882 8842
f 4557 4554 4582
f 8890 8923 8917
f 8918 8926 8930
f 8924 8926 8915
f 4182 4181 4330
f 3864 5708 5711
f 3574 3317 3230
f 3342 3954 3415
f 3488 3486 3549
f 4317 4316 3953
f 3672 3659 4152
f 5708 3864 3865
f 9021 3703 3685
f 3621 3618 3616
f 5728 4422 4419
f 4311 4027 4028
f 4131 3917 3543
f 4426 3496 3842
f 4518 3956 4168
f 5457 5465 5464
f 5425 3560 3558
f 5458 4439 4437
f 3416 3414 5465
f 5638 9028 5437
f 3985 3986 5636
f 5646 5635 5636
f 9023 9025 3554
f 5722 5510 5514
f 3256 3933 3934
f 4164 3761 5734
f 8885 8918 8920
f 3282 3932 3929
f 3292 4394 3320
f 3232 3229 3300
f 3303 3236 3271
f 3562 5431 5432
f 3392 3387 3388
f 3854 5922 5350
f 5463 5462 5459
f 5935 3474 3885
f 3879 3415 3954
f 3928 3372 3391
f 4137 5559 4458
f 5454 5455 3850
f 3548 3490 3549
f 4443 4500 5470
f 4452 4505 4506
f 4468 3414 3415
f 4443 4440 3876
f 3234 3235 4515
f 5434 3895 3896
f 5448 5440 5441
f 5447 5446 5443
f 4442 5470 5471
f 5550 4056 3275
f 5578 5573 4520
f 3464 5667 5666
f 4701 4627 4839
f 3259 5398 4041
f 4015 4012 3423
f 3558 3323 3982
f 4856 4894 4823
f 4741 4652 4653
f 3759 3745 4106
f 3560 3289 3290
f 9024 5424 3557
f 5438 3279 3280
f 3321 3283 3290
f 5557 5483 4072
f 5553 3369 3396
f 4045 4141 4174
f 4539 4845 4849
f 3536 3480 3503
f 5478 5573 5574
f 3800 3797 3510
f 4755 4883 4886
f 5561 4454 5527
f 5752 5731 5732
f 5752 5750 5756
f 3518 5492 5493
f 3767 3762 4107
f 3534 3603 4097
f 4395 3572 3826
f 3926 4052 3371
f 4446 4510 5610
f 4050 5444 3980
f 8887 8846 8843
f 5649 5639 5640
f 4643 4644 4761
f 3709 3787 3784
f 4778 4659 4660
f 5649 3302 4054
f 5646 3232 3301
f 3250 3251 3910
f 5884 5886 5757
f 5655 5656 5936
f 4224 4227 4226
f 4043 4044 3412
f 4286 4289 4288
f 4267 4311 4310
f 4493 4079 4080
f 3325 5432 3226
f 3925 3371 3372
f 4312 4315 4314
f 3996 3997 3540
f 8908 8911 8912
f 4023 4026 4025
f 3995 3890 3891
f 5482 5556 5559
f 4486 3420 3921
f 4300 4285 4302
f 5438 5642 5644
f 3233 3932 3282
f 3225 3228 3227
f 5446 4400 5445
f 5554 3396 3397
f 4834 4833 4830
f 4064 3349 3350
f 3596 3599 3598
f 5639 5649 5648
f 5434 5431 5654
f 4895 4896 4830
f 3674 3677 3676
f 3551 3979 3978
f 3835 3836 3305
f 3813 3810 3702
f 3691 3711 4160
f 4109 4100 4101
f 4565 4187 4188
f 3490 3548 3547
f 3672 3646 3647
f 8906 8907 8912
f 3810 3812 3811
f 4051 4052 4397
f 3566 3599 4090
f 5580 5475 5476
f 4456 4457 5537
f 5539 5536 5546
f 8844 5934 8729
f 8872 8873 8874
f 4383 4301 4198
f 4931 4926 4927
f 5529 5530 5397
f 5314 5321 5323
f 5347 5332 5323
f 4711 4709 4599
f 5387 5388 5389
f 5259 5290 5292
f 5195 4806 4803
f 5195 5104 4746
f 4639 4865 4866
f 4821 4818 4681
f 3421 4037 5399
f 4730 4863 4601
f 4807 4651 4811
f 4040 4037 3421
f 4844 4841 4800
f 3936 3933 3929
f 4894 4798 4817
f 5365 5370 5383
f 4657 4656 4661
f 5224 5206 4770
f 5368 5383 5382
f 5336 5349 5352
f 5353 5356 5386
f 4070 4455 4454
f 5396 5397 3327
f 5225 5226 5312
f 5384 5382 5386
f 5391 4694 4695
f 4407 4410 4409
f 4623 4620 4880
f 5356 5353 5352
f 4578 4584 4859
f 3239 3875 3217
f 3937 3218 3333
f 4578 4575 4534
f 5467 5471 4505
f 4836 4828 4826
f 4422 5728 5721
f 3392 3393 5556
f 5564 5531 5565
f 3807 3808 3663
f 5922 3854 4392
f 3680 3695 3692
f 3630 3633 3632
f 4416 4417 5725
f 4033 3305 3836
f 3238 3220 4168
f 3466 3904 3483
f 3678 3677 3650
f 3677 3674 3649
f 3340 3337 4431
f 3562 3561 5656
f 5658 5654 5938
f 3642 3643 3640
f 3306 3303 3334
f 3256 3253 3280
f 8910 8891 8892
f 5868 5900 5898
f 8924 8923 8922
f 8935 8930 8925
f 8882 8906 8913
f 8925 8930 8926
f 5852 5849 5905
f 5136 5128 5124
f 4243 4363 4260
f 5238 5227 5228
f 5642 5639 5643
f 3924 3925 3928
f 5412 3521 5700
f 3750 3752 3751
f 3746 3752 3770
f 3859 3798 3861
f 3972 3973 3493
f 5923 8860 8861
f 4945 4946 4958
f 3296 3293 3286
f 3824 5403 3907
f 3671 3629 4154
f 4137 3343 5481
f 3614 3654 3802
f 3283 3284 3559
f 4936 4935 4934
f 5511 5723 5726
f 4170 4169 3926
f 3572 4393 3830
f 3459 3447 3858
f 3496 4426 4425
f 3457 3950 3436
f 3984 3983 3986
f 3914 3389 3386
f 5512 5724 5723
f 4500 4443 4483
f 4501 4502 4471
f 4503 4506 4505
f 4143 4144 4461
f 3331 3329 3222
f 4016 4015 4018
f 3998 3775 3776
f 4114 3796 5710
f 4405 5678 4406
f 5602 5604 5720
f 4767 4803 4804
f 4929 4933 4954
f 4410 4407 5665
f 3888 5700 5632
f 4048 4049 3977
f 3947 3211 3212
f 5676 5677 3472
f 5782 5785 5784
f 4315 4312 4311
f 5699 5518 5521
f 5864 5785 5825
f 5826 5827 5822
f 5775 5776 5805
f 3236 3233 3270
f 5823 5868 5859
f 4957 4848 4895
f 8868 8864 8865
f 4281 4392 3848
f 4940 4943 4971
f 4013 4014 4029
f 3685 3703 3701
f 4339 4340 4377
f 8891 8870 8872
f 3753 3750 3755
f 4427 4168 3220
f 3809 3806 3779
f 3568 4416 4418
f 3880 3987 3918
f 3543 3843 3842
f 4646 4649 4648
f 4656 4657 4597
f 4781 4876 4820
f 4972 4975 4974
f 5101 5102 5109
f 5095 5096 5115
f 5090 5127 5132
f 5131 5132 5134
f 5134 5132 5127
f 5117 5139 5140
f 3539 3862 3863
f 4006 3791 3792
f 5128 5091 5099
f 5097 5088 5089
f 5274 5266 5271
f 4571 4572 4569
f 4225 4531 4238
f 5156 5155 5170
f 4538 4541 4540
f 4622 4691 4665
f 4981 5011 5004
f 5012 4974 4975
f 5148 5147 5149
f 5157 5142 5133
f 5161 5155 5145
f 4261 4532 4242
f 5294 5295 5291
f 4255 4256 4532
f 5274 5259 5250
f 4246 4529 4207
f 3314 3924 3927
f 4670 4673 4672
f 4995 4904 4673
f 4638 4710 4603
f 4341 4295 4525
f 5163 5166 5165
f 4834 4783 4784
f 4784 4820 4682
f 4844 4843 4687
f 5280 5276 5275
f 4217 4572 4564
f 4554 4557 4556
f 4551 4552 4556
f 4549 4546 4544
f 5141 5142 5173
f 4653 4654 4683
f 4973 4974 4989
f 4984 5005 5015
f 5177 5172 5170
f 5166 5167 5181
f 5141 5184 5139
f 5178 5174 5151
f 5244 5202 5203
f 5252 5244 5245
f 4479 4031 4079
f 4402 4405 4404
f 3500 4418 4419
f 5856 5851 5909
f 4488 3913 3348
f 8851 8853 5885
f 3607 3608 5701
f 3508 3505 3503
f 5847 5858 5896
f 4374 4373 4309
f 3380 4439 4438
f 9025 9024 3553
f 5718 5717 4131
f 3300 3229 3283
f 5551 3275 3276
f 5552 3276 3369
f 5555 3397 5483
f 5859 5898 5896
f 4133 3793 3794
f 3606 3653 3652
f 4900 4852 4766
f 4616 4790 4789
f 3738 4165 4164
f 4774 4771 4642
f 4399 4485 3402
f 5853 5796 5795
f 3936 4518 4427
f 3418 3419 4064
f 5510 3488 3840
f 3270 3282 3279
f 3274 3275 4056
f 4359 4356 4305
f 4135 3508 3504
f 3610 3611 3609
f 3837 3556 3557
f 5940 3971 4401
f 5853 5804 5803
f 5725 5513 5515
f 3246 5410 4117
f 5713 5712 5672
f 4918 4961 4916
f 4148 3995 3771
f 5106 5105 5113
f 4147 9022 5709
f 5152 5172 5177
f 9026 4135 4111
f 5104 5195 5103
f 3531 3528 3485
f 3713 3716 3715
f 3699 3715 3815
f 4467 3345 4459
f 4703 4899 4736
f 5405 3399 3846
f 3555 3552 3963
f 4120 4116 5411
f 4217 4219 4185
f 3279 5438 5441
f 4944 4945 4959
f 4353 4337 4344
f 3815 3715 3716
f 3374 3371 4052
f 4491 4492 4516
f 5865 5824 5833
f 5819 5814 5856
f 5807 5851 5856
f 3933 3256 3281
f 3208 3205 3920
f 8907 8906 8902
f 5288 5308 5295
f 3728 3725 3747
f 3309 4084 4083
f 5119 5116 5101
f 3811 3785 3789
f 3595 3863 3992
f 4106 4102 4100
f 5696 5575 5576
f 3708 3755 3750
f 3744 3760 4165
f 5905 5891 5892
f 3403 4036 4175
f 4133 3997 3506
f 4147 4145 3544
f 3561 3562 3325
f 3237 3240 3239
f 4877 4878 4793
f 3241 3244 3243
f 3597 3624 3625
f 3279 3282 3281
f 3371 3374 3373
f 3599 3566 3567
f 3975 3976 4032
f 3277 3249 3250
f 3774 3564 3565
f 3658 3673 3780
f 4961 4962 4963
f 3600 3615 3616
f 4228 4229 4202
f 4011 4008 4318
f 4307 4304 4262
f 4838 4800 4841
f 4782 4783 4773
f 4914 4956 4946
f 4839 4609 4765
f 4771 4896 4645
f 4962 4965 4964
f 4966 4959 4963
f 3601 3612 3615
f 5878 5875 5879
f 5890 5880 5881
f 3720 3786 4158
f 4755 4756 4689
f 3740 3717 3718
f 5695 5685 5686
f 5740 5743 5742
f 5733 5735 5736
f 5755 5756 5750
f 5745 5763 5762
f 5798 5801 5800
f 4706 4880 4879
f 5651 5652 5619
f 5850 5794 5797
f 5804 5807 5806
f 4087 5708 5707
f 5915 5913 5914
f 5703 3860 4167
f 5893 5894 5896
f 5892 5893 5919
f 5706 5671 5664
f 5786 5789 5788
f 3973 4131 3841
f 4831 4832 4915
f 5906 5892 8858
f 4965 4967 4969
f 4684 4685 4846
f 3589 3609 3611
f 3596 3625 4150
f 5877 5880 5763
f 4121 4124 4123
f 3469 3465 3868
f 3204 3205 3208
f 3716 3713 3726
f 5460 9027 5426
f 3465 3469 3470
f 5738 5735 3764
f 4887 4654 4655
f 4203 4206 4205
f 3959 5705 4082
f 5758 5757 5886
f 5781 5869 5872
f 4675 4762 4723
f 3757 4164 5751
f 3334 3271 3272
f 8880 5926 5903
f 5615 5676 3473
f 5759 5761 5760
f 8845 8846 8848
f 5778 5781 5780
f 8857 8856 8849
f 4132 3797 3798
f 5839 5838 5841
f 560 1899 3187
f 5747 5874 4007
f 5928 5930 8840
f 5766 5769 5768
f 4848 4957 4956
f 4953 4968 4967
f 4832 4897 4910
f 5879 5764 5888
f 3598 3567 3530
f 5747 5729 5730
f 5754 5764 5748
f 5810 5813 5812
f 5758 5755 5749
f 4315 4388 4387
f 5917 5915 5916
f 5913 5909 5910
f 5930 8731 8841
f 4951 4955 4968
f 3209 3210 3201
f 4059 5424 3246
f 8731 5934 8842
f 3776 3582 3585
f 5770 5773 5772
f 5891 5894 5893
f 9028 5638 5641
f 5814 5817 5816
f 5662 5675 5673
f 3522 3525 3524
f 5630 5631 5942
f 5791 5792 5795
f 5746 3753 3754
f 5928 5929 5931
f 5743 5760 5739
f 5876 5874 5875
f 3678 8937 9021
f 4200 4208 4207
f 4114 3546 3916
f 3601 3602 3605
f 3818 3724 3712
f 3315 3318 3317
f 5899 5900 5902
f 8840 8841 5883
f 5562 4458 5559
f 4416 3568 3448
f 3189 3192 3191
f 4751 4890 4747
f 4181 4182 4180
f 3832 3942 5454
f 3362 3527 3526
f 5678 4405 5699
f 3497 3500 3499
f 448 1980 807
f 647 648 122
f 5690 3472 5677
f 4183 4186 4185
f 1833 1848 1780
f 5920 5895 5897
f 510 509 508
f 4401 3967 5944
f 5656 5397 5530
f 3970 3971 5940
f 5653 5658 5939
f 5450 5653 5946
f 3384 5633 5945
f 4403 4404 4299
f 5944 3967 3968
f 3963 5427 5951
f 5614 3473 3474
f 5427 3838 3857
f 3210 1949 1887
f 1887 15 3200
f 15 16 3197
f 16 3188 3195
f 3195 3188 3187
f 3194 3187 1899
f 3207 1899 375
f 387 173 126
f 3189 1791 1760
f 9029 763 757
f 763 9029 2172
f 9035 9034 9032
f 9033 9032 9031
f 9046 9049 9048
f 8751 9053 9054
f 9078 9076 9077
f 9083 9087 9051
f 9088 9089 9047
f 9099 9036 9040
f 9102 9034 9036
f 9105 9031 9032
f 9105 2176 9106
f 1801 1864 9108
f 9103 9032 9034
f 9096 9090 9047
f 1767 1768 9111
f 1597 9115 9113
f 1708 1707 9117
f 9123 9120 9119
f 9118 9119 9125
f 1588 1708 9116
f 2080 9123 9118
f 2082 9118 9124
f 9126 9129 9087
f 9129 9130 9088
f 5512 3492 5943
f 5634 3383 5488
f 5724 5512 5947
f 9134 9099 9097
f 9144 9103 9102
f 9133 9097 9096
f 786 9146 9144
f 9146 9105 9103
f 785 9144 9138
f 497 9138 9134
f 650 9134 9133
f 9148 564 9133
f 8756 9058 9057
f 9154 9151 9130
f 9151 9150 9131
f 9097 9040 9090
f 1799 9109 9111
f 5949 3968 3964
f 9160 9156 8809
f 8813 9162 9160
f 9166 463 564
f 9067 9058 9054
f 9162 9166 9148
f 9087 9088 9048
f 9081 9078 9079
f 9049 9052 9051
f 9082 9168 9167
f 9079 9077 9049
f 9169 9168 9175
f 9167 9115 9112
f 9168 9169 9177
f 9120 9117 9113
f 9120 9177 9169
f 9119 9169 9170
f 9179 9180 9125
f 9180 1576 9124
f 9178 9179 9170
f 1576 2101 2084
f 9179 9178 9183
f 3203 376 1387
f 3190 1387 1791
f 5618 2152 1949
f 317 240 259
f 2000 2176 9105
f 9053 9051 9052
f 9041 9040 9036
f 9029 758 756
f 9037 9036 9034
f 9130 9131 9089
f 3204 375 376
f 1801 9107 9109
f 9181 9187 9180
f 1575 9187 9190
f 9187 1575 1576
f 1776 1795 1796
f 1293 1294 1290
f 1326 14 1327
f 1294 1245 1234
f 878 1244 1330
f 5633 3401 5490
f 5933 3359 3360
f 5613 5634 5948
f 5604 5605 3844
f 3972 3494 5950
f 3494 3495 4322
f 4406 5676 5615
f 3492 3489 4292
f 5631 5503 5495
f 497 373 374
f 122 648 413
f 5624 5489 3398
f 9151 9154 9156
f 9058 8756 8752
f 9160 9162 9150
f 8815 9166 9162
f 9156 9126 8794
f 439 398 399
f 1512 1528 1526
f 1668 1741 1738
f 839 849 1362
f 1362 1357 826
f 3425 3417 3418
f 4905 5207 5243
f 4621 4622 4662
f 5582 5579 5574
f 4754 4757 4756
f 3902 3899 4021
f 9295 740 1896
f 2053 2054 2118
f 9340 9339 2120
f 696 697 9268
f 4922 4938 4939
f 4365 4366 4186
f 5105 5106 4862
f 5228 5227 5226
f 4781 4782 4877
f 5218 5227 5238
f 4990 4993 4992
f 4335 4337 4336
f 4993 4990 4972
f 4794 4793 4792
f 5886 5884 8852
f 5405 3892 5417
f 4669 4752 4764
f 4676 4697 4698
f 1826 1878 639
f 9192 9191 9181
f 5232 5228 5233
f 5418 4121 4122
f 956 885 886
f 5720 3844 3512
f 4728 4731 4730
f 8879 8866 8863
f 1980 806 1922
f 4969 4970 4966
f 33 34 105
f 9028 3253 3254
f 3837 3558 3839
f 4382 4300 4301
f 3908 3905 4122
f 4290 4295 4294
f 4400 3834 4055
f 3219 3222 3221
f 8894 8895 8877
f 4640 4736 4735
f 4389 4366 4216
f 3267 4479 4493
f 3268 3265 4463
f 5097 5111 5098
f 5094 5097 5096
f 5654 5655 5937
f 4089 5704 3960
f 5159 5163 5162
f 5202 5244 5249
f 5412 5415 5414
f 5715 3515 3516
f 5723 4426 4423
f 4263 4264 4323
f 3994 3529 3564
f 1343 1344 9308
f 3470 3514 5667
f 5659 5661 5671
f 3319 3828 4053
f 9359 2127 2128
f 1766 1581 1582
f 14 1326 2163
f 595 98 99
f 5703 3771 3772
f 5206 5224 5229
f 3437 3446 3458
f 5516 4084 3487
f 5122 5086 5087
f 3223 3297 3934
f 3979 9023 5402
f 3828 3319 3320
f 5663 3441 4081
f 4035 4489 4490
f 4426 5723 5724
f 3881 4452 4447
f 5407 5408 4118
f 5691 5688 5689
f 5661 5673 5672
f 5911 5918 8901
f 3902 4022 3871
f 5541 5538 5539
f 4069 4454 5561
f 3248 4394 3292
f 1346 1035 1044
f 748 1888 1425
f 3297 3228 3255
f 5445 4400 4056
f 5783 5784 5830
f 4310 4028 4376
f 5857 5854 5800
f 3882 5467 4452
f 3193 3208 3919
f 3190 3191 3206
f 4266 4269 4268
f 4488 3419 3420
f 3331 3939 3940
f 4282 4285 4284
f 4606 4608 4607
f 4628 4629 4708
f 4659 4732 4733
f 4615 4750 4829
f 4718 4714 4713
f 5722 4424 4421
f 3307 3462 3461
f 4686 4688 4634
f 3966 3548 3550
f 4738 4739 4875
f 3416 4429 3237
f 4527 4528 4208
f 5093 5121 5114
f 5124 5099 5086
f 5117 5118 5138
f 4631 4641 4640
f 5166 5163 5168
f 5185 5188 5187
f 5194 5190 5191
f 3245 4117 4118
f 5214 5215 5203
f 3230 3317 3318
f 5237 5234 5217
f 5250 5259 5258
f 5113 5112 5084
f 5270 5267 5269
f 4906 5125 5107
f 5271 5266 5267
f 5276 5277 5262
f 5153 5151 5174
f 5290 5270 5268
f 5306 5299 5303
f 5147 5148 5146
f 4585 4849 4856
f 3226 5435 5436
f 4473 4503 4504
f 5765 5756 8897
f 4529 4246 4247
f 8923 8924 8916
f 5713 5681 5682
f 3315 3897 3898
f 5564 5536 5537
f 4468 4440 4441
f 3738 3739 4163
f 4577 4859 4559
f 5567 3527 3366
f 3587 3584 4150
f 5471 5468 4504
f 5860 5769 5816
f 3516 3513 5558
f 5436 3985 5637
f 5050 5053 5083
f 5547 5565 3338
f 9023 3979 3295
f 5708 4087 4132
f 4104 3816 3814
f 3718 3719 4161
f 5498 5491 5679
f 3884 4431 4432
f 3955 4512 3877
f 4049 4062 4061
f 8892 8872 8875
f 4572 4217 4218
f 4440 4443 4442
f 4497 4511 3407
f 8906 8882 8881
f 5664 5712 5670
f 3751 4105 3706
f 3511 3735 3736
f 5129 5130 5116
f 5086 5099 5098
f 5135 5127 5128
f 5143 5146 5145
f 5168 5158 5136
f 5297 5241 5246
f 5164 5161 5160
f 5155 5161 5171
f 5137 5179 5167
f 5293 5308 5307
f 5513 3570 4083
f 4053 3828 3825
f 3228 3297 3298
f 3631 3632 3635
f 5689 5669 5670
f 5759 5762 5883
f 3793 4133 3507
f 4906 4908 4891
f 4719 4858 4901
f 3597 3598 4095
f 3352 4126 4125
f 9064 9057 9058
f 9076 9064 9067
f 9083 8766 8794
f 9131 9132 9096
f 9138 9102 9099
f 9154 9129 9126
f 9077 9067 9052
f 9053 8751 8766
f 9191 9190 9187
f 9082 9079 9046
f 9193 9175 9168
f 1284 1290 1288
f 9150 9148 9132
f 3841 3842 3496
f 3570 3569 3336
f 4027 4311 4312
f 4889 4876 4781
f 4041 4045 4044
f 4885 4884 4813
f 5419 4122 3905
f 4367 4368 4227
f 1778 1781 1780
f 1792 1759 1584
f 4308 4017 3869
f 4594 4723 4762
f 4767 4770 4769
f 5461 3365 3366
f 4763 4704 4716
f 4919 4918 4915
f 4300 4382 4334
f 5196 5199 5198
f 5158 5148 5135
f 5431 5434 5433
f 4545 4567 4571
f 4557 4558 4594
f 695 570 571
f 4156 4155 3626
f 4861 4673 4670
f 5681 5675 5674
f 5473 5475 5580
f 3622 3656 4152
f 5647 3573 3574
f 3674 3663 3808
f 4420 4145 3498
f 5675 5662 5666
f 3253 9028 5439
f 5870 5866 5917
f 8887 8920 8919
f 5862 5856 5913
f 3534 3593 3485
f 3313 4486 4484
f 9090 9193 9046
f 4871 4759 4695
f 3778 3777 3822
f 4889 4748 4874
f 4000 3783 3784
f 4897 4898 4911
f 3856 3857 3838
f 4772 4830 4896
f 4015 4016 4376
f 3433 3461 3476
f 4053 4054 3302
f 3367 5567 3363
f 3242 3829 3831
f 3441 3442 4082
f 4735 4736 4855
f 4756 4757 4737
f 3382 3385 3384
f 3698 3699 3697
f 4676 4679 4678
f 4948 4943 4941
f 4890 5394 4805
f 4757 4744 4745
f 4581 4221 4380
f 5716 3516 5932
f 4923 4920 4926
f 5077 5079 5081
f 5078 5082 5058
f 4009 5401 5400
f 5081 5082 5078
f 3930 3931 4513
f 4014 4376 4028
f 4025 4026 4020
f 3618 4093 4096
f 4581 4575 4576
f 4219 4217 4188
f 5440 5442 3335
f 5449 3982 3323
f 4229 4181 4177
f 4590 4213 4214
f 4227 4183 4184
f 4574 4901 4858
f 4565 4566 5453
f 4592 4555 4588
f 4590 4587 4573
f 3517 3518 5521
f 3845 5428 3522
f 4444 3340 3884
f 3982 5449 5533
f 4465 4466 4497
f 4520 4522 4521
f 4076 4073 5591
f 3635 3667 3666
f 3343 3344 4498
f 4022 4019 3870
f 3661 3607 4098
f 5691 5690 5697
f 3768 3766 5742
f 4514 3955 3956
f 3697 3815 3814
f 4394 3248 5460
f 4054 4053 4057
f 3284 3318 3323
f 4052 3926 4169
f 4447 4506 4510
f 4456 4460 3346
f 4483 3876 3877
f 4482 3877 4512
f 4492 4512 4513
f 5642 5438 5439
f 5448 5447 5442
f 5466 4441 3882
f 3340 4444 4445
f 8908 8909 8910
f 4397 4169 3835
f 5413 3520 3521
f 3234 3931 3932
f 5753 5765 8895
f 8896 8897 5756
f 8921 8922 8889
f 8915 8912 8911
f 3933 3936 3935
f 3620 3804 3657
f 3966 3969 3968
f 4905 4789 4769
f 3225 5436 5437
f 5433 3896 3984
f 5714 5686 5693
f 5435 3984 3985
f 3954 3956 3955
f 4713 4712 4632
f 4879 4635 4632
f 3983 3984 3896
f 9027 5460 3248
f 5871 5870 5912
f 5849 5846 5891
f 4702 4703 4640
f 4213 4590 4579
f 3644 3645 3688
f 9193 9090 9040
f 8920 8930 8935
f 5406 3846 4130
f 4140 5400 5401
f 5659 3903 3904
f 4772 4773 4783
f 4244 4247 4246
f 4061 5399 4037
f 3669 3804 3803
f 3459 3460 3209
f 4072 5483 5484
f 4835 4833 4834
f 5660 5662 5661
f 4262 4265 4264
f 3633 3630 3627
f 3685 3643 3676
f 4517 4515 3235
f 4145 4420 4085
f 5455 4438 5459
f 5638 5635 5640
f 3228 3225 3254
f 4044 4174 3411
f 3614 3615 3612
f 3273 3276 3275
f 4952 4962 4961
f 4959 4958 4960
f 4888 4655 4761
f 4254 4257 4256
f 4199 4202 4201
f 4499 4464 4465
f 5479 4495 4496
f 5952 5953 5954
f 5956 5957 5958
f 5959 5958 5960
f 5962 5963 5964
f 5966 5967 5968
f 5967 5970 5971
f 5963 5962 5961
f 5972 5965 5964
f 5974 5975 5976
f 5978 5979 5980
f 5982 5983 5984
f 5986 5987 5985
f 5988 5989 5990
f 5992 5993 5994
f 5996 5997 5998
f 6000 6001 6002
f 6004 6005 6006
f 6008 6009 6010
f 6012 6013 6014
f 6016 6017 6018
f 6020 6021 6022
f 6024 6025 6026
f 6028 6029 6030
f 6032 6033 6034
f 6036 6037 6038
f 6040 6041 6013
f 6042 6043 6044
f 5992 6046 6047
f 6048 6049 6050
f 6052 6053 6054
f 6056 6057 6058
f 6060 6061 5987
f 6062 6063 6064
f 6066 6067 6068
f 6070 6071 6027
f 6072 6073 6057
f 6075 6076 6077
f 6078 6079 6080
f 6082 6083 6054
f 6085 6078 6081
f 6087 6061 5990
f 6061 6087 6089
f 6089 6090 6091
f 6092 6091 6093
f 6095 5978 5981
f 6062 6082 6084
f 6097 6098 6035
f 6056 6049 6099
f 6100 6101 6102
f 6001 6000 6104
f 6107 6108 6109
f 6110 6111 6112
f 6114 6026 6025
f 6116 6117 6118
f 6120 6121 6122
f 6124 6125 6126
f 6128 6129 6101
f 6039 6130 6131
f 6132 6133 6134
f 6136 6137 6138
f 6139 6140 6141
f 6143 6144 6145
f 6148 6149 6150
f 6152 6153 6154
f 6155 6156 6157
f 6159 6160 6161
f 6163 6164 6165
f 6167 6168 6169
f 6171 6172 6173
f 6175 6176 6104
f 6178 6179 6180
f 6023 6182 6183
f 6184 6185 6186
f 6117 6116 6188
f 6190 6191 6192
f 6194 6070 6026
f 6195 6196 6191
f 6197 6198 6199
f 6201 6202 6203
f 6205 6206 6207
f 6209 6210 6201
f 6197 6200 6211
f 6212 6211 6213
f 5979 6215 6214
f 6203 6216 6217
f 6206 6199 6198
f 6218 5961 5962
f 5965 6220 6219
f 5972 3355 3354
f 6070 6194 6222
f 6224 6225 6226
f 6228 6229 6230
f 6232 6233 6234
f 6196 6195 6236
f 6071 6070 6223
f 6239 6240 6241
f 6243 6244 6245
f 6247 6073 6248
f 6250 6251 6252
f 6254 6255 6256
f 6258 6259 6260
f 6229 6262 6263
f 6264 6265 6242
f 6266 6267 6268
f 6270 6271 6272
f 6274 6275 6276
f 6195 6278 6279
f 6280 6278 6281
f 6283 6284 6285
f 6123 6122 6287
f 6289 6290 6291
f 6293 6294 6243
f 6240 6296 6297
f 6298 6299 6267
f 6300 6301 6302
f 6304 6305 6306
f 6251 6250 6308
f 6247 6310 6311
f 6313 6314 6315
f 6314 6313 6317
f 6319 6086 6320
f 6322 6087 6088
f 6216 6324 6258
f 6325 6326 6327
f 6217 6258 6261
f 6330 6071 6238
f 6071 6330 6048
f 6015 6332 6333
f 6079 6334 6335
f 6336 6294 6240
f 6294 6293 6296
f 6337 6338 6339
f 6341 6342 6343
f 6345 6346 6347
f 6266 6264 6349
f 6350 6351 6352
f 6295 6243 6246
f 6303 6355 6356
f 6357 6358 6359
f 6361 6362 6363
f 6365 6350 6353
f 6367 6368 6369
f 6371 6367 6370
f 6372 6373 6374
f 6375 6374 6373
f 6376 6377 6378
f 6379 6380 6381
f 6383 6384 6385
f 6387 6388 6389
f 6391 6392 6393
f 6395 6396 6397
f 6398 6399 6400
f 6399 6401 6402
f 6403 6402 6401
f 6405 6406 6407
f 6409 6410 6411
f 6367 6371 6413
f 6374 6375 6415
f 6417 6418 6384
f 6419 6420 6348
f 6421 6422 6423
f 6425 6426 6400
f 6426 6427 6395
f 6393 6396 6428
f 6429 6430 6394
f 6390 6389 6431
f 6433 6434 6408
f 6435 6436 6437
f 6439 6440 6411
f 6392 6391 6441
f 6397 6392 6442
f 6401 6399 6444
f 6446 6447 6437
f 6448 6449 6450
f 6452 6453 6454
f 6442 6441 6456
f 6443 6442 6457
f 6444 6459 6460
f 6445 6444 6461
f 6463 6464 6462
f 6446 6445 6462
f 6466 6467 6468
f 6448 6451 6470
f 6453 6452 6472
f 6474 6475 6476
f 6478 6479 6480
f 6482 6483 6484
f 6486 6487 6488
f 6490 6491 6492
f 6493 6492 6494
f 6496 6497 6498
f 6500 6501 6502
f 6504 6505 6506
f 6508 6468 6509
f 6511 6512 6513
f 6499 6514 6515
f 6516 6517 6518
f 6520 6521 6522
f 6524 6507 6525
f 6507 6524 6527
f 6504 6527 6528
f 6528 6511 6508
f 6529 6530 6531
f 6342 6533 6534
f 6535 6347 6346
f 6347 6535 6537
f 6434 6538 6539
f 6539 6540 6405
f 6541 6542 6451
f 6543 6544 6470
f 6546 6478 6481
f 6499 6498 6548
f 6549 6550 6514
f 6551 6552 6553
f 6555 6556 6557
f 6403 6436 6423
f 6426 6425 6413
f 6415 6560 6428
f 6430 6429 6561
f 6434 6433 6420
f 6563 6564 6565
f 6404 6401 6445
f 6459 6444 6399
f 6455 6454 6388
f 6405 6450 6449
f 6540 6541 6450
f 6567 6495 6568
f 6570 6464 6463
f 6475 6474 6490
f 6458 6457 6571
f 6573 6571 6574
f 6576 6577 6578
f 6193 6192 6580
f 6582 6583 6584
f 6583 6582 6586
f 6588 6589 6587
f 6590 6069 6068
f 6592 6593 6594
f 6251 6310 6595
f 6304 6596 6597
f 6272 3735 6599
f 3737 3736 6558
f 6600 6161 6160
f 6123 6602 6603
f 6604 6605 6606
f 6608 6205 6208
f 5972 6221 6220
f 6610 6611 6612
f 6613 6614 6615
f 6242 6617 6618
f 6226 6619 6245
f 6620 6621 6622
f 6624 6143 6146
f 6626 6213 6211
f 6627 6628 6629
f 6631 6632 6633
f 6235 6635 6636
f 6637 6638 6639
f 6641 6625 6286
f 6643 6644 6645
f 6647 6648 6649
f 6244 6243 6294
f 6336 6651 6652
f 6194 6196 6237
f 6196 6194 6114
f 6115 6192 6191
f 6653 6654 6655
f 6657 6117 6189
f 6117 6657 6659
f 6130 6157 6156
f 6133 6152 6151
f 6661 6111 6662
f 6663 6613 6616
f 6664 6270 6273
f 6418 6417 6432
f 6290 6325 6328
f 6666 6557 6556
f 6557 6666 3805
f 5971 6667 6668
f 6181 6669 6670
f 6671 6672 6673
f 6676 6673 6672
f 6675 6150 6149
f 6067 6066 5999
f 6677 6678 6679
f 6681 6682 6683
f 6087 6322 6090
f 5983 5982 6685
f 5982 6094 6687
f 6094 6093 6688
f 6211 6200 6137
f 6689 6690 6691
f 6690 6689 3833
f 6001 5983 6686
f 5978 6693 6215
f 6694 6693 5978
f 5974 6694 6095
f 6183 6182 6696
f 6698 5959 5961
f 5959 6698 6699
f 6697 6696 6700
f 6702 6629 6703
f 5968 6668 6705
f 6706 5977 5955
f 6707 6618 6617
f 6024 6051 6709
f 6402 6403 6559
f 3852 6711 6712
f 3856 6594 6593
f 5977 6706 6694
f 6713 5955 5977
f 6714 6715 6716
f 6718 6719 6308
f 6720 6255 6254
f 6722 6723 6724
f 6312 6311 6726
f 6069 6590 6728
f 6319 6594 6730
f 6731 6645 6644
f 6732 6733 6734
f 6046 6053 6320
f 3880 3805 6666
f 6736 6737 6738
f 6531 6740 6741
f 6300 6356 6614
f 6742 6532 6325
f 6743 6742 3891
f 6744 6302 6301
f 6746 6747 6534
f 6536 6576 6579
f 6535 6579 6563
f 6566 6538 6537
f 6538 6566 6409
f 6412 6540 6539
f 6412 6748 6541
f 6748 6749 6542
f 6749 6569 6545
f 6568 6750 6547
f 6751 6752 6548
f 6753 6754 6550
f 6755 6756 6757
f 6759 6760 6761
f 6763 6764 6765
f 6764 6620 6623
f 6766 6767 6768
f 6770 6771 6772
f 6774 6775 6776
f 6021 6774 6777
f 6723 6778 6779
f 6780 6781 6782
f 6784 6785 6786
f 6788 6789 6790
f 6185 6792 6793
f 6794 6722 6725
f 6729 6796 6098
f 6135 6797 6798
f 6799 6062 6065
f 6037 6801 6802
f 6005 6004 6588
f 6005 6803 6804
f 6052 6055 6010
f 6586 6582 6803
f 6092 5985 5987
f 6094 5982 5985
f 6096 6806 6695
f 6082 6062 6799
f 6657 6013 6041
f 6013 6657 6658
f 6795 6725 6807
f 6809 6810 6811
f 6813 6814 6815
f 6817 6818 6819
f 6821 6822 6823
f 6329 6209 6204
f 6202 6825 6826
f 6072 6099 6827
f 6598 6829 6305
f 6301 6300 6613
f 6830 6831 6271
f 6822 6779 6778
f 6326 6741 6832
f 6203 6826 6833
f 6027 6048 6051
f 6360 6834 6835
f 6836 6837 6838
f 6837 6840 6841
f 6362 6365 6366
f 6380 6385 6384
f 6421 6564 6578
f 6566 6565 6410
f 6394 6389 6388
f 6414 6422 6368
f 6371 6374 6416
f 6561 6560 6378
f 6382 6381 6562
f 6381 6384 6418
f 6389 6394 6430
f 6391 6388 6454
f 6441 6454 6453
f 6456 6453 6473
f 6495 6494 6750
f 6843 6575 6485
f 6844 6845 6843
f 6573 6845 6847
f 6849 6491 6487
f 6513 6753 6752
f 6517 6521 6850
f 6521 6520 6851
f 6844 6851 6852
f 6505 6504 6510
f 6753 6513 6512
f 6516 6522 6521
f 6614 6740 6854
f 6742 6262 4003
f 6708 6617 6855
f 6307 6306 6857
f 6307 6664 6665
f 6414 6413 6425
f 6416 6415 6427
f 6562 6418 6431
f 6419 6537 6538
f 6358 6836 6839
f 6059 6058 6859
f 6861 6862 6863
f 6865 6866 6867
f 6115 6025 6869
f 6871 6872 6873
f 6721 6254 6596
f 6876 6610 6556
f 6877 6663 6552
f 6551 6878 6268
f 6879 6855 6265
f 6239 6618 6651
f 6230 6263 6619
f 6171 6670 6669
f 6106 6109 6882
f 6883 6884 6822
f 6759 6184 6187
f 6725 6724 6785
f 6885 6795 6808
f 6886 6887 6888
f 6701 6700 6756
f 6884 6786 6779
f 6715 6714 6309
f 6889 6259 6890
f 6743 3890 4042
f 6270 6664 6893
f 6386 6894 6895
f 6895 6348 6420
f 6897 6432 6417
f 6897 6433 6407
f 6390 6898 6899
f 6900 6899 6406
f 6455 6900 6901
f 6902 6903 6904
f 6482 6903 6905
f 6501 6906 6907
f 6496 6515 6908
f 6532 6531 6326
f 6532 6742 6743
f 6612 6910 6735
f 6611 6911 6910
f 6626 5980 5979
f 6704 6912 6105
f 6913 6590 6591
f 6915 6794 6795
f 6229 6228 4067
f 6263 6290 6289
f 6745 6301 6663
f 6916 6771 6757
f 6885 6918 6165
f 6920 6780 6783
f 6921 6922 6923
f 6925 6921 6924
f 6927 6928 6929
f 6931 6932 6933
f 6935 6936 6937
f 6939 6940 6941
f 6943 6944 6945
f 6947 6948 6949
f 6944 6943 6951
f 6953 6954 6955
f 6957 6958 6959
f 6961 6962 6929
f 6964 6965 6966
f 6968 6969 6970
f 6969 6948 6955
f 6972 6943 6946
f 6974 6975 6976
f 6978 6979 6980
f 6940 6939 6982
f 6984 6985 6986
f 6988 6989 6990
f 6992 6990 6989
f 6994 6995 6996
f 6998 6999 7000
f 7002 7003 7004
f 7006 7007 7008
f 7010 7011 7012
f 7014 7015 7016
f 7018 7019 6999
f 7020 7021 7022
f 7024 7025 7026
f 7028 7029 7030
f 7032 7033 7034
f 7003 7002 7036
f 7038 7039 7040
f 6993 6989 7030
f 7042 7043 7044
f 7046 7047 7007
f 7011 7010 7048
f 7050 7051 7052
f 7054 7015 7014
f 7015 7054 7056
f 6621 6620 7045
f 7049 7048 6775
f 7051 7050 6021
f 7055 6697 6701
f 7054 6701 6755
f 6764 6763 7047
f 7020 7058 7059
f 7060 7061 7062
f 6958 7064 7065
f 6925 7066 7067
f 7068 6931 6934
f 7069 6988 6991
f 7071 6995 7072
f 7074 7075 7076
f 7078 7079 7080
f 7014 7017 7082
f 7084 7085 7086
f 7025 7028 7031
f 7085 7084 7072
f 7089 7084 7087
f 7055 7014 7083
f 7090 7087 6770
f 7092 7093 7094
f 7091 6183 6697
f 6770 7087 7086
f 7095 7094 6767
f 7096 7061 6980
f 7098 6941 6940
f 7058 7020 7023
f 7101 6927 6930
f 6974 7060 7063
f 7103 6968 6971
f 7105 6978 6981
f 7106 7107 7036
f 7109 7048 7010
f 7111 7019 7018
f 7098 7003 7037
f 7048 7109 7112
f 7113 6993 7041
f 6994 7114 7115
f 6965 7116 6923
f 6975 6922 6945
f 7061 7096 7065
f 6954 6953 6933
f 6763 7112 7109
f 7046 7045 6620
f 6947 7117 7067
f 6758 7086 7056
f 7118 7119 7039
f 7038 7069 7070
f 7106 7120 7121
f 7123 7124 7053
f 7123 7052 7083
f 7045 7046 7006
f 7107 7106 7122
f 7091 7083 7052
f 7091 7051 6020
f 6936 7096 7097
f 7125 6957 6960
f 6774 6021 7050
f 7119 6939 6942
f 7019 7002 7005
f 7011 7053 7124
f 7021 7126 7040
f 7114 7029 7016
f 7053 7011 7049
f 7086 7085 7057
f 6993 7113 7127
f 7075 7127 7113
f 4281 4280 6603
f 6012 6333 7129
f 7130 6083 6584
f 6797 7132 7133
f 6074 7134 7135
f 6789 6760 6173
f 6760 6789 6776
f 7136 6802 6801
f 6914 6671 6674
f 7007 7110 7059
f 7099 7004 7003
f 6984 7103 7104
f 7110 7007 7047
f 6333 6583 6587
f 5956 6699 6667
f 5957 5956 5971
f 7137 6715 6308
f 4292 4293 6718
f 6693 6705 6668
f 6215 6668 6667
f 6214 6667 6699
f 6698 6197 6212
f 6219 6207 6198
f 6207 6219 6220
f 6220 6221 6609
f 6262 6229 4066
f 7138 7139 7140
f 4298 7142 7140
f 7143 7144 7145
f 7147 7148 7144
f 7149 7150 7151
f 7150 7152 7153
f 6329 6261 7154
f 6261 6260 7155
f 7156 6829 7157
f 6598 6597 7159
f 6257 6256 7161
f 6256 4322 4321
f 6693 6694 6706
f 5954 5969 6705
f 5953 5966 5969
f 7163 5984 5983
f 7164 7165 6138
f 7167 7168 7169
f 6141 7171 7172
f 7166 7171 7173
f 6141 6140 7174
f 7176 7177 7178
f 7180 7181 7182
f 7184 7185 7186
f 6631 7180 7183
f 6218 6198 6197
f 6625 6641 7189
f 6814 6813 7190
f 6882 7192 7193
f 7195 7196 6109
f 6888 7197 7198
f 7200 7201 7202
f 7176 6627 6630
f 6029 7184 7187
f 7205 7206 7207
f 7209 7210 7211
f 7203 7202 7213
f 6886 7215 6778
f 6031 6030 7215
f 7216 7217 7218
f 7220 7221 6880
f 6076 6075 7220
f 6074 6077 6672
f 6147 6150 6662
f 7223 6662 6111
f 6810 6809 6113
f 6920 7134 6914
f 6077 6660 6675
f 6660 6077 6076
f 7222 7220 6669
f 7224 7222 6181
f 6660 6662 6150
f 7225 7226 6794
f 6783 6782 7225
f 6781 6780 6068
f 7217 7227 7228
f 6031 6888 7199
f 6887 6886 6723
f 6164 7225 6915
f 6780 6920 6591
f 7134 6074 6671
f 7229 7230 6824
f 7187 7186 7230
f 7226 6887 6722
f 7231 7232 6169
f 7201 7231 7233
f 6107 7234 7235
f 7215 7229 6823
f 6030 7187 7229
f 7236 7216 7219
f 7237 7238 6820
f 7237 7208 7207
f 7239 7240 7241
f 6739 7243 7244
f 7245 7239 7242
f 7233 6169 6168
f 7247 7213 7202
f 7195 6108 7203
f 7248 7249 7250
f 7227 7251 7252
f 7253 6067 5998
f 6067 7253 7198
f 6781 7198 7197
f 5984 7163 6683
f 7254 7250 6678
f 6679 7249 7252
f 6887 7226 7197
f 6782 7197 7226
f 7135 6919 6163
f 7221 7220 6075
f 6661 6076 7222
f 7224 6112 6111
f 6180 6810 6112
f 6179 6811 6810
f 6811 6179 6793
f 6650 6792 6622
f 6766 6621 7044
f 7095 7044 7043
f 7092 7043 7121
f 7078 7120 7255
f 7256 7232 7257
f 6768 6772 7259
f 6773 6767 7094
f 7090 7094 7093
f 7089 7093 7080
f 7071 7079 7032
f 7077 7018 6998
f 6995 7071 7260
f 7077 7076 7261
f 7035 7034 7018
f 7108 7019 7111
f 6978 7105 7262
f 7105 7263 7264
f 7263 6944 6952
f 6990 6992 6951
f 6972 7117 7266
f 7117 6947 6950
f 6948 6969 7267
f 6969 6968 6982
f 7103 6984 6987
f 7005 7004 6986
f 6999 7005 7268
f 7269 7270 7271
f 7274 7272 7275
f 7274 7273 7276
f 7278 7279 7280
f 7282 7283 7284
f 7286 7287 7288
f 7290 7291 7292
f 7294 7295 7296
f 7068 7297 7298
f 7300 7301 7302
f 7304 6962 7305
f 7307 7285 7305
f 7309 7284 7283
f 7311 7312 7313
f 7125 7304 7306
f 7285 7307 7280
f 7277 7281 7303
f 6965 6964 7316
f 7318 7312 7316
f 7320 7321 7271
f 7312 7318 7296
f 7270 7269 7298
f 7311 7270 7322
f 6961 6932 7300
f 7323 7324 7325
f 7327 7064 7328
f 7064 6958 7325
f 7287 7330 7292
f 6931 7068 7299
f 7331 7327 7329
f 7332 7333 7334
f 7336 7337 7338
f 7340 7341 7333
f 7342 7341 7343
f 7345 7346 7347
f 7348 7349 7350
f 7352 7353 7354
f 7356 7357 7358
f 7360 7361 7362
f 7365 7366 7367
f 7368 7369 7370
f 7372 7373 7336
f 7373 7375 7337
f 7367 7366 7376
f 7378 7379 7380
f 7382 7383 7384
f 7386 7387 7385
f 7388 7389 7390
f 7392 7334 7333
f 7394 7395 7396
f 7398 7399 7400
f 7402 7403 7404
f 7406 7407 7408
f 7410 7411 7383
f 7412 7413 7414
f 7385 7416 7417
f 7389 7418 7419
f 7373 7420 7421
f 7420 7373 7372
f 7369 7423 7424
f 7399 7398 7397
f 7393 7333 7341
f 7398 7358 7357
f 7358 7398 7401
f 7428 7429 7430
f 7433 7434 7435
f 7363 7362 7436
f 7383 7438 7439
f 7411 7440 7438
f 7441 7442 7443
f 7445 7446 7339
f 7374 7336 7339
f 7444 7365 7364
f 7448 7364 7450
f 7364 7367 7451
f 7451 7367 7377
f 7449 7450 7454
f 7455 7454 7450
f 7456 7455 7451
f 7410 7457 7458
f 7460 7461 7462
f 7423 7369 7462
f 7464 7465 7466
f 7468 7469 7347
f 7376 7366 7471
f 7425 7397 7396
f 7475 7476 7477
f 7478 7479 7480
f 7482 7483 7407
f 7484 7485 7351
f 7487 7405 7488
f 7490 7491 7492
f 7412 7415 7434
f 7494 7495 7434
f 7496 7388 7391
f 7440 7411 7498
f 7401 7400 7488
f 7485 7346 7345
f 7500 7502 7427
f 7395 7394 7469
f 7503 7504 7505
f 7507 7508 7509
f 7511 7512 7513
f 7511 7514 7515
f 7517 7518 7519
f 7521 7522 7523
f 7352 7524 7525
f 7415 7414 7527
f 7528 7529 7530
f 7404 7531 7502
f 7477 7388 7496
f 7512 7478 7481
f 7405 7404 7500
f 7533 7534 7535
f 7378 7507 7510
f 7532 7496 7379
f 7539 7540 7541
f 7524 7352 7355
f 7351 7485 7501
f 7414 7524 7523
f 7522 7543 7527
f 7544 7413 7412
f 7546 7416 7547
f 7526 7549 7353
f 7550 7521 7355
f 7521 7550 7551
f 7552 7546 7548
f 7546 7552 7553
f 7522 7521 7548
f 7418 7556 7520
f 7416 7546 7554
f 7457 7557 7558
f 7557 7559 7560
f 7562 7561 7563
f 7564 7563 7349
f 7351 7350 7565
f 7567 7568 7569
f 7570 7555 7520
f 7419 7418 7555
f 7572 7564 7348
f 7389 7476 7556
f 7573 7490 7493
f 7552 7535 7534
f 7562 7574 7536
f 7572 7575 7576
f 7422 7577 7578
f 7423 7579 7580
f 7579 7423 7463
f 7578 7574 7576
f 7583 7584 7381
f 7586 7579 7581
f 7533 7580 7579
f 7447 7339 7338
f 7588 7502 7531
f 7590 7428 7431
f 7321 7320 7592
f 7275 7581 7463
f 7461 7278 7276
f 7279 7278 7461
f 7453 7454 7593
f 7594 7593 7454
f 7330 7287 7498
f 7459 7458 7294
f 7558 7560 7595
f 7560 7592 7320
f 7275 7321 7585
f 7462 7276 7273
f 7596 7583 7380
f 7597 7598 7406
f 7467 7466 7599
f 7601 7602 7603
f 7605 7365 7444
f 7365 7605 7606
f 7607 7495 7494
f 7513 7481 7473
f 7396 7395 7514
f 7514 7395 7468
f 7470 7609 7515
f 7610 7611 7609
f 7612 7556 7476
f 7613 7530 7529
f 7442 7441 7615
f 7574 7578 7577
f 7619 7400 7399
f 7518 7479 7509
f 7491 7399 7425
f 7549 7620 7621
f 7491 7490 7622
f 7377 7438 7440
f 7379 7496 7497
f 7453 7461 7460
f 7411 7410 7459
f 7623 7624 7391
f 7625 7611 7610
f 7487 7407 7483
f 7619 7622 7408
f 7627 7628 7620
f 7538 7379 7378
f 7389 7388 7477
f 7629 7545 7412
f 7489 7408 7407
f 7628 7627 7598
f 7413 7525 7524
f 7592 7560 7559
f 7584 7631 7632
f 7569 7568 7633
f 7570 7508 7566
f 7631 7567 7566
f 7508 7570 7519
f 7614 7573 7480
f 7346 7610 7470
f 7572 7574 7562
f 7571 7633 7634
f 7346 7485 7484
f 7607 7591 7431
f 7585 7592 7630
f 7624 7596 7497
f 7635 7386 7384
f 7636 7427 7502
f 7323 7309 7310
f 7420 7578 7582
f 7637 7594 7455
f 7287 7286 7499
f 7458 7558 7295
f 7439 7376 7472
f 7599 7601 7604
f 7359 7358 7427
f 7436 7638 7639
f 7490 7573 7640
f 7481 7480 7493
f 7641 7506 7505
f 7642 7643 7627
f 7492 7425 7473
f 7517 7612 7625
f 7625 7484 7486
f 7634 7623 7390
f 7474 7477 7532
f 7448 7368 7441
f 7368 7448 7449
f 7615 7441 7368
f 7638 7603 7602
f 7575 7572 7501
f 7571 7555 7570
f 7400 7619 7489
f 7508 7507 7632
f 7503 7506 7540
f 6957 7125 7315
f 7376 7439 7438
f 7507 7378 7381
f 7499 7456 7452
f 7286 7637 7456
f 7504 7642 7644
f 7645 7598 7627
f 7647 7634 7633
f 7647 7648 7623
f 7649 7624 7623
f 7650 7596 7624
f 7646 7633 7568
f 7651 7568 7567
f 7653 7652 7567
f 7651 7654 7655
f 7656 7657 7658
f 7660 7658 7657
f 7663 7657 7656
f 7664 7665 7663
f 7667 7666 7663
f 7667 7662 7668
f 7663 7665 7661
f 7670 7671 7672
f 7661 7672 7671
f 7659 7668 7662
f 7648 7647 7668
f 7648 7659 7673
f 7659 7658 7674
f 7658 7660 7675
f 7668 7647 7646
f 7660 7671 7676
f 7675 7677 7678
f 7677 7675 7676
f 7677 7680 7681
f 7682 7683 7678
f 7677 7679 7684
f 7673 7674 7678
f 7683 7650 7649
f 7685 7676 7671
f 7667 7655 7686
f 7666 7686 7687
f 7654 7688 7686
f 7689 7687 7686
f 7664 7687 7691
f 7650 7692 7583
f 7693 7653 7631
f 7584 7583 7692
f 7693 7692 7682
f 7694 7682 7681
f 7694 7696 7653
f 7650 7683 7682
f 7696 7697 7652
f 7654 7651 7652
f 7688 7654 7697
f 7699 7698 7697
f 7700 7701 7698
f 7695 7699 7696
f 7699 7695 7702
f 7689 7688 7698
f 7689 7701 7703
f 7705 7706 7707
f 7701 7700 7705
f 7704 7703 7707
f 7685 7670 7691
f 7687 7689 7704
f 7680 7702 7695
f 7684 7706 7702
f 7702 7706 7705
f 7684 7679 7707
f 7676 7685 7707
f 7665 7669 7672
f 7670 7669 7690
f 7665 7664 7690
f 7611 7475 7474
f 7510 7509 7479
f 7511 7538 7537
f 7516 7532 7538
f 7517 7530 7613
f 7537 7510 7478
f 7611 7625 7612
f 7613 7480 7479
f 7556 7612 7517
f 7516 7515 7609
f 7708 7709 7710
f 7712 7713 7714
f 7713 7716 7717
f 7719 7720 7721
f 7722 7723 7597
f 7724 7712 7715
f 7726 7727 7728
f 7731 7640 7573
f 7730 7573 7614
f 7733 7734 7735
f 7721 7712 7724
f 7731 7722 7409
f 7708 7726 7729
f 7737 7724 7709
f 7716 7741 7736
f 7742 7743 7744
f 7740 7736 7735
f 7717 7716 7740
f 7716 7713 7720
f 7748 7749 7711
f 7750 7748 7710
f 7720 7719 7751
f 7734 7723 7728
f 7709 7724 7725
f 7752 7753 7715
f 7739 7709 7708
f 7720 7713 7712
f 7749 7754 7755
f 7745 7744 7756
f 7746 7727 7742
f 7743 7742 7755
f 7727 7746 7735
f 7747 7756 7757
f 7753 7750 7725
f 7751 7621 7620
f 7757 7752 7714
f 7718 7721 7737
f 7747 7740 7746
f 7727 7726 7755
f 7726 7708 7711
f 7759 7757 7756
f 7759 7760 7752
f 7760 7761 7753
f 7761 7762 7750
f 7758 7756 7744
f 7763 7744 7743
f 7754 7765 7764
f 7763 7766 7767
f 7768 7769 7770
f 7772 7768 7771
f 7775 7768 7772
f 7776 7777 7775
f 7779 7778 7775
f 7775 7777 7769
f 7770 7769 7781
f 7782 7774 7772
f 7760 7759 7782
f 7760 7773 7783
f 7773 7771 7784
f 7770 7785 7784
f 7779 7774 7782
f 7782 7759 7758
f 7785 7770 7780
f 7785 7787 7788
f 7787 7785 7786
f 7787 7790 7791
f 7792 7793 7788
f 7787 7789 7794
f 7793 7783 7784
f 7762 7761 7783
f 7796 7786 7780
f 7795 7780 7781
f 7779 7767 7798
f 7799 7776 7778
f 7766 7800 7798
f 7800 7801 7799
f 7802 7776 7799
f 7795 7797 7802
f 7762 7804 7748
f 7805 7765 7754
f 7749 7748 7804
f 7805 7804 7792
f 7806 7792 7791
f 7806 7808 7765
f 7793 7792 7804
f 7808 7809 7764
f 7766 7763 7764
f 7766 7809 7810
f 7811 7810 7809
f 7812 7813 7810
f 7807 7811 7808
f 7811 7807 7814
f 7813 7801 7800
f 7801 7813 7815
f 7817 7818 7819
f 7813 7812 7817
f 7816 7815 7819
f 7796 7795 7803
f 7799 7801 7816
f 7790 7814 7807
f 7794 7818 7814
f 7814 7818 7817
f 7794 7789 7819
f 7786 7796 7819
f 7777 7797 7781
f 7777 7776 7802
f 7528 7719 7718
f 7729 7728 7723
f 7738 7731 7730
f 7732 7737 7739
f 7733 7620 7628
f 7722 7731 7738
f 7621 7751 7719
f 7628 7597 7723
f 7733 7736 7741
f 7732 7614 7529
f 7486 7565 7621
f 7549 7565 7350
f 7353 7350 7349
f 7354 7349 7563
f 7821 7822 7823
f 7824 7825 7826
f 7825 7828 7829
f 7830 7831 7832
f 7834 7824 7827
f 7836 7837 7838
f 7840 7482 7406
f 7841 7406 7598
f 7843 7844 7845
f 7833 7824 7834
f 7848 7820 7836
f 7847 7834 7821
f 7828 7851 7846
f 7853 7854 7855
f 7850 7846 7845
f 7829 7828 7850
f 7828 7825 7832
f 7858 7859 7823
f 7860 7858 7822
f 7831 7861 7851
f 7844 7862 7838
f 7834 7835 7822
f 7863 7864 7827
f 7849 7821 7820
f 7825 7824 7833
f 7859 7865 7866
f 7855 7854 7867
f 7837 7852 7855
f 7865 7853 7852
f 7837 7856 7845
f 7857 7867 7868
f 7864 7860 7835
f 7843 7861 7642
f 7868 7863 7826
f 7830 7833 7847
f 7857 7850 7856
f 7837 7836 7866
f 7836 7820 7823
f 7870 7868 7867
f 7870 7871 7863
f 7871 7872 7864
f 7872 7873 7860
f 7869 7867 7854
f 7874 7854 7853
f 7876 7875 7853
f 7874 7877 7878
f 7879 7880 7881
f 7883 7879 7882
f 7886 7879 7883
f 7887 7888 7886
f 7890 7889 7886
f 7886 7888 7880
f 7891 7881 7880
f 7884 7893 7885
f 7871 7870 7893
f 7871 7884 7894
f 7884 7882 7895
f 7882 7881 7896
f 7890 7885 7893
f 7893 7870 7869
f 7881 7891 7897
f 7898 7899 7895
f 7900 7898 7896
f 7901 7902 7899
f 7904 7899 7902
f 7898 7900 7905
f 7894 7895 7899
f 7904 7873 7872
f 7907 7897 7891
f 7906 7891 7892
f 7890 7878 7909
f 7910 7887 7889
f 7877 7911 7909
f 7912 7910 7909
f 7887 7910 7914
f 7906 7908 7913
f 7873 7915 7858
f 7916 7876 7865
f 7859 7858 7915
f 7916 7915 7903
f 7917 7903 7902
f 7917 7919 7876
f 7873 7904 7903
f 7919 7920 7875
f 7877 7874 7875
f 7911 7877 7920
f 7922 7921 7920
f 7923 7924 7921
f 7918 7922 7919
f 7922 7918 7925
f 7924 7912 7911
f 7912 7924 7926
f 7928 7929 7930
f 7924 7923 7928
f 7927 7926 7930
f 7907 7906 7914
f 7910 7912 7927
f 7901 7925 7918
f 7905 7929 7925
f 7925 7929 7928
f 7905 7900 7930
f 7897 7907 7930
f 7888 7908 7892
f 7888 7887 7913
f 7645 7643 7831
f 7839 7838 7862
f 7841 7849 7848
f 7842 7847 7849
f 7504 7503 7844
f 7839 7931 7840
f 7643 7642 7861
f 7503 7539 7862
f 7846 7851 7861
f 7842 7598 7645
f 7932 7933 7934
f 7936 7937 7938
f 7937 7940 7941
f 7942 7943 7944
f 7947 7948 7949
f 7950 7936 7939
f 7953 7954 7955
f 7956 7957 7958
f 7956 7959 7540
f 7962 7963 7964
f 7936 7950 7965
f 7946 7949 7958
f 7966 7932 7952
f 7965 7950 7933
f 7968 7940 7969
f 7970 7971 7972
f 7974 7968 7964
f 7941 7940 7968
f 7940 7937 7944
f 7976 7977 7935
f 7978 7976 7934
f 7943 7979 7969
f 7947 7954 7963
f 7933 7950 7951
f 7980 7981 7939
f 7967 7933 7932
f 7937 7936 7945
f 7977 7982 7983
f 7973 7972 7984
f 7953 7970 7973
f 7982 7971 7970
f 7974 7963 7954
f 7975 7984 7985
f 7981 7978 7951
f 7961 7979 7544
f 7985 7980 7938
f 7942 7945 7965
f 7975 7968 7974
f 7952 7983 7970
f 7952 7932 7935
f 7987 7985 7984
f 7987 7988 7980
f 7988 7989 7981
f 7989 7990 7978
f 7986 7984 7972
f 7991 7972 7971
f 7993 7992 7971
f 7986 7991 7994
f 7997 7998 7999
f 8000 7996 7999
f 8003 7996 8000
f 8005 8003 8006
f 8007 8006 8003
f 7996 8003 8005
f 7998 7997 8009
f 8010 8002 8000
f 7988 7987 8010
f 7988 8001 8011
f 8011 8001 7999
f 7998 8013 8012
f 8007 8002 8010
f 8010 7987 7986
f 8013 7998 8008
f 8015 8016 8012
f 8017 8015 8013
f 8018 8019 8016
f 8021 8016 8019
f 8015 8017 8022
f 8011 8012 8016
f 8021 7990 7989
f 8023 8024 8014
f 8023 8008 8009
f 8007 7995 8026
f 8026 8027 8004
f 8028 8026 7995
f 8029 8027 8026
f 8030 8004 8027
f 8023 8025 8030
f 7990 8032 7976
f 8033 7993 7982
f 7976 8032 8033
f 8034 8033 8032
f 8035 8034 8020
f 8034 8036 7993
f 7990 8021 8020
f 8036 8037 7992
f 7991 7992 8037
f 7994 8037 8038
f 8039 8038 8037
f 8040 8041 8038
f 8035 8039 8036
f 8039 8035 8042
f 8041 8029 8028
f 8029 8041 8043
f 8045 8046 8047
f 8041 8040 8045
f 8044 8043 8047
f 8024 8023 8031
f 8027 8029 8044
f 8042 8035 8019
f 8022 8046 8042
f 8042 8046 8045
f 8017 8047 8046
f 8014 8024 8047
f 8005 8025 8009
f 8005 8004 8030
f 7506 7641 7943
f 7954 7947 7946
f 7967 7966 7957
f 7960 7965 7967
f 7948 7947 7962
f 7955 7946 7957
f 7641 7544 7979
f 7969 7979 7961
f 7960 7540 7506
f 7362 8049 8050
f 8052 7618 7464
f 8051 7464 7467
f 8054 8055 7600
f 8056 7361 7618
f 7436 8050 8057
f 8049 7362 7361
f 8057 8058 7603
f 8055 8053 7467
f 8058 8054 7604
f 8059 8060 8058
f 8060 8061 8054
f 8061 8062 8055
f 8062 8063 8053
f 8059 8057 8050
f 8064 8050 8049
f 8056 8066 8065
f 8059 8064 8067
f 8069 8070 8071
f 8073 8069 8072
f 8075 8069 8073
f 8077 8078 8075
f 8075 8079 8070
f 8079 8080 8081
f 8082 8071 8070
f 8083 8076 8073
f 8061 8060 8083
f 8061 8074 8084
f 8074 8072 8085
f 8072 8071 8086
f 8077 8076 8083
f 8083 8060 8059
f 8071 8082 8087
f 8088 8089 8085
f 8090 8088 8086
f 8091 8092 8089
f 8094 8089 8092
f 8088 8090 8095
f 8084 8085 8089
f 8094 8063 8062
f 8097 8087 8082
f 8096 8082 8081
f 8077 8068 8098
f 8099 8100 8078
f 8101 8098 8068
f 8102 8099 8098
f 8100 8099 8104
f 8096 8080 8103
f 8075 8078 8100
f 8079 8100 8103
f 8105 8051 8053
f 8066 8056 8052
f 8051 8105 8106
f 8107 8106 8105
f 8108 8107 8093
f 8107 8109 8066
f 8063 8094 8093
f 8109 8110 8065
f 8064 8065 8110
f 8067 8110 8111
f 8112 8111 8110
f 8113 8114 8111
f 8108 8112 8109
f 8112 8108 8115
f 8114 8102 8101
f 8102 8114 8116
f 8118 8119 8120
f 8114 8113 8118
f 8117 8116 8120
f 8097 8096 8104
f 8099 8102 8117
f 8091 8115 8108
f 8095 8119 8115
f 8115 8119 8118
f 8095 8090 8120
f 8087 8097 8120
f 7550 7563 7561
f 7552 7551 7561
f 7931 7862 7539
f 7640 7409 7408
f 7549 7526 7644
f 7525 7413 7544
f 7931 7542 7482
f 7483 7482 7542
f 7626 7402 7405
f 7629 7433 7432
f 7629 8121 7949
f 8122 7958 7949
f 8123 8122 8121
f 8124 8123 7432
f 7434 7495 8125
f 8125 7430 8124
f 8124 7430 7429
f 8123 8124 8126
f 8122 8123 8127
f 7541 7540 7959
f 7404 7403 8129
f 8125 7495 7431
f 7526 7525 7505
f 7626 7483 7541
f 7959 7958 8122
f 7961 7545 8048
f 7629 7948 8048
f 8127 7402 7626
f 7402 8127 8126
f 8129 7403 8126
f 7428 7531 8129
f 7589 7531 7428
f 7334 7392 7426
f 7335 7334 7357
f 7616 7615 7446
f 7392 7397 7398
f 7393 7394 7397
f 7342 7469 7394
f 7344 7347 7469
f 7343 7618 7361
f 7360 7345 7344
f 7363 7575 7345
f 7437 7576 7575
f 7582 7576 7437
f 7421 7582 7639
f 7375 7421 7602
f 7599 7337 7375
f 7465 7464 7618
f 7332 7447 7587
f 7447 7332 7335
f 7445 7335 7356
f 7359 7442 7616
f 7636 7443 7442
f 7588 7605 7443
f 7589 7606 7605
f 7590 7471 7606
f 7471 7590 7591
f 7446 7615 7371
f 7371 7370 7372
f 7422 7372 7370
f 7577 7422 7424
f 7536 7577 7580
f 7591 7607 7635
f 7607 7608 7386
f 7543 7608 7494
f 7547 7387 7543
f 7608 7543 7387
f 7387 7547 7416
f 7457 7410 7382
f 7557 7457 7417
f 7559 7557 7554
f 7630 7559 7553
f 7534 7533 7586
f 7466 7338 7337
f 7465 7587 7338
f 7617 7340 7587
f 7341 7340 7617
f 8130 6091 6090
f 6023 6022 8132
f 6182 6023 8133
f 6623 6622 6792
f 6787 6696 6182
f 8134 6700 6696
f 6917 6757 6756
f 6762 6761 7112
f 6762 6765 6184
f 6765 6623 6185
f 6650 6769 6768
f 6772 6771 6916
f 6777 6776 6789
f 6022 6777 6788
f 6756 6700 8134
f 6758 6757 6771
f 6761 6776 6775
f 6769 6622 6621
f 6772 6768 6767
f 6174 6173 6760
f 6187 6186 6178
f 6811 6649 6648
f 6786 6785 6724
f 6791 6790 6918
f 6186 6793 6179
f 6808 6807 8133
f 6884 6883 8135
f 6174 6187 6670
f 6807 6785 6784
f 6791 6808 8132
f 6786 6884 8134
f 6790 6173 6172
f 6649 6793 6792
f 6316 6315 8136
f 8137 6655 6654
f 8139 8140 6601
f 6656 6655 6580
f 6868 8141 8142
f 6316 6712 6711
f 6864 8143 8144
f 6864 6863 8145
f 6868 6867 6869
f 6656 6867 6866
f 8146 8147 8148
f 8139 8150 8151
f 8152 8153 6866
f 8154 8155 8138
f 6874 6873 8156
f 8158 6318 8159
f 8160 8152 6865
f 8161 6317 6313
f 6161 6600 8162
f 8164 8154 6654
f 8153 8164 6653
f 8165 8166 8167
f 8166 5989 8169
f 5989 5988 8170
f 5988 6017 8171
f 8172 8173 6043
f 8174 8175 6032
f 8174 6035 6098
f 8176 6098 6796
f 8177 6796 8178
f 7132 8178 6728
f 6589 6588 8180
f 8180 6588 6004
f 8181 6004 6007
f 6334 6079 6731
f 6079 6078 6645
f 6078 6085 6646
f 6085 8183 8184
f 6091 8130 8185
f 6086 6730 8183
f 6950 6949 7118
f 6952 6951 6992
f 6983 6982 6968
f 6987 6986 7004
f 7001 7000 6979
f 7001 7262 7074
f 7262 7264 7075
f 7264 6952 7127
f 7265 6951 6943
f 7265 7266 6991
f 7266 6950 7070
f 6949 7267 7119
f 7267 6982 6939
f 6983 6987 7099
f 7268 6986 6985
f 7000 7268 8186
f 6938 6937 6985
f 6946 6945 6922
f 6956 6955 6948
f 6971 6970 6928
f 6970 6955 6954
f 6973 6946 6921
f 6977 6976 7263
f 6981 6980 7061
f 6973 7067 7117
f 7097 6980 6979
f 7104 6971 6927
f 6977 6981 7060
f 6976 6945 6944
f 6956 7067 7066
f 6937 7097 8186
f 6938 7104 7101
f 6924 6923 7116
f 6926 6924 7297
f 6930 6929 6962
f 6934 6933 6953
f 6960 6959 6936
f 6963 6929 6928
f 6967 6966 6975
f 7063 7062 7327
f 6959 7065 7096
f 6926 6934 7066
f 7102 6930 7304
f 6967 7063 7331
f 6966 6923 6922
f 7062 7065 7064
f 6963 6933 6932
f 7102 6960 6935
f 7299 7298 7269
f 7301 7300 6932
f 7306 7305 7285
f 7308 7305 6962
f 7315 7306 7284
f 7317 7316 7312
f 7319 7316 6964
f 7322 7298 7297
f 7317 7322 7116
f 7308 7300 7303
f 7326 7325 6958
f 7329 7328 7291
f 7328 7325 7324
f 7301 7299 8187
f 7319 7329 7290
f 7326 7315 7309
f 7272 7271 7321
f 7272 7274 8187
f 7274 7277 7302
f 7281 7280 7307
f 7283 7282 7593
f 7289 7288 7324
f 7293 7292 7330
f 7293 7296 7318
f 7310 7283 7594
f 7314 7313 7595
f 7282 7280 7279
f 7278 7281 7277
f 7314 7271 7270
f 7313 7296 7295
f 7288 7292 7291
f 7289 7310 7637
f 6003 6002 6626
f 6003 6138 7165
f 6690 8188 8189
f 6686 6685 5981
f 6685 6687 6096
f 6687 6688 6806
f 6002 6686 5980
f 6606 8188 5351
f 7164 7173 8190
f 8192 7175 7174
f 6015 6014 8153
f 6189 6188 8155
f 8157 8156 6284
f 6332 6015 8152
f 6593 6592 6317
f 6658 6189 8154
f 6014 6658 8164
f 6332 8194 7131
f 6805 8159 6321
f 6146 8163 8162
f 6607 7128 8195
f 8196 6126 6125
f 8198 7169 7168
f 8199 7168 6633
f 7177 6632 8201
f 8202 8203 8204
f 7208 7186 7185
f 7237 7230 7186
f 6819 6824 7230
f 6818 6821 6824
f 8206 6883 6821
f 8207 6917 8135
f 6917 8207 8209
f 8209 8210 7259
f 8210 8211 6647
f 6812 6648 8212
f 6809 6812 7258
f 6809 7257 8213
f 6113 8213 8214
f 7235 7223 6110
f 7223 7235 7234
f 6147 7234 8215
f 6148 8215 8216
f 8218 6155 6158
f 8219 6285 6116
f 6284 6188 6116
f 6188 6284 8156
f 8155 8156 6873
f 8138 6873 6872
f 8137 6872 8148
f 6193 8147 6281
f 6190 6281 6278
f 8220 8221 8222
f 8224 8225 7139
f 6223 6222 8226
f 6237 6236 8228
f 6238 6223 8227
f 6249 6248 8231
f 6253 6252 8233
f 6236 6279 8221
f 6331 6238 8230
f 6252 6595 8236
f 6222 6237 8229
f 6828 6827 8237
f 6280 8239 8240
f 8208 8135 6883
f 6648 6647 8211
f 6143 6624 8242
f 6624 7189 8244
f 8245 8246 8247
f 8249 8250 8251
f 7195 8253 8254
f 7214 8255 8253
f 8256 8255 7214
f 7243 7211 8257
f 7210 8258 8257
f 8259 7181 6102
f 8261 6122 6121
f 8178 7132 8263
f 7132 6797 8264
f 6797 6135 8265
f 6135 6134 8266
f 6134 6151 8267
f 6151 6154 8268
f 6154 8269 8270
f 8269 8271 8272
f 7194 7193 8273
f 7193 8250 8275
f 8249 8259 8260
f 8248 8277 8278
f 6129 6128 8279
f 7169 8198 8197
f 8198 8190 8192
f 7171 6141 7175
f 6589 6801 7129
f 6801 6037 6040
f 6037 6036 6041
f 6036 6131 6659
f 6131 6156 6118
f 6156 6155 6119
f 8218 8219 6119
f 8219 8218 6815
f 7191 7189 6641
f 8246 8244 7189
f 8245 8278 8281
f 8280 8279 6288
f 6125 6124 7170
f 6288 6127 6602
f 6126 8196 6604
f 8196 8193 6605
f 7174 6140 6691
f 6691 6140 6139
f 7171 7166 8283
f 7172 8283 8284
f 6139 6142 8284
f 8285 8286 8287
f 8211 8210 8289
f 8290 8291 8292
f 8293 8294 8291
f 8293 8207 8208
f 8296 8297 8298
f 6818 6817 8296
f 8285 7256 7258
f 7243 8299 7212
f 7243 6739 8300
f 8301 8300 6739
f 8302 8256 7213
f 8303 8302 7247
f 8304 8303 6168
f 6738 8298 8297
f 8288 8287 6167
f 8304 8292 8291
f 8305 8291 8294
f 6737 6736 8306
f 6736 7244 8307
f 8243 8242 8308
f 8242 8244 8282
f 8247 8246 7191
f 7196 8254 8251
f 8253 8310 8311
f 8255 8312 8310
f 8313 8312 8255
f 7244 8257 8313
f 8313 8257 8258
f 8312 8258 8314
f 8315 8311 8310
f 8311 8315 8316
f 8282 8281 8317
f 8308 8317 8261
f 8309 8261 8262
f 8248 8247 8275
f 8282 8244 8246
f 8307 8313 8256
f 8306 8307 8302
f 8305 8306 8303
f 8298 6738 6737
f 8287 8292 8304
f 7253 8319 7199
f 8319 8320 6028
f 8320 8321 6029
f 8321 8322 7184
f 8322 8203 7185
f 8203 8202 7205
f 8202 7240 7206
f 7239 7245 7210
f 7251 7227 8319
f 7227 7217 8320
f 7217 7216 8321
f 7216 7236 8322
f 7236 8204 8203
f 6175 8199 8200
f 7165 7164 8191
f 6137 8283 7166
f 6200 6199 8283
f 6199 6206 8284
f 8284 6206 6205
f 6205 6608 6689
f 6689 6608 5485
f 7009 7008 8323
f 7013 7012 7021
f 7017 7016 7029
f 7013 7059 7110
f 7073 7072 7084
f 7081 7080 7093
f 7082 7017 7028
f 7088 7072 6995
f 7088 7115 7057
f 7122 7121 7043
f 7124 7123 7024
f 7082 7025 7024
f 7009 7122 7042
f 7012 7124 7126
f 7115 7016 7015
f 7008 7059 7058
f 7081 7121 7120
f 7073 7080 7079
f 6997 6996 7076
f 7023 7022 6942
f 7027 7026 7069
f 7031 7030 6989
f 7079 7078 7033
f 7037 7036 7107
f 7027 7040 7126
f 7041 7030 7029
f 7026 7031 6988
f 7100 7023 6941
f 7108 7036 7002
f 7100 7037 8323
f 6997 7041 7114
f 7022 7040 7039
f 7111 7034 7033
f 7035 7261 7260
f 7261 7076 6996
f 7108 7255 7120
f 7245 8314 8258
f 7246 8315 8314
f 7181 8259 8316
f 8277 6101 6129
f 8278 6129 8280
f 6287 8317 8281
f 6122 8261 8317
f 5487 6145 6144
f 5489 6159 6162
f 6637 8324 8325
f 8326 8325 8225
f 5494 7139 8225
f 6160 6159 8150
f 5496 8324 8151
f 8163 8327 6162
f 6146 6145 8327
f 8243 8328 6144
f 8328 8243 8309
f 8318 8262 5501
f 8262 6121 5502
f 8329 8330 8331
f 8333 8334 8335
f 8338 8182 6007
f 8329 8334 8339
f 8341 6334 6734
f 6006 8342 8337
f 8342 6006 6804
f 6065 6064 8339
f 5995 5994 8341
f 6918 6172 6166
f 7221 6163 6166
f 6172 6171 6880
f 8344 5952 5955
f 5519 5976 5975
f 6806 8345 8346
f 6646 8184 8347
f 8165 8348 8349
f 6322 8350 8131
f 8345 6806 6688
f 6695 8346 5975
f 5976 5519 5528
f 5529 8130 8131
f 6643 8347 8352
f 8183 5533 5532
f 5534 8185 8130
f 6730 5535 5533
f 8351 6688 6093
f 5535 6730 6594
f 8353 8354 6652
f 8354 8353 8355
f 8357 8358 6825
f 8359 8357 6202
f 6224 8354 8356
f 6275 8361 8362
f 6201 6210 7143
f 7146 8363 8359
f 8357 8359 8363
f 8355 8365 8366
f 8361 8360 8368
f 8356 8355 8367
f 8370 8371 8372
f 8220 8373 7145
f 6275 6274 6228
f 5558 4067 6228
f 8375 8369 8367
f 8362 8368 8376
f 8378 8379 8380
f 8363 7146 8382
f 8384 8378 8381
f 8382 8373 8386
f 8383 8387 8364
f 6226 6225 6231
f 6231 6225 8361
f 6636 8388 8389
f 6635 8390 8388
f 8390 6635 5576
f 8379 8378 6232
f 8378 8384 6233
f 8384 8391 8371
f 8372 8392 8393
f 7138 8240 8239
f 8224 8239 8394
f 8146 6638 8394
f 6638 6637 8326
f 6340 6339 6299
f 6747 6338 6577
f 6344 6343 6346
f 6342 6341 6355
f 6353 6352 6349
f 6337 6351 6369
f 6360 6359 6328
f 6358 6357 6386
f 6364 6363 6293
f 6362 6361 6376
f 6366 6353 6297
f 6350 6365 6372
f 6533 6342 6303
f 6534 6536 6346
f 6744 6746 6533
f 6536 6534 6747
f 6357 6835 6894
f 6341 6834 6832
f 6839 6838 6292
f 6837 6836 6380
f 6838 6841 6354
f 6361 6840 6377
f 6363 6366 6296
f 6365 6362 6373
f 6359 6839 6291
f 6836 6358 6385
f 6481 6480 6902
f 6484 6483 6501
f 6477 6488 6487
f 6849 6467 6492
f 6494 6492 6467
f 6547 6481 6544
f 6750 6751 6546
f 6494 6466 6751
f 6843 6484 6500
f 6845 6573 6575
f 6489 6488 6847
f 6474 6487 6491
f 6483 6905 6906
f 6493 6463 6465
f 6471 6470 6544
f 6472 6482 6485
f 6476 6475 6461
f 6470 6451 6542
f 6570 6567 6569
f 6495 6567 6463
f 6475 6465 6462
f 6572 6848 6477
f 6574 6571 6457
f 6569 6568 6543
f 6575 6574 6473
f 6471 6904 6901
f 6469 6468 6508
f 6498 6497 6479
f 6503 6502 6518
f 6489 6506 6505
f 6467 6849 6509
f 6546 6548 6498
f 6549 6548 6752
f 6752 6751 6466
f 6503 6850 6846
f 6850 6851 6844
f 6507 6506 6852
f 6486 6505 6509
f 6502 6907 6909
f 6858 6893 6664
f 8396 8397 6611
f 6833 8398 6324
f 8399 6826 6825
f 6831 6830 8401
f 6707 6833 6826
f 8398 8403 6890
f 6858 6857 8404
f 8405 8396 6610
f 6830 6893 6553
f 8397 6892 6911
f 8400 6825 8358
f 8358 8357 8364
f 8406 8364 8387
f 8389 8408 8380
f 8389 8388 8409
f 8388 8390 8410
f 5575 5597 8410
f 6665 6273 8411
f 8412 8413 6720
f 8413 5602 5601
f 8411 8414 8413
f 6262 6742 6290
f 5602 8413 8414
f 7141 7140 7142
f 8393 8222 8241
f 8227 8226 7147
f 8229 8228 8374
f 8230 8227 7151
f 8232 8231 8415
f 8234 8233 8417
f 8221 8220 8374
f 8235 8230 7153
f 8233 8236 8420
f 8226 8229 7148
f 8238 8237 8421
f 7141 8393 8240
f 6581 6580 6655
f 6640 6639 8140
f 6710 6709 8141
f 6717 6716 6712
f 6860 6859 8143
f 6870 6869 6867
f 6717 8136 6726
f 6870 6580 6192
f 6860 8145 6050
f 6710 6869 6025
f 6639 8149 6871
f 6640 8151 8324
f 6581 8148 8147
f 5615 5614 6234
f 7144 7148 8374
f 7144 7143 6210
f 7150 7149 6210
f 7152 7150 6209
f 7152 7154 8419
f 7154 7155 8421
f 7158 7157 8415
f 7160 7159 8420
f 7162 7161 8418
f 7161 4321 5616
f 8370 6234 6233
f 8373 8382 7146
f 8392 8391 8386
f 8391 8392 8372
f 5617 8344 6713
f 5973 5618 3355
f 8345 5620 5619
f 3880 6735 6910
f 8351 5622 5620
f 8346 5619 5520
f 5621 6910 6911
f 5622 8351 8185
f 8150 5624 5497
f 8423 8424 8425
f 8427 6516 6519
f 8429 8430 8431
f 6523 8432 8433
f 8434 8435 8436
f 8438 8435 8434
f 8438 8440 6511
f 8441 8442 8424
f 8427 8443 8430
f 8444 8428 8445
f 8447 8425 8424
f 8449 8443 8444
f 8451 8431 8430
f 8453 8437 8454
f 8456 8434 8437
f 8439 8434 8456
f 8448 8424 8442
f 8452 8430 8443
f 8425 8447 8459
f 8460 8461 8462
f 8464 8465 8466
f 8468 8469 8470
f 8472 8473 8474
f 8476 8477 8478
f 8480 8481 8482
f 8484 8485 8486
f 8485 8488 8489
f 8490 8491 8481
f 8492 8493 8494
f 8495 8494 8496
f 8498 8499 8500
f 8502 8501 8500
f 8504 8505 8506
f 8508 8509 8510
f 8513 8508 8511
f 8507 8506 8514
f 8516 8517 8518
f 8520 8517 8516
f 8522 8523 8524
f 8526 8527 8522
f 8528 8529 8530
f 8532 8530 8529
f 8534 8535 8536
f 8538 8539 8534
f 8464 8482 8481
f 8483 8540 8541
f 8542 8485 8484
f 8487 8543 8540
f 8488 8485 8542
f 8545 8546 8486
f 8481 8491 8466
f 8547 8545 8489
f 8548 8494 8493
f 8549 8550 8502
f 8551 8496 8494
f 8497 8541 8552
f 8469 8500 8499
f 8547 8541 8497
f 8469 8468 8503
f 8501 8502 8550
f 8460 8504 8507
f 8552 8553 8506
f 8554 8511 8510
f 8549 8552 8505
f 8554 8555 8512
f 8513 8556 8550
f 8461 8507 8515
f 8557 8556 8513
f 8558 8516 8519
f 8559 8560 8527
f 8521 8516 8558
f 8553 8562 8517
f 8477 8525 8524
f 8520 8523 8557
f 8476 8526 8525
f 8527 8560 8556
f 8563 8529 8528
f 8564 8539 8531
f 8533 8529 8563
f 8562 8567 8530
f 8473 8537 8536
f 8559 8562 8532
f 8472 8538 8537
f 8560 8534 8539
f 8463 8462 8555
f 8544 8542 8467
f 8470 8551 8548
f 8475 8474 8566
f 8479 8478 8561
f 8484 8487 8483
f 8490 8489 8488
f 8503 8493 8492
f 8498 8497 8496
f 8504 8510 8509
f 8515 8514 8513
f 8519 8518 8527
f 8521 8524 8523
f 8528 8531 8539
f 8533 8536 8535
f 8467 8484 8482
f 8487 8486 8546
f 8544 8466 8491
f 8480 8541 8547
f 8493 8503 8468
f 8495 8552 8549
f 8551 8470 8499
f 8501 8545 8547
f 8460 8463 8510
f 8508 8550 8549
f 8555 8462 8515
f 8506 8553 8557
f 8519 8526 8476
f 8517 8562 8559
f 8561 8478 8524
f 8522 8556 8557
f 8475 8528 8538
f 8567 8565 8531
f 8566 8474 8536
f 8560 8559 8535
f 8442 8441 8568
f 6512 8570 8568
f 8570 8440 8571
f 8426 6515 6514
f 8428 8444 8443
f 6522 8429 8432
f 8437 8436 8433
f 6524 8436 8435
f 6528 6527 8435
f 8423 6514 6550
f 8429 6522 6516
f 6515 8426 8445
f 8441 6550 6754
f 8570 8572 8569
f 8440 8570 6512
f 8569 8573 8458
f 8574 8575 8572
f 8572 8575 8573
f 8453 8576 8577
f 8576 8453 8455
f 8452 8579 8580
f 8573 8581 8582
f 8575 8583 8581
f 8584 8583 8575
f 8571 8439 8457
f 8439 8571 8440
f 8585 8586 8587
f 8587 8589 8590
f 8589 8591 8592
f 8591 8593 8594
f 8593 8595 8596
f 8595 8597 8598
f 8599 8600 8586
f 8601 8602 8600
f 8603 8604 8602
f 8605 8606 8598
f 8607 8608 8604
f 8609 8610 8608
f 8611 8612 8610
f 8606 8605 8612
f 8613 8614 8589
f 8614 8615 8591
f 8615 8616 8593
f 8616 8617 8595
f 8617 8618 8597
f 8619 8620 8617
f 8620 8621 8618
f 8620 8622 8623
f 8624 8625 8626
f 8626 8623 8622
f 8620 8619 8628
f 8622 8628 8629
f 8627 8629 8630
f 8632 8633 8634
f 8636 8634 8633
f 8637 8638 8636
f 8639 8633 8632
f 8633 8639 8641
f 8635 8641 8642
f 8642 8643 8644
f 8645 8638 8637
f 8586 8646 8613
f 8600 8647 8646
f 8616 8615 8648
f 8615 8614 8649
f 8613 8650 8649
f 8651 8650 8613
f 8647 8652 8651
f 8652 8653 8654
f 8602 8655 8647
f 8655 8656 8652
f 8656 8657 8653
f 8653 8658 8659
f 8658 8660 8661
f 8644 8662 8663
f 8664 8661 8662
f 8661 8664 8666
f 8666 8667 8654
f 8667 8650 8651
f 8668 8605 8597
f 8669 8668 8618
f 8670 8669 8621
f 8671 8670 8623
f 8671 8626 8625
f 8625 8631 8673
f 8636 8674 8675
f 8638 8676 8674
f 8645 8677 8676
f 8645 8663 8678
f 8679 8680 8660
f 8657 8679 8658
f 8583 8584 8648
f 8650 8581 8583
f 8667 8582 8581
f 8666 8681 8582
f 8664 8682 8681
f 8682 8664 8665
f 8684 8685 8643
f 8684 8642 8641
f 8639 8580 8579
f 8580 8639 8640
f 8629 8577 8576
f 8604 8686 8655
f 8608 8687 8686
f 8610 8688 8687
f 8612 8689 8688
f 8605 8668 8689
f 8690 8689 8668
f 8691 8688 8689
f 8692 8687 8688
f 8693 8686 8687
f 8656 8655 8686
f 8694 8690 8669
f 8695 8691 8690
f 8696 8692 8691
f 8697 8693 8692
f 8657 8656 8693
f 8697 8698 8679
f 8696 8699 8698
f 8696 8695 8700
f 8694 8701 8700
f 8670 8671 8701
f 8702 8701 8671
f 8701 8702 8703
f 8703 8704 8699
f 8699 8704 8705
f 8698 8705 8680
f 8672 8673 8706
f 8675 8674 8707
f 8674 8676 8709
f 8709 8676 8677
f 8677 8678 8711
f 8712 8713 8710
f 8702 8706 8714
f 8713 8712 8714
f 8707 8709 8716
f 8717 8716 8713
f 8710 8713 8716
f 8708 8707 8717
f 8546 8601 8599
f 8546 8545 8603
f 8550 8607 8603
f 8556 8609 8607
f 8560 8611 8609
f 8564 8606 8611
f 8565 8598 8606
f 8565 8567 8596
f 8567 8562 8594
f 8562 8553 8592
f 8553 8552 8590
f 8590 8552 8541
f 8540 8585 8588
f 8543 8599 8585
f 8684 8449 8450
f 8579 8452 8449
f 8682 8447 8448
f 8447 8682 8683
f 8681 8448 8458
f 8584 8718 8619
f 8628 8718 8577
f 8457 8456 8577
f 8574 8457 8718
f 7134 6920 6919
f 6164 6163 6919
f 5485 6608 6609
f 3832 5351 8188
f 5921 6609 6221
f 5922 4281 7128
f 6439 8719 8720
f 8720 8719 6570
f 6570 8719 8721
f 6439 6447 8721
f 6727 6058 6057
f 6312 6057 6073
f 6828 6248 6073
f 6877 6268 6267
f 6745 6267 6299
f 6891 6306 6305
f 6338 6747 6746
f 6438 6411 6410
f 6412 6411 6440
f 6564 6421 6424
f 6842 6578 6577
f 6889 6305 6829
f 6579 6578 6564
f 6435 6410 6565
f 8722 6857 6306
f 8723 6859 6058
f 6269 6268 6878
f 7160 7157 6829
f 8724 8144 8143
f 8238 8231 6248
f 6339 6746 6744
f 8395 6577 6338
f 6879 6878 8404
f 8422 8415 8231
f 8725 8143 6859
f 8416 8415 7157
f 6059 6050 6049
f 6330 6099 6049
f 7156 6260 6259
f 6269 6265 6264
f 6297 6349 6264
f 6340 6352 6351
f 6368 6842 8395
f 6422 6414 6559
f 6436 6403 6404
f 6447 6439 6438
f 6424 6423 6436
f 6331 6827 6099
f 6422 6421 6842
f 8722 8403 6856
f 8141 6863 6862
f 6265 6855 6617
f 6324 6890 6259
f 7158 7155 6260
f 6709 8145 6863
f 8235 8237 6827
f 6298 6349 6352
f 6370 6369 6351
f 6891 6890 8403
f 8419 8421 8237
f 6051 6050 8145
f 8422 8421 7155
f 8721 6447 6446
f 6748 6440 8720
f 8727 6008 6011
f 8158 6009 8144
f 6009 6008 6861
f 6008 8727 6862
f 8142 6862 8727
f 6554 6553 6893
f 6833 6707 6708
f 6708 6856 8403
f 5623 6911 6892
f 8406 8366 8365
f 8407 8375 8366
f 8377 8376 8408
f 8397 8396 6530
f 6651 8399 8400
f 8402 8401 6616
f 6618 6707 8399
f 6554 8404 6878
f 8396 8405 6854
f 8401 6553 6552
f 6892 8397 6529
f 8353 8400 8365
f 8377 8409 6276
f 8409 8410 6277
f 8410 5597 5932
f 8726 8404 6857
f 8726 6856 6855
f 7234 6107 6106
f 8279 6124 6127
f 8354 6224 6227
f 6246 6245 6619
f 8239 6280 6282
f 8162 6283 6286
f 6292 6354 6246
f 6382 6378 6377
f 6392 6397 6396
f 6396 6395 6427
f 6398 6397 6443
f 6459 6443 6458
f 6525 6520 6523
f 6558 6272 6271
f 6429 6428 6560
f 6460 6458 6572
f 6272 6558 3736
f 7128 6603 6602
f 6227 6245 6244
f 7180 6631 6634
f 6642 6286 6285
f 6356 6741 6740
f 6816 6815 8218
f 6820 8300 8301
f 6355 6832 6741
f 6344 6835 6834
f 6364 6841 6840
f 6375 6378 6560
f 6848 6847 6488
f 6853 6852 6506
f 6530 6854 6740
f 8140 6871 6874
f 6555 6271 6831
f 8215 6106 6881
f 6348 6895 6894
f 6383 6895 6896
f 6433 6897 6896
f 6432 6897 6898
f 6406 6899 6898
f 6900 6455 6387
f 6900 6449 6448
f 6472 6904 6903
f 6480 6905 6903
f 6497 6907 6906
f 6908 6519 6518
f 4280 5933 6120
f 6100 7167 7170
f 6632 6631 7188
f 7235 8214 7201
f 7206 7209 7212
f 8213 7257 7232
f 8214 8213 7231
f 6108 6107 7200
f 7238 8299 8300
f 7207 7212 8299
f 8205 7241 7240
f 6170 6169 7232
f 6638 8146 8149
f 6601 6874 8157
f 6600 8157 6283
f 8392 8223 8222
f 6278 6280 8241
f 6816 8272 8274
f 6642 6815 6814
f 6128 7170 6124
f 8195 6602 6127
f 8212 8211 8286
f 8292 8287 8286
f 8290 8289 8210
f 8207 8293 8290
f 8294 8293 8295
f 8206 8296 8295
f 6817 8301 8297
f 8288 6170 7256
f 7209 7206 7240
f 6225 6224 8360
f 8369 8368 8360
f 8375 8376 8368
f 8381 8380 8387
f 8385 8381 8383
f 8385 8386 8391
f 8147 8146 6282
f 6345 6894 6835
f 6327 6832 6834
f 6295 6354 6841
f 6379 6377 6840
f 6853 6847 6845
f 6479 6906 6905
f 6848 6572 6571
f 6452 6901 6904
f 6525 6852 6851
f 6496 6909 6907
f 8402 8405 6876
f 8408 8407 8387
f 6279 8241 8222
f 6872 6871 8149
f 8223 8386 8373
f 6526 8433 8436
f 8446 8445 8426
f 8455 8454 8431
f 8446 8459 8450
f 8454 8433 8432
f 6908 8445 8428
f 8578 8455 8451
f 8632 8631 8625
f 8640 8632 8624
f 8660 8663 8662
f 8662 8644 8643
f 8675 8673 8631
f 8680 8678 8663
f 8683 8665 8643
f 8578 8640 8630
f 8673 8675 8708
f 8678 8680 8705
f 8711 8705 8704
f 8706 8708 8715
f 8703 8714 8712
f 8459 8683 8685
f 8407 8408 8376
f 6615 6854 8405
f 5993 6080 6335
f 6060 6682 6018
f 5993 6047 6081
f 6105 6104 6176
f 6177 6104 6000
f 6309 6311 6310
f 8725 6315 6314
f 8724 6314 6318
f 6321 6320 6053
f 6249 6595 6310
f 6596 6254 6257
f 8188 6606 6605
f 5986 6683 6682
f 6714 6726 6311
f 6047 6320 6086
f 6875 6596 6304
f 6001 6105 6912
f 7162 7159 6597
f 7254 7163 6912
f 6684 6683 7163
f 8723 8136 6315
f 6592 8159 6318
f 8332 8331 8171
f 6607 6606 5350
f 8191 8190 8198
f 8197 8192 8193
f 8159 6592 6319
f 8232 8236 6595
f 8192 8190 7173
f 8189 6605 8193
f 6177 8191 8199
f 6733 8331 8330
f 8340 8341 8330
f 8341 5994 6335
f 8412 6721 6875
f 8414 8411 6273
f 8416 8420 8236
f 6727 6726 8136
f 8417 8420 7159
f 6277 5932 5558
f 5935 5576 6635
f 5991 5990 6061
f 6019 6018 6682
f 5999 6034 6033
f 6045 6044 6677
f 6055 6054 6083
f 5995 6064 6063
f 6084 6054 6053
f 6088 5990 5989
f 6063 6084 6046
f 6066 6097 6034
f 6103 6102 7181
f 6673 6676 6133
f 6149 6148 6153
f 6323 6088 8166
f 6585 6584 6083
f 6630 6629 6702
f 6634 6633 7168
f 6676 6149 6152
f 6703 6629 6628
f 6796 6729 6728
f 6069 6729 6097
f 6132 6798 6674
f 6803 6799 6800
f 6011 6010 6055
f 6799 6803 6582
f 7194 8271 6881
f 7131 6584 6583
f 6798 7133 6913
f 7179 7178 8204
f 7183 7182 7246
f 7188 7183 7242
f 6109 7196 7192
f 7204 6630 6176
f 7219 7218 6628
f 7218 7228 7248
f 7179 7219 6627
f 7250 7254 6704
f 7228 7252 7249
f 6678 7250 7249
f 5997 7252 7251
f 8168 8167 6644
f 8167 8169 6732
f 8169 8170 6733
f 8170 8171 8331
f 8336 8335 8173
f 8182 8338 8175
f 8182 8174 8176
f 8181 8176 8177
f 8180 8177 8179
f 7133 6728 6590
f 7130 7131 8194
f 8200 6633 6632
f 7178 8201 8205
f 8269 6154 6153
f 8254 8311 8252
f 8260 6102 6101
f 8179 8263 6802
f 8263 8264 6038
f 8264 8265 6039
f 8265 8266 6130
f 8266 8267 6157
f 8267 8268 6158
f 8268 8270 8217
f 8270 8272 6816
f 6813 8274 8273
f 8273 8275 8247
f 8276 8260 8277
f 7192 8251 8250
f 8252 8316 8259
f 8276 8275 8250
f 7204 8200 7177
f 7182 8316 8315
f 8343 8339 8334
f 8333 8337 8342
f 8343 8342 6800
f 8340 8339 6064
f 6323 8349 8350
f 8168 8352 8348
f 8349 5937 5936
f 8352 5939 5938
f 6103 6634 7167
f 8271 8269 8216
f 8201 7188 7241
f 8274 8272 8271
f 5991 6018 6017
f 8728 8171 6017
f 5997 5996 6680
f 5996 6033 6045
f 6033 6032 6042
f 6042 6032 8175
f 8172 8175 8338
f 8336 8338 8337
f 6684 6678 6677
f 6681 6677 6044
f 6019 6044 6043
f 6016 6043 8173
f 8728 8173 8335
f 8332 8335 8334
f 8194 6332 8160
f 6805 6010 6009
f 5940 5941 7137
f 8324 5496 5942
f 8325 5942 5495
f 6253 5943 4292
f 7137 5941 5944
f 8348 5938 5937
f 8350 5936 5530
f 5624 8150 6159
f 6718 4293 5940
f 8327 5945 5490
f 8347 5946 5939
f 5933 5502 6121
f 8184 5532 5946
f 7142 4298 5615
f 6145 5487 5945
f 8234 5947 5943
f 8328 5948 5488
f 8318 5500 5948
f 7139 5494 4299
f 8418 5616 5947
f 5604 8414 6599
f 5949 3853 6712
f 5944 5949 6716
f 6720 5601 5950
f 6255 5950 4322
f 5614 5935 6235
f 6711 3852 5951
f 8161 5951 3857
f 5973 5964 2965
f 2965 5964 5963
f 222 5963 5960
f 223 5960 5958
f 5958 5957 3185
f 5957 5970 2977
f 5970 5967 1213
f 5967 5966 1214
f 2532 1214 5966
f 2894 2532 5953
f 2871 2894 5952
f 5510 5722 5721
f 5822 5825 5824
f 3511 3512 3844
f 3887 3892 3889
f 3876 3879 3878
f 3356 3357 3911
f 3372 3373 3390
f 3849 3854 3851
f 3481 3478 3867
f 3873 3874 3385
f 3875 3375 3450
f 3915 3794 3865
f 3657 3670 3671
f 5618 5973 3013
f 1997 1996 1889
f 1237 745 744
f 1535 1534 120
f 1531 1532 201
f 1119 1241 1032
f 946 948 824
f 163 8 5
f 9041 9178 9175
f 1155 1156 1162
f 427 213 327
f 553 1902 796
f 8732 2232 2231
f 8732 3178 2230
f 2237 3183 3180
f 8734 8735 8736
f 8735 8737 8738
f 8737 8739 8740
f 8739 8741 8742
f 8743 8744 8745
f 8746 8745 8747
f 8749 8750 8748
f 8751 8752 8750
f 8754 8755 8756
f 8757 8758 8755
f 8759 8760 8758
f 8761 8762 8760
f 8763 8764 8762
f 8766 8751 8749
f 8765 8749 8747
f 8767 8747 8745
f 8768 8745 8744
f 8744 8770 8771
f 8770 8741 8772
f 8741 8739 8773
f 8739 8737 8774
f 8737 8735 8775
f 8735 8734 8776
f 8776 8734 8777
f 2904 8778 8779
f 8780 8778 2904
f 8781 8780 2902
f 2875 8782 8781
f 8783 8784 2733
f 2825 8785 8786
f 8788 8789 8790
f 8792 8788 8787
f 2724 2723 8785
f 8787 8790 3115
f 8791 8787 3117
f 8794 8766 8765
f 8793 8765 8767
f 8795 8767 8768
f 8796 8768 8769
f 8797 8769 8771
f 8771 8772 8799
f 8772 8773 8800
f 8773 8774 8801
f 8774 8775 8802
f 8775 8776 8803
f 8776 3184 3056
f 8802 8803 2253
f 8801 8802 2252
f 8800 8801 1727
f 8799 8800 2150
f 8804 8798 8799
f 8805 8797 8798
f 8806 8796 8797
f 8807 8795 8796
f 8793 8795 8807
f 8794 8793 8808
f 8810 8811 8809
f 8808 8807 8806
f 8810 8806 8805
f 8813 8811 8810
f 8812 8805 8804
f 8815 8813 8812
f 8814 8804 1941
f 8755 8750 8752
f 8758 8748 8750
f 8760 8746 8748
f 8762 8743 8746
f 8816 8817 8764
f 8818 8819 8820
f 8816 8763 8782
f 8821 8818 8817
f 8789 8821 8783
f 8818 8821 8789
f 8819 8818 8788
f 8822 8820 8819
f 8823 8819 8792
f 8824 8792 8791
f 2712 8791 3119
f 8826 8822 8823
f 8825 8823 8824
f 8827 8824 2712
f 8828 8827 2711
f 8829 8825 8827
f 8830 8826 8825
f 8743 8762 8764
f 8817 8820 8831
f 8770 8744 8743
f 8741 8770 8831
f 8820 8822 8742
f 8740 8742 8822
f 8738 8740 8826
f 8736 8738 8830
f 8833 8828 2400
f 8834 8829 8828
f 8832 8830 8829
f 8835 8833 2402
f 3058 8835 2707
f 3061 8836 8835
f 8836 8834 8833
f 8733 8736 8832
f 8837 8832 8834
f 8777 8734 8733
f 8838 8733 8837
f 8837 8836 3061
f 1961 3057 8838
f 3057 3184 8777
f 8779 8754 8753
f 8778 8757 8754
f 8780 8759 8757
f 8781 8761 8759
f 8782 8763 8761
f 8821 8816 8784
f 8785 8790 8789
f 2723 3115 8790
f 2875 2733 8784
f 2736 2824 8786
f 2947 8779 8839
f 8815 8814 1360
f 1900 1925 1924
f 1736 1717 1718
f 1955 1952 1943
f 1671 1738 1735
f 1696 1750 1698
f 1800 1865 1864
f 2063 2055 2056
f 1737 1734 1717
f 1751 1735 1697
f 943 9337 9351
f 9108 8839 8753
f 1577 1578 1764
f 9369 1598 1599
f 1945 146 82
f 68 6 7
f 147 1542 1543
f 1109 1135 1133
f 1503 1910 1907
f 1499 1501 1909
f 452 1922 735
f 1824 2068 9287
f 1825 2067 2068
f 1463 1462 1022
f 841 1012 1009
f 1568 1547 1955
f 1910 1503 1502
f 1939 1502 422
f 309 280 1940
f 1804 1851 1866
f 269 1482 1954
f 2065 1607 2060
f 9264 1685 1758
f 280 276 552
f 1875 1873 1869
f 1739 1721 1734
f 5923 5897 5899
f 1778 1779 1790
f 310 1920 1915
f 1909 1908 1906
f 1789 1783 1778
f 978 981 980
f 1584 1759 1731
f 425 426 311
f 148 1543 115
f 2044 9349 9346
f 277 1910 1939
f 1943 1946 1945
f 1461 1462 1463
f 2253 8803 3056
f 2981 2254 8927
f 2209 2998 8927
f 2254 2253 3055
f 2998 926 958
f 2826 2817 2721
f 8928 2739 2721
f 2816 8929 8928
f 2334 2297 2296
f 2298 2297 2334
f 2301 2298 2336
f 2311 2301 2338
f 2312 2311 2354
f 2359 2358 2361
f 2335 2296 2359
f 2414 2413 2365
f 2413 2270 2361
f 2355 2352 2540
f 2541 2540 2539
f 2722 2721 2739
f 3114 2722 2738
f 3110 3112 3121
f 3108 3110 3120
f 3122 1754 3127
f 3112 3122 3126
f 3127 1754 1753
f 3139 3133 2529
f 9196 9227 3133
f 8928 2789 2740
f 8929 2790 2789
f 228 229 91
f 245 244 243
f 248 7 247
f 2 297 296
f 145 146 300
f 327 213 210
f 329 332 331
f 239 241 240
f 373 376 375
f 178 177 176
f 1218 1225 1228
f 9314 1231 1295
f 808 809 824
f 9310 9311 1013
f 9265 9262 1411
f 2154 2149 2159
f 9297 9287 1758
f 306 807 1922
f 2157 2153 1976
f 708 709 2031
f 1450 1226 1227
f 1672 1604 1605
f 1813 1814 1821
f 1717 1716 1715
f 176 159 402
f 1710 1705 9368
f 1712 1580 1577
f 1705 1713 1711
f 3435 3476 3475
f 971 978 979
f 822 823 1094
f 2909 2810 2793
f 2810 2769 2795
f 2799 2910 2249
f 9114 9095 2910
f 2769 2768 2801
f 3177 3176 3178
f 3178 8732 3180
f 3181 1394 1393
f 3181 1633 1632
f 3182 1632 2244
f 3183 2244 2243
f 8932 2791 2790
f 2808 8932 8929
f 2239 9018 9016
f 1149 1150 9015
f 1150 2009 9011
f 2202 9013 9010
f 2921 9008 9009
f 9012 9004 2133
f 1777 1579 1759
f 1201 1196 1183
f 9005 8998 2195
f 8997 9020 2770
f 9379 9377 1687
f 1516 152 154
f 8993 9006 2974
f 8994 8992 2779
f 2771 2772 9019
f 3070 2771 8990
f 8991 8988 2775
f 1376 1375 1370
f 2767 8987 9000
f 2195 8998 8987
f 2775 8988 8986
f 8344 5617 8989
f 9256 9254 8983
f 2776 8986 8982
f 2240 9016 8979
f 2920 8979 9121
f 8992 8978 2786
f 1805 1850 1851
f 8978 8976 2787
f 2951 2773 8984
f 2772 2951 8975
f 2973 2224 8974
f 2224 2223 8981
f 1957 1953 320
f 306 305 304
f 2770 9020 8972
f 2913 8972 9018
f 2923 9009 8971
f 308 1940 431
f 207 208 132
f 1879 1876 1881
f 9185 9239 8969
f 2475 3070 9002
f 2476 2475 8968
f 2223 2476 8967
f 8966 8993 2803
f 2037 9007 11
f 1959 1958 450
f 2003 8999 8964
f 9 10 334
f 2009 2008 8962
f 2008 2973 8980
f 9329 672 673
f 8959 8994 2778
f 2935 8958 8957
f 111 1149 9014
f 3238 3342 3341
f 8954 8958 2935
f 683 9328 9337
f 8952 9001 2810
f 736 733 732
f 1795 1804 1803
f 8949 8954 2938
f 8951 8949 2939
f 2950 8956 8948
f 2940 2949 8948
f 9253 9243 8956
f 2868 8953 8946
f 2869 8946 8966
f 1024 1034 1023
f 8944 8947 2948
f 551 1939 442
f 2972 8943 9012
f 2032 8977 8943
f 216 93 1924
f 3532 3534 3482
f 203 202 201
f 3539 3542 3541
f 1828 1848 1847
f 1958 1957 449
f 272 271 178
f 2871 8989 8939
f 9071 9121 9008
f 2801 2768 9095
f 2005 9210 9106
f 960 886 899
f 9109 9107 9064
f 9232 9240 9098
f 3151 9098 9045
f 2193 9056 9075
f 9059 9055 3145
f 9055 9101 2761
f 9044 9059 3144
f 2926 9110 9086
f 9086 9044 3104
f 9207 9206 9198
f 566 567 9210
f 8839 9108 1864
f 1602 1586 2079
f 2868 9110 9063
f 2922 9063 9062
f 2923 9062 9070
f 9122 9065 2918
f 9071 9122 9066
f 2921 9070 9122
f 2920 9066 9038
f 9065 9094 2915
f 2917 2766 9074
f 2916 2917 9093
f 2239 9039 9104
f 2911 9092 9104
f 9095 9092 2911
f 2797 2801 9114
f 2797 9043 9050
f 9074 9080 2763
f 9060 9080 2764
f 2194 9075 9100
f 2221 9100 9101
f 2756 9060 9061
f 2750 9050 9061
f 9121 8979 1817
f 9215 9222 1691
f 2515 9073 9042
f 2548 9042 9045
f 2513 2489 9084
f 2513 9068 9073
f 2509 9085 9072
f 2510 9084 9085
f 2289 9072 9091
f 2283 9091 9069
f 2240 9038 9039
f 9111 9109 9076
f 716 2121 9339
f 727 1999 9213
f 2165 2171 2170
f 9112 9111 9078
f 9195 9033 9030
f 2175 2172 769
f 2100 500 2095
f 9210 567 9209
f 640 9004 9012
f 1653 9020 8997
f 1895 8980 8974
f 746 8974 8981
f 1653 1810 8972
f 9214 1603 1604
f 2093 2075 2073
f 959 996 995
f 962 899 919
f 1400 1401 1398
f 1000 817 1127
f 956 959 884
f 1662 8992 8994
f 2034 9002 8990
f 9378 1689 8983
f 8979 9016 766
f 9016 9018 765
f 334 9014 9015
f 1868 8975 8984
f 1684 1651 1652
f 1682 1683 775
f 1585 1603 9214
f 9215 9214 1672
f 2173 2174 490
f 1658 8988 8991
f 9000 8987 1650
f 1571 9206 2010
f 1587 9116 9123
f 2099 2095 2077
f 787 9213 1999
f 2000 9146 786
f 3155 339 9149
f 9165 3155 9135
f 2180 2179 9137
f 8940 2180 9136
f 1684 9298 9292
f 1760 464 8939
f 2607 9141 9145
f 2581 9128 9141
f 2371 2502 9152
f 2371 9147 9145
f 2587 9128 9127
f 2586 9127 9149
f 2497 9143 9139
f 2502 2503 9139
f 2494 9143 9142
f 9142 9140 2472
f 9140 9153 2468
f 9153 9155 2469
f 726 9360 9344
f 581 9011 8962
f 10 8955 9014
f 1837 8958 8954
f 741 8981 8967
f 1299 8968 9002
f 1851 8951 8948
f 8971 9009 1820
f 580 8962 8980
f 1758 1685 8966
f 1693 9001 8952
f 8948 8956 1867
f 1894 1826 9012
f 2126 1418 9265
f 9358 2126 9293
f 2113 9363 9319
f 2179 9165 9241
f 624 9355 9356
f 2192 9056 9240
f 2177 8985 9239
f 1364 9276 9285
f 9310 9307 1470
f 3135 1753 9227
f 2069 9264 9287
f 1351 9313 9305
f 2108 9334 9353
f 2089 2092 9188
f 9280 9286 1358
f 2001 9201 9235
f 2187 9235 9171
f 2130 9208 9204
f 2004 9204 9201
f 2014 9176 9231
f 2201 9231 9208
f 3167 9172 9211
f 3168 9176 9172
f 3159 9161 9216
f 3160 9216 9217
f 9182 9159 3158
f 3158 9159 9161
f 2200 3069 9182
f 9137 9241 9194
f 9174 9226 2197
f 9242 9188 2092
f 9226 9242 9173
f 3154 9158 9242
f 3155 9165 9158
f 2091 9171 9173
f 2196 3148 9202
f 2193 2196 9228
f 9056 2193 9233
f 2086 2192 9232
f 2087 2086 9230
f 2204 9194 9203
f 2205 9203 9202
f 9361 9338 574
f 2124 2087 9229
f 2208 2124 9212
f 9163 9237 3140
f 9237 9197 3138
f 9197 9196 3139
f 9223 9164 3136
f 9164 9163 3137
f 9227 9219 3131
f 9219 9234 3132
f 1813 9291 9290
f 1293 9306 9308
f 2184 2321 9200
f 2181 2184 9184
f 9217 9220 3079
f 9220 9186 3080
f 709 9325 9327
f 2774 2961 9189
f 9238 9221 2134
f 9261 9260 766
f 2968 9236 9218
f 2969 9211 9236
f 2958 9199 9189
f 2132 9199 9218
f 2321 2185 9223
f 9312 9300 1449
f 9357 9326 582
f 9338 9341 577
f 9299 9278 1818
f 705 9354 9339
f 9268 9364 9359
f 2111 9335 9363
f 9262 9281 1366
f 1812 9291 9274
f 675 9303 9304
f 8940 9157 9303
f 2110 9319 9320
f 2104 9348 9353
f 2109 9320 9351
f 9294 9283 703
f 1680 9263 9298
f 1639 1627 9271
f 623 9356 9358
f 2139 2140 9318
f 1808 1640 9296
f 9272 9273 1819
f 9324 9366 9352
f 1646 9284 9282
f 9341 9342 633
f 2139 9317 9327
f 2156 2155 9323
f 674 9304 9365
f 2117 9269 9264
f 1815 9274 9299
f 9307 9301 1444
f 697 9358 9364
f 866 842 9288
f 9316 9321 2136
f 9037 9183 9178
f 9035 9192 9183
f 9205 9198 9190
f 9192 9035 9033
f 1088 9190 9198
f 9191 9192 9195
f 2791 8932 8933
f 8932 2808 2807
f 2792 8933 8934
f 8933 2807 2806
f 8952 2909 8934
f 8960 8934 2806
f 2948 8947 9243
f 2105 9360 9348
f 8982 9254 9256
f 680 9330 9328
f 1891 1890 9362
f 2905 9251 9253
f 2900 9249 9251
f 2901 9249 9259
f 2734 2878 9258
f 2877 9259 9258
f 2820 9252 9246
f 2818 9248 9244
f 2823 9245 9244
f 2822 9245 9250
f 2819 2735 9252
f 2817 9248 9247
f 2809 9257 9247
f 2808 9257 9255
f 2805 9256 9255
f 1702 9373 9375
f 9374 9372 1797
f 9367 9368 1706
f 9370 9379 1692
f 1657 9350 9332
f 1890 1877 9347
f 9224 9222 1674
f 1689 1690 9224
f 9378 9254 8982
f 8960 8983 1689
f 9369 9375 1703
f 1598 9369 9380
f 9332 9336 1876
f 1691 1690 9377
f 9377 9378 1688
f 9386 9385 9389
f 9386 9390 9391
f 9384 9388 9389
f 9390 9394 9395
f 9389 9388 9392
f 9389 9393 9394
f 9394 9398 9399
f 9393 9392 9396
f 9394 9393 9397
f 9399 9398 9402
f 9396 9400 9401
f 9397 9401 9402
f 9402 9406 9407
f 9401 9400 9404
f 9402 9401 9405
f 9407 9406 9410
f 9405 9404 9408
f 9405 9409 9410
f 9411 9410 9414
f 9409 9408 9412
f 9410 9409 9413
f 9414 9418 9419
f 9412 9416 9417
f 9413 9417 9418
f 9418 9422 9423
f 9417 9416 9420
f 9418 9417 9421
f 9422 9426 9427
f 9420 9424 9425
f 9421 9425 9426
f 9426 9430 9431
f 9425 9424 9428
f 9426 9425 9429
f 9431 9430 9434
f 9428 9432 9433
f 9429 9433 9434
f 9434 9438 9439
f 9433 9432 9436
f 9434 9433 9437
f 9439 9438 9442
f 9436 9440 9441
f 9437 9441 9442
f 9443 9442 9446
f 9441 9440 9444
f 9442 9441 9445
f 9447 9446 9450
f 9444 9448 9449
f 9445 9449 9450
f 9450 9454 9455
f 9449 9448 9452
f 9450 9449 9453
f 9454 9458 9459
f 9452 9456 9457
f 9453 9457 9458
f 9458 9462 9463
f 9457 9456 9460
f 9458 9457 9461
f 9463 9462 9466
f 9460 9464 9465
f 9461 9465 9466
f 9466 9470 9471
f 9465 9464 9468
f 9466 9465 9469
f 9471 9470 9474
f 9468 9472 9473
f 9469 9473 9474
f 9475 9474 9478
f 9473 9472 9476
f 9474 9473 9477
f 9479 9478 9482
f 9476 9480 9481
f 9477 9481 9482
f 9483 9482 9486
f 9481 9480 9484
f 9482 9481 9485
f 9486 9490 9491
f 9484 9488 9489
f 9485 9489 9490
f 9490 9494 9495
f 9489 9488 9492
f 9490 9489 9493
f 9495 9494 9498
f 9492 9496 9497
f 9493 9497 9498
f 9498 9502 9503
f 9497 9496 9500
f 9498 9497 9501
f 9503 9502 9507
f 9500 9505 9506
f 9501 9506 9507
f 9508 9507 9511
f 9505 9509 9510
f 9507 9506 9510
f 9512 9511 9386
f 9510 9509 9384
f 9510 9385 9386
f 9521 9520 9533
f 9518 9531 9532
f 9517 9516 9529
f 9515 9514 9527
f 9523 9536 9537
f 9521 9534 9535
f 9519 9532 9533
f 9518 9517 9530
f 9515 9528 9529
f 9513 9526 9527
f 9524 9537 9538
f 9523 9522 9535
f 9528 9541 9542
f 9526 9539 9540
f 9538 9537 9550
f 9535 9548 9549
f 9534 9533 9546
f 9531 9544 9545
f 9530 9529 9542
f 9528 9527 9540
f 9537 9536 9549
f 9534 9547 9548
f 9532 9545 9546
f 9531 9530 9543
f 9541 9554 9555
f 9540 9539 9552
f 9550 9563 9564
f 9548 9561 9562
f 9547 9546 9559
f 9544 9557 9558
f 9542 9555 9556
f 9541 9540 9553
f 9549 9562 9563
f 9547 9560 9561
f 9546 9545 9558
f 9544 9543 9556
f 9555 9554 9567
f 9552 9565 9566
f 9564 9563 9576
f 9562 9561 9574
f 9559 9572 9573
f 9557 9570 9571
f 9555 9568 9569
f 9553 9566 9567
f 9562 9575 9576
f 9561 9560 9573
f 9559 9558 9571
f 9557 9556 9569
f 9567 9580 9581
f 9566 9565 9578
f 9576 9589 9590
f 9575 9574 9587
f 9572 9585 9586
f 9571 9570 9583
f 9569 9568 9581
f 9566 9579 9580
f 9576 9575 9588
f 9574 9573 9586
f 9571 9584 9585
f 9569 9582 9583
f 9581 9580 9593
f 9578 9591 9592
f 9590 9589 9602
f 9588 9587 9600
f 9585 9598 9599
f 9583 9596 9597
f 9582 9581 9594
f 9579 9592 9593
f 9589 9588 9601
f 9587 9586 9599
f 9584 9597 9598
f 9583 9582 9595
f 9594 9593 9606
f 9592 9591 9604
f 9602 9615 9616
f 9601 9600 9613
f 9598 9611 9612
f 9596 9609 9610
f 9594 9607 9608
f 9592 9605 9606
f 9601 9614 9615
f 9600 9599 9612
f 9598 9597 9610
f 9596 9595 9608
f 9607 9606 9619
f 9605 9604 9617
f 9615 9628 9629
f 9613 9626 9627
f 9611 9624 9625
f 9610 9609 9622
f 9607 9620 9621
f 9605 9618 9619
f 9615 9614 9627
f 9613 9612 9625
f 9611 9610 9623
f 9608 9621 9622
f 9619 9632 9633
f 9617 9630 9631
f 9628 9641 9642
f 9627 9626 9639
f 9625 9624 9637
f 9622 9635 9636
f 9621 9620 9633
f 9619 9618 9631
f 9627 9640 9641
f 9625 9638 9639
f 9623 9636 9637
f 9622 9621 9634
f 9632 9645 9646
f 9630 9643 9644
f 9642 9641 9654
f 9639 9652 9653
f 9638 9637 9650
f 9635 9648 9649
f 9634 9633 9646
f 9632 9631 9644
f 9641 9640 9653
f 9638 9651 9652
f 9636 9649 9650
f 9635 9634 9647
f 9645 9658 9659
f 9644 9643 9656
f 9654 9667 9668
f 9652 9665 9666
f 9651 9650 9663
f 9648 9661 9662
f 9646 9659 9660
f 9645 9644 9657
f 9653 9666 9667
f 9651 9664 9665
f 9650 9649 9662
f 9648 9647 9660
f 9659 9658 9671
f 9656 9669 9670
f 9668 9667 9680
f 9665 9678 9679
f 9663 9676 9677
f 9661 9674 9675
f 9659 9672 9673
f 9657 9670 9671
f 9666 9679 9680
f 9665 9664 9677
f 9663 9662 9675
f 9661 9660 9673
f 9671 9684 9685
f 9670 9669 9682
f 9680 9693 9694
f 9678 9691 9692
f 9677 9676 9689
f 9675 9674 9687
f 9673 9672 9685
f 9670 9683 9684
f 9680 9679 9692
f 9678 9677 9690
f 9675 9688 9689
f 9673 9686 9687
f 9685 9684 9697
f 9682 9695 9696
f 9694 9693 9706
f 9692 9691 9704
f 9689 9702 9703
f 9687 9700 9701
f 9686 9685 9698
f 9683 9696 9697
f 9693 9692 9705
f 9691 9690 9703
f 9688 9701 9702
f 9687 9686 9699
f 9698 9697 9710
f 9696 9695 9708
f 9706 9719 9720
f 9705 9704 9717
f 9702 9715 9716
f 9700 9713 9714
f 9698 9711 9712
f 9696 9709 9710
f 9705 9718 9719
f 9704 9703 9716
f 9702 9701 9714
f 9700 9699 9712
f 9711 9710 9723
f 9709 9708 9721
f 9719 9732 9733
f 9717 9730 9731
f 9715 9728 9729
f 9714 9713 9726
f 9711 9724 9725
f 9709 9722 9723
f 9718 9731 9732
f 9717 9716 9729
f 9715 9714 9727
f 9712 9725 9726
f 9723 9736 9737
f 9721 9734 9735
f 9733 9732 9745
f 9731 9730 9743
f 9729 9728 9741
f 9726 9739 9740
f 9725 9724 9737
f 9723 9722 9735
f 9732 9731 9744
f 9729 9742 9743
f 9727 9740 9741
f 9726 9725 9738
f 9736 9749 9750
f 9734 9747 9748
f 9746 9745 9758
f 9743 9756 9757
f 9742 9741 9754
f 9739 9752 9753
f 9738 9737 9750
f 9736 9735 9748
f 9745 9744 9757
f 9742 9755 9756
f 9740 9753 9754
f 9739 9738 9751
f 9749 9762 9763
f 9748 9747 9760
f 9758 9771 9772
f 9756 9769 9770
f 9755 9754 9767
f 9752 9765 9766
f 9750 9763 9764
f 9749 9748 9761
f 9757 9770 9771
f 9756 9755 9768
f 9754 9753 9766
f 9752 9751 9764
f 9762 9775 9776
f 9760 9773 9774
f 9772 9771 9784
f 9770 9769 9782
f 9768 9767 9780
f 9765 9778 9779
f 9763 9776 9777
f 9762 9761 9774
f 9770 9783 9784
f 9768 9781 9782
f 9767 9766 9779
f 9764 9777 9778
f 9775 9788 9789
f 9774 9773 9786
f 9784 9797 9798
f 9782 9795 9796
f 9781 9780 9793
f 9779 9778 9791
f 9777 9776 9789
f 9774 9787 9788
f 9784 9783 9796
f 9782 9781 9794
f 9779 9792 9793
f 9777 9790 9791
f 9789 9788 9802
f 9786 9800 9801
f 9798 9797 9811
f 9796 9795 9809
f 9793 9807 9808
f 9792 9791 9805
f 9790 9789 9803
f 9787 9801 9802
f 9797 9796 9810
f 9795 9794 9808
f 9792 9806 9807
f 9790 9804 9805
f 9803 9802 9815
f 9801 9800 9813
f 9811 9824 9825
f 9810 9809 9822
f 9807 9820 9821
f 9806 9805 9818
f 9803 9816 9817
f 9801 9814 9815
f 9810 9823 9824
f 9809 9808 9821
f 9807 9806 9819
f 9804 9817 9818
f 9816 9815 9828
f 9814 9813 9826
f 9825 9824 9837
f 9822 9835 9836
f 9820 9833 9834
f 9819 9818 9831
f 9816 9829 9830
f 9814 9827 9828
f 9824 9823 9836
f 9822 9821 9834
f 9820 9819 9832
f 9817 9830 9831
f 9828 9841 9842
f 9826 9839 9840
f 9837 9850 9851
f 9836 9835 9848
f 9834 9833 9846
f 9831 9844 9845
f 9830 9829 9842
f 9828 9827 9840
f 9836 9849 9850
f 9834 9847 9848
f 9832 9845 9846
f 9831 9830 9843
f 9841 9854 9855
f 9839 9852 9853
f 9851 9850 9863
f 9848 9861 9862
f 9847 9846 9859
f 9845 9844 9857
f 9843 9842 9855
f 9841 9840 9853
f 9850 9849 9862
f 9847 9860 9861
f 9845 9858 9859
f 9843 9856 9857
f 9854 9867 9868
f 9853 9852 9865
f 9863 9876 9877
f 9861 9874 9875
f 9860 9859 9872
f 9858 9857 9870
f 9855 9868 9869
f 9854 9853 9866
f 9862 9875 9876
f 9860 9873 9874
f 9859 9858 9871
f 9856 9869 9870
f 9868 9867 9880
f 9865 9878 9879
f 9877 9876 9889
f 9875 9874 9887
f 9873 9872 9885
f 9870 9883 9884
f 9868 9881 9882
f 9867 9866 9879
f 9875 9888 9889
f 9873 9886 9887
f 9872 9871 9884
f 9870 9869 9882
f 9880 9893 9894
f 9878 9891 9892
f 9889 9902 9903
f 9887 9900 9901
f 9886 9885 9898
f 9884 9883 9896
f 9882 9881 9894
f 9879 9892 9893
f 9889 9888 9901
f 9887 9886 9899
f 9884 9897 9898
f 9882 9895 9896
f 9894 9893 9906
f 9891 9904 9905
f 9903 9902 9915
f 9901 9900 9913
f 9898 9911 9912
f 9896 9909 9910
f 9895 9894 9907
f 9892 9905 9906
f 9902 9901 9914
f 9899 9912 9913
f 9897 9910 9911
f 9896 9895 9908
f 9907 9906 9919
f 9905 9904 9917
f 9915 9928 9929
f 9914 9913 9926
f 9911 9924 9925
f 9909 9922 9923
f 9907 9920 9921
f 9905 9918 9919
f 9914 9927 9928
f 9913 9912 9925
f 9911 9910 9923
f 9909 9908 9921
f 9920 9919 9515
f 9918 9917 9513
f 9929 9928 9524
f 9926 9522 9523
f 9924 9520 9521
f 9923 9922 9518
f 9920 9516 9517
f 9918 9514 9515
f 9928 9927 9523
f 9926 9925 9521
f 9924 9923 9519
f 9921 9517 9518
f 9387 9513 9917
f 9917 9904 9508
f 9904 9891 9503
f 9891 9878 9499
f 9499 9878 9865
f 9495 9865 9852
f 9491 9852 9839
f 9839 9826 9483
f 9483 9826 9813
f 9813 9800 9475
f 9800 9786 9471
f 9786 9773 9467
f 9467 9773 9760
f 9463 9760 9747
f 9459 9747 9734
f 9734 9721 9451
f 9451 9721 9708
f 9708 9695 9443
f 9695 9682 9439
f 9682 9669 9435
f 9435 9669 9656
f 9431 9656 9643
f 9427 9643 9630
f 9630 9617 9419
f 9419 9617 9604
f 9604 9591 9411
f 9591 9578 9407
f 9578 9565 9403
f 9403 9565 9552
f 9399 9552 9539
f 9395 9539 9526
f 9526 9513 9387
f 9932 9931 9935
f 9932 9936 9937
f 9931 9930 9934
f 9936 9940 9941
f 9934 9938 9939
f 9935 9939 9940
f 9940 9944 9945
f 9939 9938 9942
f 9940 9939 9943
f 9945 9944 9948
f 9942 9946 9947
f 9943 9947 9948
f 9948 9952 9953
f 9947 9946 9950
f 9948 9947 9951
f 9953 9952 9956
f 9950 9954 9955
f 9951 9955 9956
f 9957 9956 9960
f 9955 9954 9958
f 9956 9955 9959
f 9961 9960 9964
f 9958 9962 9963
f 9959 9963 9964
f 9965 9964 9968
f 9963 9962 9966
f 9964 9963 9967
f 9968 9972 9973
f 9966 9970 9971
f 9967 9971 9972
f 9972 9976 9977
f 9970 9974 9975
f 9972 9971 9975
f 9977 9976 9980
f 9974 9978 9979
f 9975 9979 9980
f 9980 9984 9985
f 9979 9978 9982
f 9980 9979 9983
f 9985 9984 9988
f 9982 9986 9987
f 9983 9987 9988
f 9989 9988 9992
f 9986 9990 9991
f 9988 9987 9991
f 9993 9992 9996
f 9991 9990 9994
f 9991 9995 9996
f 9996 10000 10001
f 9994 9998 9999
f 9996 9995 9999
f 10000 10004 10005
f 9999 9998 10002
f 9999 10003 10004
f 10004 10008 10009
f 10003 10002 10006
f 10004 10003 10007
f 10009 10008 10012
f 10006 10010 10011
f 10007 10011 10012
f 10012 10016 10017
f 10011 10010 10014
f 10012 10011 10015
f 10017 10016 10020
f 10014 10018 10019
f 10015 10019 10020
f 10021 10020 10024
f 10019 10018 10022
f 10020 10019 10023
f 10024 10028 10029
f 10022 10026 10027
f 10023 10027 10028
f 10028 10032 10033
f 10027 10026 10030
f 10028 10027 10031
f 10032 10036 10037
f 10030 10034 10035
f 10031 10035 10036
f 10036 10040 10041
f 10035 10034 10038
f 10036 10035 10039
f 10041 10040 10044
f 10038 10042 10043
f 10039 10043 10044
f 10044 10048 10049
f 10043 10042 10046
f 10044 10043 10047
f 10049 10048 10053
f 10046 10051 10052
f 10047 10052 10053
f 10054 10053 10057
f 10052 10051 10055
f 10053 10052 10056
f 10058 10057 9932
f 10055 9930 9931
f 10056 9931 9932
f 10067 10066 10079
f 10064 10077 10078
f 10063 10062 10075
f 10061 10060 10073
f 10070 10069 10082
f 10067 10080 10081
f 10065 10078 10079
f 10064 10063 10076
f 10061 10074 10075
f 10059 10072 10073
f 10071 10070 10083
f 10069 10068 10081
f 10074 10087 10088
f 10072 10085 10086
f 10084 10083 10096
f 10081 10094 10095
f 10080 10079 10092
f 10078 10077 10090
f 10076 10075 10088
f 10074 10073 10086
f 10083 10082 10095
f 10080 10093 10094
f 10078 10091 10092
f 10076 10089 10090
f 10087 10100 10101
f 10086 10085 10098
f 10096 10109 10110
f 10094 10107 10108
f 10093 10092 10105
f 10091 10090 10103
f 10088 10101 10102
f 10087 10086 10099
f 10095 10108 10109
f 10094 10093 10106
f 10092 10091 10104
f 10089 10102 10103
f 10100 10113 10114
f 10098 10111 10112
f 10110 10109 10122
f 10108 10107 10120
f 10105 10118 10119
f 10103 10116 10117
f 10101 10114 10115
f 10100 10099 10112
f 10108 10121 10122
f 10106 10119 10120
f 10105 10104 10117
f 10103 10102 10115
f 10113 10126 10127
f 10112 10111 10124
f 10122 10135 10136
f 10120 10133 10134
f 10119 10118 10131
f 10117 10116 10129
f 10115 10114 10127
f 10113 10112 10125
f 10122 10121 10134
f 10119 10132 10133
f 10117 10130 10131
f 10115 10128 10129
f 10127 10126 10139
f 10124 10137 10138
f 10136 10135 10148
f 10134 10133 10146
f 10131 10144 10145
f 10130 10129 10142
f 10128 10127 10140
f 10125 10138 10139
f 10135 10134 10147
f 10133 10132 10145
f 10130 10143 10144
f 10128 10141 10142
f 10140 10139 10152
f 10138 10137 10150
f 10148 10161 10162
f 10147 10146 10159
f 10144 10157 10158
f 10143 10142 10155
f 10140 10153 10154
f 10138 10151 10152
f 10147 10160 10161
f 10146 10145 10158
f 10144 10143 10156
f 10141 10154 10155
f 10153 10152 10165
f 10151 10150 10163
f 10162 10161 10174
f 10159 10172 10173
f 10157 10170 10171
f 10156 10155 10168
f 10153 10166 10167
f 10151 10164 10165
f 10161 10160 10173
f 10159 10158 10171
f 10157 10156 10169
f 10154 10167 10168
f 10165 10178 10179
f 10163 10176 10177
f 10175 10174 10187
f 10173 10172 10185
f 10171 10170 10183
f 10168 10181 10182
f 10167 10166 10179
f 10165 10164 10177
f 10173 10186 10187
f 10171 10184 10185
f 10169 10182 10183
f 10168 10167 10180
f 10178 10191 10192
f 10176 10189 10190
f 10188 10187 10200
f 10185 10198 10199
f 10184 10183 10196
f 10182 10181 10194
f 10180 10179 10192
f 10178 10177 10190
f 10187 10186 10199
f 10184 10197 10198
f 10182 10195 10196
f 10180 10193 10194
f 10191 10204 10205
f 10190 10189 10202
f 10200 10213 10214
f 10198 10211 10212
f 10197 10196 10209
f 10195 10194 10207
f 10192 10205 10206
f 10191 10190 10203
f 10199 10212 10213
f 10197 10210 10211
f 10196 10195 10208
f 10193 10206 10207
f 10205 10204 10217
f 10202 10215 10216
f 10214 10213 10226
f 10211 10224 10225
f 10210 10209 10222
f 10207 10220 10221
f 10205 10218 10219
f 10204 10203 10216
f 10212 10225 10226
f 10210 10223 10224
f 10209 10208 10221
f 10207 10206 10219
f 10217 10230 10231
f 10216 10215 10228
f 10226 10239 10240
f 10224 10237 10238
f 10223 10222 10235
f 10221 10220 10233
f 10219 10218 10231
f 10217 10216 10229
f 10226 10225 10238
f 10223 10236 10237
f 10221 10234 10235
f 10219 10232 10233
f 10231 10230 10243
f 10228 10241 10242
f 10240 10239 10252
f 10238 10237 10250
f 10235 10248 10249
f 10234 10233 10246
f 10232 10231 10244
f 10229 10242 10243
f 10239 10238 10251
f 10237 10236 10249
f 10234 10247 10248
f 10232 10245 10246
f 10244 10243 10256
f 10242 10241 10254
f 10252 10265 10266
f 10251 10250 10263
f 10248 10261 10262
f 10247 10246 10259
f 10244 10257 10258
f 10242 10255 10256
f 10251 10264 10265
f 10250 10249 10262
f 10248 10247 10260
f 10245 10258 10259
f 10257 10256 10269
f 10255 10254 10267
f 10266 10265 10278
f 10263 10276 10277
f 10261 10274 10275
f 10260 10259 10272
f 10257 10270 10271
f 10255 10268 10269
f 10265 10264 10277
f 10263 10262 10275
f 10261 10260 10273
f 10258 10271 10272
f 10269 10282 10283
f 10267 10280 10281
f 10278 10291 10292
f 10277 10276 10289
f 10275 10274 10287
f 10272 10285 10286
f 10271 10270 10283
f 10269 10268 10281
f 10277 10290 10291
f 10275 10288 10289
f 10273 10286 10287
f 10272 10271 10284
f 10282 10295 10296
f 10280 10293 10294
f 10292 10291 10304
f 10289 10302 10303
f 10288 10287 10300
f 10286 10285 10298
f 10284 10283 10296
f 10282 10281 10294
f 10291 10290 10303
f 10288 10301 10302
f 10286 10299 10300
f 10284 10297 10298
f 10295 10308 10309
f 10294 10293 10306
f 10304 10317 10318
f 10302 10315 10316
f 10301 10300 10313
f 10299 10298 10311
f 10296 10309 10310
f 10295 10294 10307
f 10303 10316 10317
f 10301 10314 10315
f 10300 10299 10312
f 10297 10310 10311
f 10309 10308 10321
f 10307 10306 10319
f 10318 10317 10330
f 10316 10315 10328
f 10314 10313 10326
f 10311 10324 10325
f 10309 10322 10323
f 10308 10307 10320
f 10316 10329 10330
f 10314 10327 10328
f 10313 10312 10325
f 10311 10310 10323
f 10321 10334 10335
f 10320 10319 10332
f 10330 10343 10344
f 10329 10328 10341
f 10326 10339 10340
f 10325 10324 10337
f 10323 10322 10335
f 10320 10333 10334
f 10330 10329 10342
f 10328 10327 10340
f 10325 10338 10339
f 10323 10336 10337
f 10335 10334 10348
f 10332 10346 10347
f 10344 10343 10357
f 10342 10341 10355
f 10339 10353 10354
f 10337 10351 10352
f 10336 10335 10349
f 10333 10347 10348
f 10343 10342 10356
f 10341 10340 10354
f 10338 10352 10353
f 10337 10336 10350
f 10349 10348 10361
f 10347 10346 10359
f 10357 10370 10371
f 10356 10355 10368
f 10353 10366 10367
f 10351 10364 10365
f 10349 10362 10363
f 10347 10360 10361
f 10356 10369 10370
f 10355 10354 10367
f 10353 10352 10365
f 10351 10350 10363
f 10362 10361 10374
f 10360 10359 10372
f 10371 10370 10383
f 10368 10381 10382
f 10366 10379 10380
f 10365 10364 10377
f 10362 10375 10376
f 10360 10373 10374
f 10370 10369 10382
f 10368 10367 10380
f 10366 10365 10378
f 10363 10376 10377
f 10374 10387 10388
f 10372 10385 10386
f 10383 10396 10397
f 10382 10381 10394
f 10380 10379 10392
f 10377 10390 10391
f 10376 10375 10388
f 10374 10373 10386
f 10382 10395 10396
f 10380 10393 10394
f 10378 10391 10392
f 10377 10376 10389
f 10387 10400 10401
f 10385 10398 10399
f 10397 10396 10409
f 10394 10407 10408
f 10393 10392 10405
f 10390 10403 10404
f 10389 10388 10401
f 10387 10386 10399
f 10396 10395 10408
f 10393 10406 10407
f 10391 10404 10405
f 10390 10389 10402
f 10400 10413 10414
f 10399 10398 10411
f 10409 10422 10423
f 10407 10420 10421
f 10406 10405 10418
f 10403 10416 10417
f 10401 10414 10415
f 10400 10399 10412
f 10408 10421 10422
f 10406 10419 10420
f 10405 10404 10417
f 10403 10402 10415
f 10414 10413 10426
f 10411 10424 10425
f 10423 10422 10435
f 10420 10433 10434
f 10418 10431 10432
f 10416 10429 10430
f 10414 10427 10428
f 10412 10425 10426
f 10421 10434 10435
f 10419 10432 10433
f 10418 10417 10430
f 10416 10415 10428
f 10427 10426 10439
f 10425 10424 10437
f 10435 10448 10449
f 10433 10446 10447
f 10431 10444 10445
f 10430 10429 10442
f 10428 10427 10440
f 10425 10438 10439
f 10435 10434 10447
f 10433 10432 10445
f 10430 10443 10444
f 10428 10441 10442
f 10440 10439 10452
f 10437 10450 10451
f 10449 10448 10461
f 10447 10446 10459
f 10444 10457 10458
f 10443 10442 10455
f 10441 10440 10453
f 10438 10451 10452
f 10448 10447 10460
f 10446 10445 10458
f 10443 10456 10457
f 10441 10454 10455
f 10453 10452 10465
f 10451 10450 10463
f 10461 10474 10475
f 10460 10459 10472
f 10457 10470 10471
f 10456 10455 10468
f 10453 10466 10467
f 10451 10464 10465
f 10460 10473 10474
f 10459 10458 10471
f 10457 10456 10469
f 10454 10467 10468
f 10466 10465 10061
f 10464 10463 10059
f 10474 10070 10071
f 10472 10068 10069
f 10470 10066 10067
f 10469 10468 10064
f 10466 10062 10063
f 10464 10060 10061
f 10473 10069 10070
f 10472 10471 10067
f 10470 10469 10065
f 10467 10063 10064
f 9933 10059 10463
f 10463 10450 10054
f 10450 10437 10049
f 10437 10424 10045
f 10045 10424 10411
f 10041 10411 10398
f 10037 10398 10385
f 10385 10372 10029
f 10029 10372 10359
f 10359 10346 10021
f 10346 10332 10017
f 10332 10319 10013
f 10013 10319 10306
f 10009 10306 10293
f 10005 10293 10280
f 10280 10267 9997
f 9997 10267 10254
f 10254 10241 9989
f 10241 10228 9985
f 10228 10215 9981
f 9981 10215 10202
f 9977 10202 10189
f 9973 10189 10176
f 10176 10163 9965
f 9965 10163 10150
f 10150 10137 9957
f 10137 10124 9953
f 10124 10111 9949
f 9949 10111 10098
f 9945 10098 10085
f 9941 10085 10072
f 10072 10059 9933

