subject_key,original_subject_id
sub_0001,-494U-YoXOD8e8gkCuyaRLn4MLo5P8Dm2B1s59WBGdg
sub_0002,-5OHO2b5mRDY1rvAf07sYYtekEEX7ViEGmvRr7l4tfc
sub_0003,-5iHTazqnmWBsnUY6ymoCw1kORMymRDaUla1eNOjgvI
sub_0004,-60o95b9oEE83BDV3GpsAVPA4TFvxuPPqtXEY5PApy8
sub_0005,-67TrwlJ3GSsqPeHaa2Nb0iQ-BKZfIx4ERysQPZ0-SY
sub_0006,-9Xvu9djN0oqidP9sUUQ-DZ6A0_upIBwARnNv7KTH3o
sub_0007,-BdVKIwm3OGEfAEB56ar_HJqpYwmLXwhKKlyF0Gi4iU
sub_0008,-CQBOT5zSJk5ZYlZ4cgBP2x4lzzLLdPC6sIbhUHYddI
sub_0009,-ENkfo777FGDxVRXMHmkujRtZle23u0_smgNc2pQuUY
sub_0010,-EujjqWPZ_L0NO_RqgxJ79mA23Tjj33cYAoFaysL4I0
sub_0011,-JvTra6b-sTRKwQQZ6DHxXMuRtvz2X0fkXKyrXyrcrk
sub_0012,-McEo6mC4tLSFy7VWC75sy6J50qMBLo79tWDcaCagVM
sub_0013,-PYkXBwbmZJNo9F8GNPxL69Oy0c4qhIOD6Zz1lLN7jA
sub_0014,-QVnfQ26qAbPK2NBge_b9gErXDn4CdOYWdc4fILEjjQ
sub_0015,-brqqjqyO72GBQPYhr5Qop65-BnuAvtFdWj2dLeVrak
sub_0016,-cVyBck9teEIqY0XFjfj5XuSX-RPHG8mWNFEaP5wDWE
sub_0017,-c_G-UGrzClrDaGeYF9dAts4LHTS7ucdaBFDpn_sOE0
sub_0018,-f435rmMBWdNpQenjlVoMqciq2qSKrVkdrcdeBhFadA
sub_0019,-fxrku1rAPX8f7w4HIrk9oRUecKAfNNFJd1xriLbB2A
sub_0020,-gMnbkDTbXza9PMNAhyVL5xBmz4VZQU_7eNooMMvalk
sub_0021,-gXu1nZDGq7CwAyObp3f3MhE0r5BBxuer9T15M92u-U
sub_0022,-kOx6TND-xhoWgxKctLcShlDXu7NGp1nFzUNlIqDC8E
sub_0023,-nb6YMhnr5iOO8SbyCamexRSVRxegqztWFmTJZM2X94
sub_0024,-sHYg3xM3uHrzxlrZ2to6JCRvfCROFtdR8BoEarbu0Y
sub_0025,-tPcFq0SHXzMQftt6mXFdWmSVqSsNKLg1JAC31A9KO0
sub_0026,-wY6jmX5fMbDHGzalzW89SDwCtn9CsItOPr--Z2bKZA
sub_0027,-ynFzSsRfz40hlq0nzQI-0iG7wNcnj_WYYSsdOyy5wI
sub_0028,0-XhQ-_PmaT9DVwpTEiOdhAFo0CD2e5T-32D899sQpw
sub_0029,04OpodqGqUfmMQC987slYUMexHpuafsAbhawWfRp7wo
sub_0030,05QGDWJaVnG3hO2Zc44lxI6oajSeypzBye5n7HiDOyE
sub_0031,07e9Xq9EyvLh2Ub1D-IrXCKwYPbtbcKliFRPevZsW5Q
sub_0032,0D-8Ft39MufsfV1e8PSPutSzSJ4BYLTcQYupqyYs52c
sub_0033,0E3196x5V49sGp00GuePdIl0QqWVXyzssZ92z7KBt1M
sub_0034,0LE2aj67f6O62tt6mzfTs8MDHtjuLkfVeCRgMRPRmfg
sub_0035,0SyJzPv40sIj4x5bnMVcWLCvMAdjzQIzdn4_rUMwJ8o
sub_0036,0Up4gP44WpK3WbvwdreR2zu-Y9s2ELCBmK14pX_Xy6Y
sub_0037,0_Be70jSUDcGB5ClohaaXArKKavaPoKiI0b8OAnJFbA
sub_0038,0dkJQu5l-VuhdjnK9sLKG4_uoOdje8saucJ-hKNZ6JA
sub_0039,0l9HwamjLJaTR-xGupD3A3QEifjvAZCHHfHJaD_68Mo
sub_0040,0lIFi-M7wr7XOQFsg7QCmllcLUYOTl7RDKmWT2sH38A
sub_0041,0llUez60571dPHH-iNUKIhyU8RNcRM3u8cJx27lOkkk
sub_0042,0nUGCGJVMuW97nuWEcXti8w-lDDCvyrOgT7RzfE_C1I
sub_0043,0qRH3UAnRSlRrPNxpd94zBYVRZViXIJ98JiQOkF9TOY
sub_0044,0rGJdyxMb1htbhTkMtbdeGGj8aPapDY8PlclNf3Ofy0
sub_0045,0vRZm0dhtNM4orubmIwUF3jrQIrdfgT7muMh1MTc7JU
sub_0046,0wqJ7taytlPRIH9JbcedVeXCM-qNjXS0lJNhCa6uAG8
sub_0047,0wvZ5ZeHgraG0oQGr38yR75PmIG9-hXYnUWW0uJqWtE
sub_0048,0x-RaRStbYT1TxaqugxFubx4wwvvxaS4S4RXnEdxy24
sub_0049,0xWjwj_aCohCfNcyM7YqLJOLuJlGUsbKftfSUjwaHys
sub_0050,0y4e4KTgGq9H2hcWW9tEQ8bvwYYmAbKm8lVWlSg2l2s
sub_0051,1-Z2ZgpojmGFUzkcCbcse4YJKzOIF6LNchJsfy6laU4
sub_0052,10YcTVisuXzRDPGPFNYphp0w4emPdwGN6E_AdsLTuPE
sub_0053,13pX7gY7asIuwkUe84q-h_Y4ih0x3AWA_elpNZmNBKg
sub_0054,141fFgYgNYIebFV2uIE7jmH7kHRAV5NMbFzQz7Her0A
sub_0055,14jpgC_nNGPOffvAQo4KbTLvFLaJKqAloOYHFvSaP14
sub_0056,16g6TwQ2kASxk7A66mydC1_YTQ2uY_-eDhUVKIRiXgY
sub_0057,18UYtlOrWXTtl9rdyTZn15jBQQas9SHzofFmCJwC3Xw
sub_0058,193hZ00YkXnJkiKzfa2uKF-9sbT7ixqG4KWzAPVvtXU
sub_0059,1BrP3UbGJXblnMCCmaNTIbGGRJ6SqexqQoEqqFU6z_M
sub_0060,1D-rS4ceivG5o5yI7oRT4XD61IjRxaI_SeFBoqHYems
sub_0061,1EDRp_apkqyIjHTghIXLzqX30_MDFtPqhAYeUyF2tL4
sub_0062,1F0kEDeQXT7IOic6etMSOANMhH7SvKE1o-THF11ugdw
sub_0063,1FlMko83MyFjTP3omeOx1W4681uhSXnoRR3033NvgIQ
sub_0064,1KHGLs9WZ5DC5OlRtIIaOS8al8ZWyNHaceOQAoQOY30
sub_0065,1KrwWNhtm7WrMFYURvkl4aTk_3kOdqtVURRKQoYX8XQ
sub_0066,1O_1SXmeJeAIGAwsimF0FPABBDNeyt-g8sEjnzuFFm8
sub_0067,1R3W5ez3wY5D5sZtyTt4I65vfyeqoonQf8cItdkUyqw
sub_0068,1TYQwmLcrqpxUdvWkRYWQi3SsbCB9gNLSkZPuGCLzRA
sub_0069,1URL293v7fRtwuqARugrJik3jCDPz73GZIcPzdhd56A
sub_0070,1WpL1xrpK6-DNwrAp8FakKOzGZLAZmeYw17ZmyaPF8w
sub_0071,1WwQ2-G5PJORq2Kz-d4p3pBAoPf8qHuIw2GtsE25bEQ
sub_0072,1dEksCPtmvHdXrxX4eFMK4g6U1mVMc1Jln7Xmw4Mhl4
sub_0073,1eyiZ_Rvz8UaYjXqcnoxSDSIOJNFEtE3wALP1pOVFWo
sub_0074,1h1YOTgYdWkDBeOowQ-UOSkvmV6JjhMOMvP8xNGMg9k
sub_0075,1hW_MCqKCiuyI_RdcwYn7k0pFVsCyG5epVA4Lv-4jGU
sub_0076,1iNLc9Y7A66Ulg98SZyMiKgeyOdmugfXlmXEYSMa7iI
sub_0077,1jLl8NjQyHVM95IHGnTZBxoQ4OX-3fbF06vMmE6Ynr8
sub_0078,1nSApcOD6a09iy7U6DOEzyGvDHe9c6-z2lrg56PkEww
sub_0079,1obtJV-1XLXVJLmVLYfge5Q3Tj6KBWRz5lCerwj7hqQ
sub_0080,1r-5y6wiubbNTNDOhH0ypmCfrIdg_mJnMzR69G2i6no
sub_0081,1vpJCFKSupem5PPO9F-bvDjy5iKLyHyuryg5RDYyus0
sub_0082,1w7nIkCw-64YGiwLF-t2TG5W0gw4m_--U4AGmk8epi0
sub_0083,1wP6j4QiFLHGuLAm_s4df3xbuRn7c6TAX_N415huzDg
sub_0084,1wnLRnKeD8J_SZqoNj8SaPzM4QHxSYwdhIuPtXyMFfw
sub_0085,1xb1HyZlruyHo-LV5i4yYBt8JImpxS8qkXIsG6Pabqk
sub_0086,1zV_8OcOolQ2Lfl_SQut9J1viE38kW9FW8Qz7ztlxIs
sub_0087,21AnYyb6w6M1hNj42r0F4nk03t7St_L-JH76UZna6KU
sub_0088,22ECz4XgvzzUy8vVo-peN9oEhJiOqZo3QwBBuIpNyqU
sub_0089,234g5fOQ1rGjBgBcFi4YI0yuZ5fjLfHmqsYCWs31amk
sub_0090,25wYmWQMyMINDvTLdFBqo7DqImxYNxxYGoTBhGM2sIQ
sub_0091,27fgXorDJPfXnx9zZsB9ZKNwkIY9dUPGaGFaLKX4nKc
sub_0092,28hTTQZ5xI2GpnhcNeyFFZF_TIz3-SGY1AqywAgwBpo
sub_0093,29NvYTuuEKc1Xrym-L_6TZM91S72J5H3G45mDsFXTnc
sub_0094,2A-OwfseLIFUUX6GNQFD8YuEVTs-luhhW0d6P352JyE
sub_0095,2A02K7VTiazsZPJow1JvfW1rcmsCwRcc6udVInDdVfo
sub_0096,2Iurpmm5BrNx2U8gNfAS6ekexmbJdLh34ZvqfoQ1iKk
sub_0097,2JkNVU9UJRCazg-N1KxN9shw34GLR3C8IYhIut92eiw
sub_0098,2MFLnQLsH4_g6M6jy-uwBj_Al558-7axwV6hulPAESc
sub_0099,2NWEZ9_atmcpO1hW35vimzq3zGQrfywdEdGvLkStrGo
sub_0100,2Q1z0YAxR5KlamR3g5E3v9P6MYZkNHS5Jc3oReJhaAA
sub_0101,2SnpHngkOa7k7NIjwjyLFVIhGfi5f_4ibvBflvWlHTU
sub_0102,2WBFpYzazeIV17Q2meXi_kc_aJZf-ie6rkhKrU6ig18
sub_0103,2WFZf0LKl0M1kOXccb_Yj4jpwvNPuOzVKrIwHVC795M
sub_0104,2XxoxDTOvtuoTIbSfRRHmzG621PArvFXEGQw7eLhTKA
sub_0105,2eAFDpd5_d9dDkD8Wufm0nmGIXv5zqtQIWLWQ5P4M6c
sub_0106,2iddLMv6IBuiVCaT2BJzjPJXfB5xu78N0UxRxIf2o_U
sub_0107,2lEWBQrGR_vm8phdFZXOUSOhbHgplfgxN8NXLIJvAFU
sub_0108,2mIkWotvZ3bR9jV31io_n-rAk_UmeW6FovoxMMtayA0
sub_0109,2t8xZI505mJw9HCHclITVY-r_VodvW6VubTwdxOihTc
sub_0110,2uqwQYJeW1_5NdLEZB6NKIRVqsMP1Le3OylPAkbrGdo
sub_0111,2vMs6p-qIdIw0mTEz5emgZpxICq3glcfyQM3vwB3vBo
sub_0112,2xxiZFm5qMJAVTRt3PwYFITQtRxLUHetHmjN_qp4D_Y
sub_0113,32pIBnkblYOJm2Rl-OpwpqzwwEPu8CzdWHn1lLH4Pq8
sub_0114,33kQep-kt5ANgw-ZuhiXxYHHKj9EgooiTmgbFXAxp5M
sub_0115,3A5Rcv9or0IWuBb1I_iDlORBsIfkkhLI1j8QK5uP6AE
sub_0116,3A6D14akEnvm162prYgUC0VP6OEeXbRVm1Iq7eRTsEs
sub_0117,3DHVh6yH4O8Yxk5pCf44wqCFmoSfAeKW5YIorkkBRXU
sub_0118,3FskBFDRe7Xu3ed4hAK1oKVSrvip7I2zWLoEJ_QfWGM
sub_0119,3HTxlEply3gwyMnwXZ4MJiN0FwDmsLLer9CnROMOtFs
sub_0120,3IuFMuxOGgrsnMzvxLln5FuovY0dDmgrEjYVS478NbI
sub_0121,3LJlY5dd1LxDQyqxQtKKevi7R6EeTLOrgG-GB8pP08Q
sub_0122,3LtoBREo0oJ058FPutEgX3dYNGp3wm5eiTGKD3Nc-Js
sub_0123,3NqXXy-rq13kLzqPJL253KQvUdWlJsQnuSd3Sd6RQSI
sub_0124,3O9btgqdy7RllKtquu5GJakJSzLCiZlK7mjps2nDB7s
sub_0125,3QXMgxLgcifTE3JD5gChuT-j8lWjnEzRmQDINN_h3tM
sub_0126,3VAjyqA7VZJYiY8-2KpTG0pMgxeUi26w4RSXLzz5q6w
sub_0127,3VRHRAUSarSp-p7b9P_8jny3ATIbHuvz3B0BiBSWNxs
sub_0128,3Vo8ABg89h201AlXzvzagbw0IIvECoAtA3-Bl8PxAoo
sub_0129,3WBcOVmPX_zAto_zQdRju90F9aPkxEJA5IzmYPaklDg
sub_0130,3X2oFHWpo2HTanPioa17vmopeDM_yVI6_CW5fAaQoqU
sub_0131,3aHFd4mFwyX39yx0F0TkXJ6UozmoLUnbf_Zlv7ARHAU
sub_0132,3dZa9Qrok4CEwlofhtZfnGIvGScjdKn30pM3f5U4nwI
sub_0133,3dexwlFNR0_Q_g3P3X6qYvlJDqalSsaRUSW0Gb9ARxM
sub_0134,3fV__g7Y3uKSeOKgi9SPbbas0V0kidmnE4S4CB4itII
sub_0135,3hxEud0tYwP-4mOjVE_crG2lF3BeamokMusciuCtXEM
sub_0136,3jM0qIx79JRrqajAJWO3X-j-CXHLizCUh24u2m88MTI
sub_0137,3jiT5VXoF7XsjFrpxd7yjRdPORLXRC9yl-frqqzegzU
sub_0138,3jslvtD5_LOEvSftuCbSHqqk_t9fVhzp4nGUwkS_ik8
sub_0139,3jsw1XBA_1g4boD4U4Y8XkO40__JV1d1uUT9j7YiX9A
sub_0140,3k47JvUqGCbFaJgJEhEiAhXxa5O1yS1Ms0w94x02iI4
sub_0141,3ksASfe4f_APd1tLxccDtth3VbpJ9SgIcz5vPw7Y1os
sub_0142,3lCM3aLY_S5D8So-cmKS_wxvg4LEd3ByaVj7RwtJXPk
sub_0143,3mxoVpAOY5oJwWqK27jdkWeB-2wOJKm4zNTR1Utv3pw
sub_0144,3r0Bgj_s78jIbt2dgsX--_axAQCopMgv6saMICYamno
sub_0145,3sB6D9ahz7CjOisVrAIJNqpEfD1lfw0Rb8mSijk1xc8
sub_0146,3xVJO9HyrOrQkIXXjdqeHftluBQ_Jkt2Tn748nJt9gk
sub_0147,46VsVUuru6DhW_LTFsCi664FsyD9qihVm2HCBCR3EUM
sub_0148,4BXlHd3dwVd6PpZncEnIpr675Ozub9a3aCKVl2bfRdY
sub_0149,4ETJJKC9HNKcvTvC-u5DrkNO9ia7tsMZdnpvVuU2kmc
sub_0150,4Hy_wkLsPiPHDJIuoAkXO_OdyS0NzY45rDyfxVNtgis
sub_0151,4Ji4jvSX5vPu7giQHWXRgilR8UetKbKXNRwnKE7CHsE
sub_0152,4Ngs_ZDYsC_izZlyGC_T22og7MLmB7khPDdagnGdB7g
sub_0153,4O8aBm6WqK4iZEWaVSE77na_BaO5FzaUWq8yTrb-hS4
sub_0154,4OGlvdnKlkPp7rdGBvsR8jUAkKOQ2i9UZ90mbqjIBss
sub_0155,4SDP5mkpDsFjc0zFTzxpH2XBbhJ4giz1XYhc-weoWaM
sub_0156,4UEceASMrT61xiF-hLZEjxa5PpAZxT6PG1gVbztzWcQ
sub_0157,4V0D7qiw6J5sTLHjBGkxAjwpIZRx-KPVaQWLWf8xy4o
sub_0158,4V5t1ip62IcSKtuK7qkTrk1d0nDXVf2qVARD7g_SNI4
sub_0159,4VrBan71GIh6tSFfkZ5ZxCKB-oPJYc7zg2ZfmxRIXKc
sub_0160,4X6MQ076vR6ncRa7kAQJGyJanmpjzpY9L0OF4DaOw5s
sub_0161,4a31Z0HZ45WeaaALMQbtUVsSY3lsBcdn31D-NtXsLI8
sub_0162,4bBr6L-kFUuzyOWO3vI_4OGSbP_3WZjfIF8OvUCdu-0
sub_0163,4bITwZfmlJUYVTWFNlQsWqjmpXd7p_B1KyqLCAdWbVQ
sub_0164,4bpNJgeZd3-fSRjAsrW6eRInYZ6LOOeVVGC0dfWjwNg
sub_0165,4d_X7JZm0gneZC8ffiFtMDo1I7gKKmN0V0ER7YrB8pI
sub_0166,4gXQA7YvC9wjEAkjxtjYg_1zS4JZ6WaJLbs3nQKKfnY
sub_0167,4gzhVdluq4GEahFOrrRVLFhPRtaCNe6TRS0xydt5czg
sub_0168,4hWg8IZAwsSeZ6s6h2ACZ2WkYPTe8yB48jPxJZwbiF4
sub_0169,4kjKtTvN9It-kBhHstGJ8L6vDErPrxyhZscx4mEMjSA
sub_0170,4loafOx5K1rLjyttpQw024OkgHFEIcG27Y2jCdudQJ8
sub_0171,4rLp86ErZXEGFqDlzaE7zpMB5EAFQ5C1CA_-OXzfMMg
sub_0172,4xR1BQMUliASz5DzVmk8q0l4OJQgvQQWttCNSDAxQK4
sub_0173,4z9kqRwkw3EEXpQm5AQj28m_K4HzCJi32K02uiLQ_Sw
sub_0174,4zydBaQiHRmsujJ961bicneBbDYHlmHxPeLTQBorLzY
sub_0175,51HidTEgPHaEqb36iJpyrH8_lPnUIXZYtl-DuWSj_4g
sub_0176,59bc274e681516389ccf3cda
sub_0177,59bc274f681516389ccf3d08
sub_0178,59bc2757681516389ccf4018
sub_0179,59bc2758681516389ccf4047
sub_0180,59bc2758681516389ccf4064
sub_0181,59bc2758681516389ccf4071
sub_0182,59bc2758681516389ccf4077
sub_0183,59bc275a681516389ccf40bd
sub_0184,59bc275a681516389ccf40d8
sub_0185,59bc275a681516389ccf40ff
sub_0186,59bc275b681516389ccf4111
sub_0187,59bc275b681516389ccf415f
sub_0188,59bc275c681516389ccf4171
sub_0189,59bc275c681516389ccf4180
sub_0190,59bc275c681516389ccf4198
sub_0191,59bc275c681516389ccf41a4
sub_0192,59bc275c681516389ccf41bc
sub_0193,59bc275c681516389ccf41bf
sub_0194,59bc275d681516389ccf41e4
sub_0195,59bc275d681516389ccf41ed
sub_0196,59bc275d681516389ccf41f6
sub_0197,59bc275d681516389ccf420b
sub_0198,59bc275d681516389ccf4220
sub_0199,59bc275e681516389ccf422d
sub_0200,59bc275e681516389ccf4248
sub_0201,59bc275e681516389ccf424f
sub_0202,59bc275e681516389ccf425e
sub_0203,59bc275f681516389ccf42dd
sub_0204,59bc2760681516389ccf4310
sub_0205,59bc2760681516389ccf4333
sub_0206,59bc2762681516389ccf440f
sub_0207,59bc2763681516389ccf447a
sub_0208,59bc2764681516389ccf448d
sub_0209,59bc2764681516389ccf449b
sub_0210,59bc2764681516389ccf44c2
sub_0211,59bc2764681516389ccf44e2
sub_0212,59bc2765681516389ccf44f7
sub_0213,59bc2765681516389ccf4503
sub_0214,59bc2765681516389ccf4510
sub_0215,59bc2765681516389ccf4513
sub_0216,59bc2765681516389ccf4523
sub_0217,59bc2765681516389ccf4530
sub_0218,59bc2765681516389ccf4551
sub_0219,59bc2766681516389ccf4567
sub_0220,59bc2766681516389ccf456d
sub_0221,59bc2766681516389ccf4599
sub_0222,59bc2766681516389ccf459f
sub_0223,59bc2766681516389ccf45a2
sub_0224,59bc2766681516389ccf45b4
sub_0225,59bc2767681516389ccf45c0
sub_0226,59bc2767681516389ccf45c9
sub_0227,59bc2767681516389ccf45da
sub_0228,59bc2767681516389ccf45e0
sub_0229,59bc2767681516389ccf45ec
sub_0230,59bc2767681516389ccf45f9
sub_0231,59bc2767681516389ccf45fc
sub_0232,59bc2767681516389ccf4608
sub_0233,59bc2768681516389ccf4635
sub_0234,59bc2768681516389ccf4677
sub_0235,59bc2768681516389ccf4683
sub_0236,59bc2769681516389ccf469e
sub_0237,59bc276a681516389ccf4702
sub_0238,59bc276a681516389ccf4711
sub_0239,59bc276b681516389ccf4751
sub_0240,59bc276b681516389ccf4772
sub_0241,59bc276b681516389ccf4781
sub_0242,59bc276b681516389ccf4784
sub_0243,59bc276b681516389ccf478d
sub_0244,59bc276b681516389ccf47a5
sub_0245,59bc276c681516389ccf47c9
sub_0246,59bc276c681516389ccf47db
sub_0247,59bc276c681516389ccf47e4
sub_0248,59bc276d681516389ccf481d
sub_0249,59bc276d681516389ccf4838
sub_0250,59bc276e681516389ccf4844
sub_0251,59bc276e681516389ccf485c
sub_0252,59bc276e681516389ccf4871
sub_0253,59bc276e681516389ccf4877
sub_0254,59bc276f681516389ccf4892
sub_0255,59bc276f681516389ccf48b6
sub_0256,59bc2770681516389ccf48fb
sub_0257,59bc2770681516389ccf4907
sub_0258,59bc2770681516389ccf490a
sub_0259,59bc2770681516389ccf492e
sub_0260,59bc2770681516389ccf4940
sub_0261,59bc2770681516389ccf494c
sub_0262,59mUFymokrvWt9wC3f2QT8rLgfIH_7dZv9C_9lDGmk4
sub_0263,5D0ey117hSU15IhFwv_AMoW12dWLH-hA78F27-tMvGk
sub_0264,5EGWEEK1LY65tkKLQ7EYnBzkxSvRVvGKkbbH5xXhHSQ
sub_0265,5EdQVJ37qU7KEOFljXRCG82sXR7es-CDAwIzc2oNX3g
sub_0266,5FMPgoKBaPrOYoeKbe9MUF6QoF6fUoDtS7uIhpANTn4
sub_0267,5GI5rJ8Hsq8qZ9edr6qcA9cgwNzJmx0PAGxzpZFx3cA
sub_0268,5IsuENU7QwftIF-Xu6ZQmn_xfRc2LVyd5V2-puckUkg
sub_0269,5JaS2hAYXC2DN2pVXkPx9B-NfsTXYr5dcLdE7mBHs0Y
sub_0270,5KBMhpOPpkOVbNI4EHFH3PUodOyCzhEH2GqT9SlX9JQ
sub_0271,5Li2x2DhznZOejXxWW2A17_zLn3imkjLXfa5WzvIeUE
sub_0272,5Sa-DtWIegdnuFlkBMNWXCAiuLX9ghXrmsULAkjPSGA
sub_0273,5Tn7zQrKtW7V0DAU-3OJp5g3Rxq5NWe7hID64A-vgYA
sub_0274,5Xh-fOMeqv6IdKC9QUomitc2GYfGUqP79yO-sQDvXPw
sub_0275,5YTAOhzULmQZbDyi-Obff7wss6yZSSC3aL5e1gYje88
sub_0276,5_6zLQOStYnD-rthclZGGQuZuVmj2UPdFX73Dt2rHjw
sub_0277,5_m2-TYDAgPpC0RM31LQ6jzDxAXdYr9vW4q1fXj7ypM
sub_0278,5a1c3bd3e7cb79000482763c
sub_0279,5a1c461fe7cb790004827640
sub_0280,5a1c474ee7cb790004827648
sub_0281,5a1df03ea6ace80004bbb723
sub_0282,5a1eef5e9f17b800040cc789
sub_0283,5a1eefd69f17b800040cc793
sub_0284,5a1f03069f17b800040cc7c0
sub_0285,5a1f033a9f17b800040cc7c4
sub_0286,5a1f2d379f17b800040cc7cc
sub_0287,5aoCyghZ3fcYFvdtisw_9R9F6gKFYsUgQHnJrNi3mco
sub_0288,5bh-aFAhg94Porc2ppzvDwZ_632VevJMG-wqDz6mEJs
sub_0289,5gJvsNAdEV-aOfld0OxN76tkiEDyrQzQMbP5j5a4Fz8
sub_0290,5gfj-28LyuYgH-n7VKAyoMTnOYZMpyrEX4-r7kMpPUo
sub_0291,5hQbSphla0B_izpqBLN1pmev-FVtgTs8V24q8TKdfT0
sub_0292,5hTWxBMgZSl6g3hTr1NOoyNhQ62tuBr_Zvrqbp59UgA
sub_0293,5jRtkerX_S4OdzjiEwlCW0fFR9v7AclSRaXaHJLKEiM
sub_0294,5lqVSo7SYRUF4NpANtJ40yI1p40uN33TvH0k5kKXEG0
sub_0295,5rSctrSuzwYcwlosuroM6rtJGcvbPcxme9ZOuJwx2Ps
sub_0296,5sX0pr2d25brSxyDduPE6bR9NiPFlYJB_7iiFN4hzdc
sub_0297,5tYrch-RIFBKZvBrbi6l4kDWdbvDSxEI53zArLytcL0
sub_0298,5uUKnbSqv9aSGLFdTKky-BMjYiXJrekNriewE4Fg_Zg
sub_0299,5vxfk__CW3elt0_ggBHOEjqApV96gaGUVb05_W9EgQs
sub_0300,5wUPgA8JvIpwTirQOuB8m-lCcx1WzAlUEKu9OO3jpH8
sub_0301,5xeQ-uqP6BgtbcnLsHxXy5TkKQ_C1BMlVC-QZqOCWkY
sub_0302,5zcszVML0w78xRPzf_5uFJju-oe6cw0b6tanYu1nMho
sub_0303,63z9hct-f8Aj4nNaZT3lwNRfpiAH0qQx_MKqr1mN5C0
sub_0304,65Hr2F3AwIYt1nNQaCfz0O846XdFrWBG74_H5ydeeMM
sub_0305,65UyB8JMCYFMX-M8OoS8ux5lzr52EmO7TKJ9o4v8ESs
sub_0306,666XqDTQMo3UcLooGsFTiBeRhsqb6lpKPuWJ9NgeED4
sub_0307,6CxHzwqW23eLWqsWrQuJbwr9UWlo7pv87YqZTFiWxws
sub_0308,6DyKMxQrUO8OJstSulWISLqB6oXt3KWHnwMacXGfiDc
sub_0309,6DygBssi3bh-0jbhhfaeZGOZwojzTtHGQW4mray-UaA
sub_0310,6E-ijOCvyEWroi8EYl2I51eU-NBOYt0LlieQHYeasx8
sub_0311,6EfPJh7fgmLut392y-qHjFx3U4_cr7FzqXv9xXBfIn0
sub_0312,6EyWCpcE3wKknntg3-9XIpMMwmkrwqTKbaVc2t38YfI
sub_0313,6FgxECq5zMuiTMve-_ub2JLqznhRofT_qnNM57YmHQI
sub_0314,6G6oYfY_1KdG63aIAEbDisjnRAalV7xOP0Kj9jajxJU
sub_0315,6GY7MGgcD8y0dG5ul2mm8JrMe4nkDDvvXu1ZejVL6L4
sub_0316,6IwiX2LcrzEfK1BggHJ5O-kD7WevYobu44R94rr0n14
sub_0317,6MHkDyybTIapywHVfDdNDF9gZ7RnXdRuZsRgej2Jeuw
sub_0318,6MP7BRnpZvShtyTR6BH1pHChF47m7ePY1qc1SVTzdOs
sub_0319,6Nc20Wz9HQROL19rBmr93rQxjI53A_JPLrawfGg44Co
sub_0320,6OyrNhRxOPZhUfhgHqZ0C1ye467qSp5Y_SzQfTTZbm0
sub_0321,6PZ9cpIq6FDbMhzwtoeGDW5kqAB7XS14Bl_f2uxIbJw
sub_0322,6PfWDvaRgenkGUAas--RGWXyvQD0NGOwdXSFozOjOx4
sub_0323,6QU-NVlHGSepb2kUjmq2HQ0_ufqINLTaw2HEMtKHNyQ
sub_0324,6QUZA0v5ZRqi_OjovOS4Qi0KJvsOSqlt1I1U6Dy4gAM
sub_0325,6RjLFy9w6Mx-AjP8ql4pPU0mBe-PVc1jl3oWnW_CNUk
sub_0326,6U7cdxwjQPZ8HMX3IQ66wLplGicALdww5a9S3WBNtpA
sub_0327,6VI1vtQ3Izv-Ccfa_SZqTvPvCeS1K1PMnpYKrKKL370
sub_0328,6XXC8kAL9hpfWmFp9iu2TtzspgLOeQBVEwfEPIRVs0A
sub_0329,6ZI3FkX6g5n9L6AN74E8i6F6OjvYjwsnkgqoN8T9UH0
sub_0330,6bHu3X7FI046DYPDy12BIiFXdqjFfsmnCR29PdM8Pv8
sub_0331,6br0Uv77d13mO-1TaZ1tZfaabJ_I6d4wwTBKdXTJ5sA
sub_0332,6dgaZt1ui9mX2B_vimJ5yfk9S1jGnYvmLavPlN3bWDE
sub_0333,6hQEpAyrUfCQudE4eKvFP1w_0VuqsO3PeA4xnmk_fhA
sub_0334,6j-1bjbi494bwHvPS-8bNxkoPOhhRy0Tqby9uXPco5Q
sub_0335,6k7pRulKbBl3UUsj1Ai1CMZoddcRhpSSIkTBRp7VoZw
sub_0336,6lCPFQmNmohQyzpaKgMfsiOOi0dY4S0a3r-zgaLBlXc
sub_0337,6lJyNO52GfSVX1FnaRo8kpKV7FQZff4JOc2Ikz_e_jI
sub_0338,6nhmektE6ad0XnCmzOglnMvhYkol8-HBL1KCEcdKSPI
sub_0339,6pSoYMGobKGaplxJ9bYxiH_b0bpbbF-idqM7990uPYE
sub_0340,6pdpwmyFhQBOKSH4n1ykZQ6BL2tWTf6ddaF_golkq_I
sub_0341,6t7OLR19CUjzeFvjIlJCko4zsiMW1np0ruv4NBUiLt8
sub_0342,6yjZK1Yx1DY8NMe6bQJ7276bu6ytYC6Q0EqlOyDDitg
sub_0343,6ylM1nS393YYnXxtK-gVtCQzv7yQ-Y7uizj9oD3a9aU
sub_0344,72e6xpPgFKeAYYBN_LHxJRrZcwx9fD4-ixWA5ZZw9zs
sub_0345,730fN81DLQtgxZ5K4FpOgJUOCAIgg9I1bVhmIXOQgmA
sub_0346,75Z2zBnXoiRnHPGOtP6cFY6FYYeY7k8Tyh_mg6UOMCA
sub_0347,76mo2dUguqyOIGL4bac3EyH7z3vFLMknog1q_Q5RMio
sub_0348,77csKdLCSitYlRyQ52C9fvGmti-1sM6a_BiioTn20n0
sub_0349,78aFkOzy-pjbj9lmsp4uyrbotokRlchqTKpxs3K6npU
sub_0350,7BFmq1CW-D96zSoH5-BbWCD0yYxDoQBXGFUMIOVzqsM
sub_0351,7DdeFkyViYoPa30dxDCuf5dQ0ozqHKwzj3gKGZyBGrY
sub_0352,7G6_QGri4HZq5i-zrG3UfNOULWuKuWoKPZ9pfX60lu4
sub_0353,7KuyUFbS0pv7tYKNBOdclSFLnM8Ww3QycBqrLugWQ9I
sub_0354,7McuSPbjJDQZAl-MIhD3mwI9s0PWZxcD2COwRLwRxJM
sub_0355,7MvJ6pMSwyNUqLhEgn6cZlVZutLryVZVL9vZrfYBCr4
sub_0356,7P-Mb8y4W5FBXKDQlliDDiP0k3jZW1K1eJrxSYtkc7s
sub_0357,7R3ZLSU3UC0OzNPDENGA8_CmaR-zVyj6DcbSlEwQJG0
sub_0358,7R6m49IITGG-lT_EavoGCfcnOBAx1QPM16fpE-f9iSc
sub_0359,7TZRKpjUTi7l6HsC5xmyQ9eo2xFkr7qWGvvXepXn19U
sub_0360,7VkUDq6eoe2eyJvVoFzQ4kvNuwMADp2pfZ_sJjy1GAI
sub_0361,7Xf_Pbh4kc7ugmPjUrw_RMa1lE1LldLC5UwK6EqFzdY
sub_0362,7ZYlxTERmHBIDp2DG-eUiSEMowbgMvn47rv5cU-lKMs
sub_0363,7ZwFOnlYH67Py8fGL0ex-hxRahg8d5Rrh2IFgI9tQyk
sub_0364,7_TIgScs7UCprHSsOhg5cme6tH5jjsX7YDUWJwgd-5Y
sub_0365,7ayEmm7kpuu9odyNPchjRmDxZzVMso0-yacXVxeP1_A
sub_0366,7bFe7VxhOBSMEBgASPgM3QkOFW6-cFMHDHydK-nTdDU
sub_0367,7dbX_nuL2W2sH0mMPkEdNVgvOQU0WCx3MEQhXaeEdmI
sub_0368,7ke7UMIYWHM_gjwwcWYRDu4JyVg8LPRaVC03w_WOtwA
sub_0369,7mgSbfdN81TCQtwOQXhAGRssOOq5Y32vBIJDr_uRE8g
sub_0370,7n0boQVkWn9FXZQC47-m98LfqkDcA8eBXtxbVJTFZxE
sub_0371,7oM2JajaH0PtE2ZjFWPhhrnr7vHv-V29JgtiFmaKZeE
sub_0372,7on0Aq8zXDK44F64ewSKeu7qCBgj0BNwUKgIl7UlD6I
sub_0373,7orpzgW2VdIPb7Fo7K4RGK-V3AtRdgQdr8XhxuJyinQ
sub_0374,7ouRXI3yMEy6fO53qEjL7WsQ1BatKfqA7D5NfWi6X-4
sub_0375,7pFmxlMPyAr0x67uq_raVRLfaYlNf23MUYOCFgQA-54
sub_0376,7pyqRwzwyeKrKPvQY0YD4dw1BdLlV_dzvXPvRPA9CyM
sub_0377,7qSpZjKddWTjcy_CH8tt0D_FzCZX7aNGIKlkfPeIOFE
sub_0378,7sOceDDQu_x9GG3g_KIVn2YCJrZtZBVQmpZW3qSajEg
sub_0379,7tMJnQwy8GllyZBOCK9-GSEBJVNATL2kTlOonwK_p1Y
sub_0380,7tXOo2zQVaooe8RHfl4Db8bshORuWkeNqa-z90Ou4lc
sub_0381,7uD1ejHJq3208g6m6wfNy4he1oXPQXUq07IAQiOSlFE
sub_0382,81b1O682zPgZRAJ2Nkj2zrZRghiRj_X0lqqXC5E4GvY
sub_0383,8295UeA_WBf3kSL6aaOPEdzqyYybkjMWPlgOy26WnE8
sub_0384,82t2wzhvpYRd2rudDmLHb-gjlDhOB-gpZa4XCmeD-5k
sub_0385,88QRd9zVNyUV1rWgV6RP6G3T3bDD40m_dqQbc37GZWo
sub_0386,8E60bRmOL3oeQj7YmJXo_-G4lKPKKIpG6OYyyc3cLOc
sub_0387,8IApUAdxeNrjm_C51tKGJX8OQlNv56uHxpjkqqy06aU
sub_0388,8JjFTu3rC8kbvRBnU-bPDeDSrLxKghNWrntdXKv5FCw
sub_0389,8OKqZDzQXThKc8E4ithqthMcYG2HxoGCezI_x1gLif8
sub_0390,8OXGiJTp2phyVALrYrdH0lvVu-3sEjUHY-TGGXvwHNg
sub_0391,8PEXA0Sfr-ccgI-cjmAYWSeB_SOb61Ow4AvERq7vKGU
sub_0392,8PK-JTZ7W6YcmAysOpC6gylBq-f4mjEOjxG0eDEjonk
sub_0393,8PaJAtXARTOyCHcL_MaqL-ZedWtRwNrUNJwEdmsqZDU
sub_0394,8Q7D5dDdthAM7BK240hEoUVK5Pt2vt4sAYCjNn3e5i8
sub_0395,8TCRXvx9prqsOl9cPX3f4gD91SPZAVE66uNC6U3_4ME
sub_0396,8UQcii6gOsAZ8HUKyvQSY4pNNig85oyG7YWf8Pv24rw
sub_0397,8UzAHjyGQuvdv7fOQCazoAcqVuVOv5H7j3ZWe_cwWDg
sub_0398,8V2XqdbUy-kI5tyySGrKNQU9XbQ8KoL20g3rt2vNSN4
sub_0399,8VeEyDejvLRbA8-2IJk8xZ0uZrL4FJqtOqtMOVHwCtA
sub_0400,8WXn9BpS3RqbAo1DOnJlmkCCTLNop6r05u16nWlYo4Y
sub_0401,8XB65OIFyJWssH8CLHyyTWVuuBT-H3u3C1haKwy-LkE
sub_0402,8YgXcWe0_qvmBTG-C3zcan3y7XTDDI9i0OyZUOfrLLw
sub_0403,8ZfHrEcyQrHW0VUJE_PbKKjIQdV5SEBKuGczczf3QzE
sub_0404,8_NeFeMY4mHqhfRnmfSscbTTByzF7e5kO78ewuBIvtg
sub_0405,8dNapeHYd_jNji_IkOHzYEWBvjDrfJPWr8fW01bifZU
sub_0406,8ihJtq2eo1xEMbVx1nioChqxCCPS6gQb-nzd9lm44kU
sub_0407,8irviJf2nJFtk3DCSB3zQ_iMByLhMZTcEHZC8AF9JtU
sub_0408,8lrTWVmtwtJGPW_DSzp4TFHjNcFRAs7IJczSOvygXpI
sub_0409,8lxaWmIA2HafxRaIenM0WIV2MrBYIF7jB9A3rU-Ewq0
sub_0410,8mPhEIhCWSuIlfJ3OXm7baWgvJrrODEl2QhjrwJ4UjM
sub_0411,8rXP3LvC1O-XRy-r_RvlCDR_6TSdtYQKaDfL3J8ZCsA
sub_0412,8rkvskkBe0lcgqJ3wjmSKgoGIAz5GCebM_AlE3W1nh0
sub_0413,91hkFkRlHkbUc_v76OqSfOTGr0WAGZc4nJqeGTs3GOs
sub_0414,95QV4fp-kUUuyLGld-fsc9qz-gsgCyECvI6vSzZiqoM
sub_0415,96LtCRgHuVdWN4VIvc2STyiKSLUPLDAQx5GcgbOQXgA
sub_0416,97ZAAJ_g3JDh4dZyX4xLat2X0X3BxV45PynePYVq_yI
sub_0417,98ybaqAtTEscPfdBt_pbzyB7uRzO8UymbWubJOh3cd8
sub_0418,99-A0APISxIX3gIyEXo0VQ_XvAi27p-pj01xr3uMVsg
sub_0419,99p9fJq9dc9r49WjqJ6wJmYIh5NpRDNjjliIKhN2nFY
sub_0420,99rCWDsiu7BmmWXnf7NmjfD2FXdXJBHckHavK5uW9hM
sub_0421,9Dd6Dz9YjZ4Ch6cyA4fFjjy4uY9HzV_CpAIbhDicJzc
sub_0422,9HxPwgDHs897rkdxq6WDeGiyOKMKHtlOitUDZNRk6xY
sub_0423,9Jcfu5TiBNhAQuyvzg-vEbQrKnq90fAEKiS4iY8sS4I
sub_0424,9Jwy08xvevibs7xzvv9w0SUAsX1lx5HVeEixVJWtWvM
sub_0425,9LL3l-OUpvVhNF3R6QYQyT3CuHu-MCC6p3xNFk8r0eo
sub_0426,9LOvmRMbqtYCq9Jtlup3dS7xmEidwjlTRwAFr489UF8
sub_0427,9Ltq8GHN65IkHZN4ivszslPGuydQhRqlasJyfRcynB8
sub_0428,9M8tILHpx5CTackWNzCIbIj0IJjBSpN7nG0btn5QAoc
sub_0429,9OL6hMUweRRRRi0GlJyvMl6IwqIy2Dd0EQPjU4ql6lA
sub_0430,9PN2Hyak2W4F0gdWq0Lzcrm-GnEn99_8fKZCbiel4VI
sub_0431,9PSYt1QA1V2LuUeB87QfewhVngE7TcysOfWIMO5ElTg
sub_0432,9REhywajso9jyHbIAggzDH4bfnCeoPS41C1DjrPDkb0
sub_0433,9Uwx1ge6eJ8d3jh01XWd7eOBM6AZ_YC2lfB9NYVjVYQ
sub_0434,9WDEVwVyXeZPsmZ3vyB-AtLunvJjsp24Yls-zufCAiA
sub_0435,9WoMeNOm2dWQm-674WB9tuwuzbdBMsQja7XA2JgR4ck
sub_0436,9XOBx08BW9pET4ZXxgXqQtDDuEo5bdVjbEiOOJqJ4_A
sub_0437,9ZCT7eFSAxVn7Pk-q0U6mCUeQTkjVVgF9ULy7MVNiFA
sub_0438,9d25hpzM5Sy8yAUwZGwrN9NhmV1ZZjI_2YxfvF4A8YQ
sub_0439,9fwKNnUqd4aChCfMqkjFnj_Rzk_pU-UrAb1ew4XoYW0
sub_0440,9gXNSs0fKryeE1p3HbJYSkH_gv_ipvySjQrz90dRHN0
sub_0441,9jXbtUEAC1zTPfk9VU4udah5F95qkUZMWnDZc81mDVY
sub_0442,9mPdGPLxTxIMgWJUqKBGAxM5MkQW1U-W4Lja23hvvwU
sub_0443,9o4N8k59ukMvsfOgGMLp66-rLPw8OP-P-xvJ7PVGnek
sub_0444,9qVCJoXCAJwZaC9u5-kXG26GlA3JmoMw92Rp5oiVEg4
sub_0445,9r9UXEUP4rNlsPts3IprlY15Ikn3pbSbpz56rvkQmuw
sub_0446,9rYyXYgQEdGYY1PiFKxNSlIMG_TULgQuWUfzZOvk6jo
sub_0447,9tplm5gImUViNEcYr2L4gMd5m3cwH61-cy8uJ4SItP0
sub_0448,9u-vaMTZFzgzBDbB_7W0DzM9IUpAxQey33Uwvjo7q8Y
sub_0449,9wCJatfv6BpfIhr16KyPosqMAPyrZUL2SCdjDms6N_g
sub_0450,9yDE38ljye2XhcQc38xggbv64HwXDSbDkh5bb3lMNkU
sub_0451,9yk82zvknWTdeY72Mgr_csskhndqyfHzVO2-VLe9WRI
sub_0452,9zd0Z9boKUq9SD_wczvUvpYqyEu_fSMDqi6lrDgXhXA
sub_0453,A-KSiAlbmLdaHtV_-A_n-6SEKsfkuYOJg8p9tDRqzwM
sub_0454,A473kSGcBV0gMsvzNTpkfTPujQu9VzA9Av_zmJOhelQ
sub_0455,A85jp7bNmv_K4qwOlKkYUhq8jD0NdTiPnw-ww-ITGiQ
sub_0456,AF_6MWdI2jDoTYURBGrWe2xm92IlwYc9HPU6jIybQDk
sub_0457,AJhTuQCUcGqNWYEnrAPV9E_5n-63xapWDqLl5xY09b8
sub_0458,AJrINvKEvx1BaOMF9r23zwKdD9tfkHY4jSO3GyImELQ
sub_0459,ALq8LcExnBnHix58FvA7d3ih7OuuuutlokIyPGjte1s
sub_0460,ANcS9XoH2pvznx3fHddauqj8ZSRshkxtCyuPPA08d_I
sub_0461,AOROve_CMsO6bxWVAi3J6cn6izwWWgxmcCmZcV7Q0cU
sub_0462,APPW003QXuBi87VOA5p0sEo04WdZKaw0-JIuA9eb0Nc
sub_0463,AQaWg3TKMsHldi2NRDqm2W6mtwmAyo-MNKnIYVt9Cjw
sub_0464,AR7uEXdi39EGZhXMCi74TR3E_kgSL3w9hQIhNDM3Y0U
sub_0465,ARC9XVPHMy4OmvCLVt3pOlOR-Wv17WxdC6zj0jJiquc
sub_0466,AR_VQJJ8t4DkdPQ-W-FXVWbnX-gzSCpFp_uR-L9oQck
sub_0467,ARfS_g_SLShf-MC6iRRcqbVYLj8XcaIMC0f1HHttn1Q
sub_0468,ASEvBkXrwsRq1uGPl2JEewV2FIl0v-eKHpgxNjek2Xk
sub_0469,ASWDIHpxAgE8tjKibGquSeNFX7ipcfS8_dfxbSxsPJ4
sub_0470,AUIZuo6lfanwDEDqrbi0_Z4Rsle6CF3P6RaNyWw0_Sg
sub_0471,AVuZ9mUs33ut1kxRBTAy5aqL5sjjBnIieerhQKSVEN4
sub_0472,AWTr9jz168GTtnjbrdysCTk07lCDRKt7xoyPExsYJbk
sub_0473,AX7n8bvX-5xbg8q0cCKaxASM66m2Xg7msSV5tYExzjc
sub_0474,AYTfYEz3WD-XDPEqz4dwBmf_kEM8aL1V3rC8IaXKhFY
sub_0475,AZ5hzYVEUK-ZTWjtXpLjwDTl6b-lRHEQQw1Be95nU28
sub_0476,AgS48Otp4jBlbXCuMT4yzzXXIQprRt0tzGYCI6cJ1FA
sub_0477,AhfyGaD1BKo0-u6PeQk2oI-Bw5l0XxpAqNroFuZuy0I
sub_0478,AhtPy8eUpV2vcLu0n2Ml3Tli0oyLRJqXybWmMsm6i48
sub_0479,AjjB843zmMmQX4CfAu_mdS4mOj005W6mZjJzguc10Xo
sub_0480,AmedggJX7Rhsxnnl44fPJ5Tj4zIapmO_nJ_gIV3nHlY
sub_0481,ApDFanKIPc6JqHd_e9JRDA9_V-Th51KFbTd5PhChc2o
sub_0482,ArCTyEI49rEdplfHwC9S0HuE3rvR4bllQp_3-wQldR8
sub_0483,Av0raRwCIkOPOO2_mAsoEehVscy8jZGYrLC9GOVIcF0
sub_0484,Ay17AXkv1EI2b1Cp-qH1xBuAKF-bNQVMEYruSbLCYxQ
sub_0485,AzRuQb4fUNeZNDybxcByCOcHQzN8BPYoOacSIuE50fQ
sub_0486,B0Z9Yi4-Fq_kfX9T9yRIA6iZrVAr611tdGaSdtGmckg
sub_0487,B10606VgKgwKhNZbpLpWmRMz9OyxGOh_GsYBqDBVuoU
sub_0488,B1EmAqa-3fmzu1QK7URXNIRTDCHrCquueFZNV7V5MHY
sub_0489,B8ND_3IzBRZG78mbv0TrUyJn79ZXP2zkAyth6Wsw1Mc
sub_0490,BAd0xtOsH_sRg0JKio9izgE5u5nS9-FNc4IftcfLDVY
sub_0491,BBb7iHIhdhoi02ZQMSh-dEgl8LPlIx7ZB9SoHi30RiI
sub_0492,BFc5dG2exM2V9y2QL5ACK_YqmXrT6_LolirPXkZIJBE
sub_0493,BFf4wYsA_fQ-YMPs6O0OdFYmwJu3yHbU7_VTRwuvf-0
sub_0494,BGjL1f-CjLwYekISOM-ZP9CGKLtlVbXMfak4uh6NEtU
sub_0495,BIF35RoJ4W76JSB5HL0sgDi6obf_rKNkxKcIQjmIM5o
sub_0496,BIgqCAZI0sAs9l6VoYb7f5DEalgi2C2UbnCcl6iXX0U
sub_0497,BKcAmykBFFMpHkcQ-KJDzk6tPQ3ZsodfDxly726gHlg
sub_0498,BN5HI-Z_2P6YYrmnCnCxuMkNIK4gXS98XmLvD4GMLwM
sub_0499,BNldbDpAydeJs9HMe4pjl5PF65x7iRBWOhN8P6lTKpg
sub_0500,BQeb8XcTMbJ-ovQPTW7X9JiwPUIW28lL8REJ9yjQtQI
sub_0501,BTZCXKxodbga0YN6s0TRfWanSSuwHMGUk4lK1XQTDsM
sub_0502,BUhmNtrPKv9T-5hUVF14PuEsoSx0VEobiP4M-T7dqow
sub_0503,BWyBQ-edyHyT2dvptC8hXDEVUelbmFW3KQdWMldEqTo
sub_0504,B_HmsIJRHhy2Nz0cI3egjmWuu1BAEsxE__E_yjjxaXg
sub_0505,BaRhVKbybxHkz7yGjtb8pPddlUs8O9qoQlvhJ-aVy6w
sub_0506,BbX7lHkhGt2IQ7TA2YEWrwhmHtOA8LMrmID9UrOwlow
sub_0507,Bc22uCvw7uMHbGioIywFoiqXPBu9_05dz9ptmmuPUaU
sub_0508,BcfLjoZiAgGyAvozpMYCkbXsM37U12f0bmXpYN3dp58
sub_0509,BdFJ6S4lBl4736lPf9jCcvW62dG3MLjVe1wmgozKwfE
sub_0510,BsfJzTZxaGixB_zWMI7Cy7JNn8EAkY0gRBq12NeV33g
sub_0511,Bt-NL9ZT5GZxAuA8Xd2pI6oA3ZnjyF5sZ47u3KkkNGE
sub_0512,BuS-57KVH5PUMufrQLs3EkdD9lLWqtt06DpoL12nlsA
sub_0513,BudSKCmehLTLYkcJ3Rqgwlytb6Y9zez4iFh-Qs0uz00
sub_0514,Bw2PyLbuifFyXit6r_6EbyOjNAHUYU6pi1NpbF5_Xnk
sub_0515,Bwo4aB1FVh_V5rDzT7D64XUtIYW0ZjOAy6k67FYdICY
sub_0516,BzT7pQ7_8gIZuqadGE7M2TJT_LmR--lXZRnZ6QKQl0k
sub_0517,C0rmfpGsQBjErdJrkM-Y1_LWHu1K4s0L10e3BfcR66c
sub_0518,C2_TbTQS8mt1iDuch-2UdIl07Aw7vZ9jqRFmU-5u0Ns
sub_0519,C2pXz4i3cHo17Qg0CiDg0JrK1Gex-MV08Vl3C2d6h4k
sub_0520,C3PIc8UwCvz7hHumkLxIlHqNsGb9nT0IJ34SeXGwjew
sub_0521,C4lhsTVb9LE9gZst01WWtbVCB6yRT6AIZlzghAXpFaQ
sub_0522,C99I8XlVDb5hWLa_nVgvdpz3vd9Y715kFCrGD4NZls0
sub_0523,C9u3gdyg9GeVZrIz7xVpD9lKdhg1AKmCuML3iVjJxs8
sub_0524,CBrJEu7fU9HXJOmfRDmx9NjLqMjHBnhyyXhyR6aDYNY
sub_0525,CBvOOoEpsIew33mjzFH5NNwXsq88i3SjVq5Hwj83vw8
sub_0526,CCHsOEZmSYbVoB3ecu47M09hpz0wKo9-Pm2qTUlzAJA
sub_0527,CHjWSY4mzPg3abl5HB_P8fK2e3duHwHelNvhPIzNz5k
sub_0528,CKFPBwrwz49eS2XGCLmhIdY8uWrUvWIq52WKiNI5Rkc
sub_0529,CM-k2sWlxOSS_H9bXQ268_o8gAVOdk6nsVPBJyWO8rM
sub_0530,CMPEl1j2-qA5LzX_y6_NgQ5dlvmYZule7DU0dwawvRE
sub_0531,COBCfW9dpPdtWTJu2CzyQdM7de12tj2ggfL7I-Dy1wU
sub_0532,COXJIiTpnij6N8KobXwfdCeZ5CD68fv3_F0mp3SYlZE
sub_0533,CPLbY6ZD-pyFOqduSW9IFPmHCFn5PSATTg3653t9Dbw
sub_0534,CPWboWZpCjaj7tkDaM2cpRavIrA3W0grLT6CLyvEo2Q
sub_0535,CQTWLTURUfrFSLu817NgNE1iiCTWgrsWsRxz4ZU61-k
sub_0536,CWZecj-GK2oAetSPilVojUOpcl48oPc6aVuYNJqJ0fI
sub_0537,CWsXWbzlcZWuDV5IIDEaDHbnuu3RkVNWL-b6PfNcTww
sub_0538,CX_I0JMcODvC2LPmlmYRh3etL6j37gcCKKrZfLuTfP8
sub_0539,CZWB0NkblOqNNXBqmUX35LqKjFe5e5JKVsSf6R4ER84
sub_0540,C_1f3G-Fy_rRM0SHkTaT_pe2C-1nph4BWwNGS3MueH4
sub_0541,CeXq-ry7CgdV9VOSUTe1DxFlckss7pOQS1t__UWRib4
sub_0542,Ch6e6Z9FIyS6tVflcxYh8mvH-bpXl_wjt47fAAVvo9w
sub_0543,CigWnxFs_t9NJNTzq7PMdcO6162RK6ETpwLtHG31qbE
sub_0544,CkenlGnzhHhAweaBpkT1av5IZItgFBk2k05QPYSLXu8
sub_0545,CpFafJDl0f2NkI4XPdcEpqtEtAyQlfh06eeNnLelmTw
sub_0546,Cqf3h3F0sRrl5v9a0RoFogAWJU3E4sH_7JRNxK9IX18
sub_0547,Crb0x2lhEjGXXrx0Vmvx6cTvpQlX4fyn6NlbcU-KvAQ
sub_0548,Cs-o0pke1roKv1voqw9fRI46nKhiUxqh2Ai_HQPSc0w
sub_0549,CvOfSHnVlyG0_I8VeK9Rs5VsGk0HaOAHI1evhHuIvTc
sub_0550,CzB2IamAjhffe1JtcGkG39D1xx3pTu59KJ2tEPd_fIs
sub_0551,D-00SIzv7YqJxQbnWSav0Mpc5tNuECWfkjuE5q4BuNM
sub_0552,D0eXN6wb19lyHGlE8OOTBR6Xn7qPtrQIW_vZqXHps2E
sub_0553,D4fMm4EBjaPKD_HVNJAVfFWTZnB-r_ZKhWngRfO24MQ
sub_0554,D4jRWVQxSD5SdIZooMH2pgR7modOEqwPCKG574RVCHw
sub_0555,D55ePLeosuJRzKB60hOV7jV6enij57Je8JupMd5pGUA
sub_0556,D5MgCWoXZKaws5pwM3efCY4J9t83gTcdmS5xWrTg-y0
sub_0557,D5MxWVqkLBI5d_PXrkDBVQF0KdH11UceoNFdxhby5Lo
sub_0558,D67omAA_zW-xRHauJVrY3pbpnOsfMQVGyw6MXw6BJ00
sub_0559,D6kXZAh1mfppxOiWxUvsXamValVp-JjjGhTOtF4V6AU
sub_0560,D9g9ZKidKB3GRGYojp9GbcTQaZ3OgzV8uwYu9Y28OwQ
sub_0561,DAidIHQc5eh1Eo_4g2j6WhWGPXqGaWU050M3TAJKsOo
sub_0562,DCA3Le3s1Oh-UiRWy_kDjoieCC_MvJg_4ndji_I87jc
sub_0563,DCmj2JmoHv4tUSv4DJVwagjX6xlF7R_HOPVY_qLDciM
sub_0564,DDliBRlYFBCyG-UjlAVLiDG4nvRl8nodOUOtLxfu5Us
sub_0565,DG2gcnRT9376_LCvGbC18sj3awx9eam97m7hGIXnFZI
sub_0566,DNDgaE6BmUFno7fz7Lv2jHwHZ7Za8QFpLVa0hgdtcxk
sub_0567,DO0TBM6hS6eBNP3lGOKT5r44h22ZNNvEsIpMG4PqGnU
sub_0568,DO150kWLqQFZY4oWd07i0jg7BCyn-2CVxybcFrkRJok
sub_0569,DO8tooWC1qxpc4dwwCTnqTaHt6AOSqh4hsH8PgdFRUk
sub_0570,DPwt8F_vquY-OAHRNkzzFSswSXW12LaWFAzqeADFGFo
sub_0571,DQNsw4euv6SnrLFmtGP7bulvghA0_pMCJ3xGK-s-rwA
sub_0572,DTjqT-10YClWQzHylJUcdSeas3p3DzwsjLzIP3ixZ8Q
sub_0573,DYJR9xAeblKG6aQwKXKaxyK5toR1c9ih8lq8cztV52k
sub_0574,Dakw_gp54cuK-Oa6-S5oqbUodfgWsnLoDW-8ur0oX54
sub_0575,DchX-kL5Vq9LfgQfd4f5iRmcJVFniRcRtBPpfv5dEaY
sub_0576,DoCDz-OXvZTOsLd_FeNcKDJ8P3TeHgw0z6dYdBVYiZs
sub_0577,Dr6DJHkKjKrCyAcT1MDvaJbSbLoc6D7KwnqkUOxPat8
sub_0578,DsguZcPKClBTPnzsQ2AQz9mHvrN-oDU6y11z-2gcJKM
sub_0579,DzFVefVg0qyZwV68DGxNR7jyM4H3ZrNzeyrpBHnXeJo
sub_0580,E0j_IAN4AJLKZCIAGxPEeF7iyZsMLi2O669WH9zPnkc
sub_0581,E7nVTJrt4u_NE0ng5HgEB-JnAxOzuZvzYqwUfliS1Yk
sub_0582,E7yXJPyBXY7qQ6ec2BR24Qp7P46IzFTodv9yt3RDrfc
sub_0583,E8-vjMUBIIvCU3QWccMaqpmmwMclKonOuHHZEaPFWis
sub_0584,E8WLBaYIqWR3uHCUsVekRY8KnMNDj7SB51vc-YQ0M-A
sub_0585,E8tDQ5IgdBwbjLIXu7GwcupEHYbi0eB18YNcsgsSbP8
sub_0586,E94UMPZc3-uMfYi-RQKaVTIq9gxZgdqrwYROrJoU2oc
sub_0587,EApSPjEmc7qb4yp3y2p50Xiv6LaNsRds8TwVXx8h_6o
sub_0588,EBFIHGLlPfeXlotkyUFlWP6VUxGoWbXvpo4jB8ESXYo
sub_0589,EC66JDr10U3CsiBxBcjr9yDFyJWxntX__ubLEoysNcI
sub_0590,ECoa3Ple2_VClgZ3w6ArCH22bluCUpp5c2egmx6k6SA
sub_0591,EDsQ5QTxPA6HU6P7h33H_tZj5Yu4TVqujzoI03f7PRk
sub_0592,EDxCRFGEDIz3y0Po9KOn_bb2ehChgvksQ9rqfGDQ3no
sub_0593,EH-2ZQu7BOe3EdDMU6lnma8I2A_IjTFG8k0XRL3KABo
sub_0594,EHvGjGPbMe-9c5RQM9QVBebxCQhJ3r9Ic1RnQdCuS_o
sub_0595,EJ9WxsKpBR1iAQXdMdj1nrUbRPwihEfi_SGgd1NN4ac
sub_0596,EM-6EtL8D0Vm_DgCkXQmVxVEsmd_bwiQkH-066UyZsY
sub_0597,EN45bXeRCREnNHm6nZ-FCHtpgW5bGuJSdWlVLEebsL0
sub_0598,ENgw2m_MNUmwXsw6B4gqR0zeU-YRSH_QSuLOAD1qcv0
sub_0599,EP3nlJStPZoBk24yoJJ95kaD-CzK-Bwt7UeWZzA2Tic
sub_0600,EPzw1EmMy4-2WqBb_LB-GwiPzhsgyqRtkH3DpJl0O7U
sub_0601,ERRcCg5mF7lwV02OVW04-3jbDwK_LEU0Nx3FCX1yKoI
sub_0602,ERgXhIP8ECRfbjznIweOW0N1ebpTx-AcczTw2U1joqM
sub_0603,ESRIqrHhBYXiO2QN7t3PaTybQ0kJTQnfg1X9DvyeUZA
sub_0604,EU_UtqmsPy2xW35iJcsFplr9CMI5BDH-Is0qi5fVYlQ
sub_0605,EVzxmfGWPMsEwiPrz8uVa7SgSaddRdIYfmRGS-11j7g
sub_0606,EWxU1yoEuKNYvYiUywPT4GGw-ty-CxzXZKurKUDeTp0
sub_0607,EX2uDysebMMSHYDZ-DsEsQcZ6WlZps4W72fU0YRimXw
sub_0608,EYCxG2aZTvf9mzPRA15QhSaxoXd_VJJ44jbWTwSYYbU
sub_0609,EYHKvjkoWEhaMdxSneiWiRED2E5xCMMOBM26nJiqKwM
sub_0610,EYh8j-7OgsvlyQvbcEHHJU7sY9yXQkn3W9PUZJPQ1nE
sub_0611,EZSFs4NfveRhx2gyv5v3qrH1_Rh53qhl24r5JzUSCoA
sub_0612,EZf8GCv7WZ5l8j5itthrmnOTBx1GAYks9lIEXm7yFd0
sub_0613,E_mYXtWu7JBX9zqu-TJrEMuu0IQFJ1HzYLTHZfjypw8
sub_0614,EdIZ4UZyPF9NeVOxjGlJKATWntX22ts3CfBx99chEmw
sub_0615,EgAn4qfF1YOH7RZBjbsojaPsaXZSGwT_7vI15Ri1Vj4
sub_0616,EiIlFN1kdDC4IuIIEaEOUsCL3sfvPUkvsRXER8kWg2k
sub_0617,EieZVPA-7JeO9Em9PMbaImzut1JlGA7oaWh3ou4h-Vo
sub_0618,Ela0jNn0WXPUNlRmAP-JHotHLqBa9AqfCrd4CMie5js
sub_0619,ElgBV3Pvdk-X9drymBwRhLa60UK96TWAmwKvfRCxJ3M
sub_0620,Eq30yB8n2zijvlsS-MsuQovhI0sCDl19rfymZQ3bZmE
sub_0621,ErPNgCrUvUF92wqIZaBIT9t2vgP-T-ziAmtTWgShQWE
sub_0622,Es_GZaoXVzviajUXwSoRzcovnivkqQpN8xbdqt2VlpU
sub_0623,ExHvSn3DH-iqPCP5yp0dHLvKzR9chhSsrs-V5Nztrso
sub_0624,F0ta_j9i9j_AawISizXiS01QOOZR0RrVEQlyWhtkado
sub_0625,F2bHlcb2QbBRq0_jJC_kAC5En6uju_9EK54gmU_vnmQ
sub_0626,F2hVcfRAAc0OEz5QPIHt5zGIc7QLe54EUpedTB6pm7Q
sub_0627,F4TnEhf6SPRvMS4EpUaOTA2ZE-WJVz2b-YcJF3TxyKA
sub_0628,F62bkPo2vAFFkdRq_QK_2Vez9YTohUvOij_OAnI7Ysk
sub_0629,F9ns22JyvIfwz1r2OKVDzNWBQe5C1hn66zyJIMuyP4c
sub_0630,FIKdwgnu8NHVkxHD8cCqOboG8gQmA_Ere1JE40CnfLs
sub_0631,FNM6BdzPH7Jhr-wajdY13kpKGYoy-6wOH2FeN_ITBqc
sub_0632,FW3V29y6wTEwo4nfLsQJW1RuwDi3A6e57J4q-wGcDt8
sub_0633,FWIpJsIE9XnkEDUdFDJm07EZ2PhHuNzs2f-MJWog-zM
sub_0634,FX2BCVsOwJvN8jTO6nsyRWOfBhAU2YCtcKOAABH9Z_M
sub_0635,FYyN-I3eUVTrNJplKYfglP48b18n5SFmNaF-3XPqTWE
sub_0636,FdptiwTDmIhBD4tRHUaQOs0cyBjz89KJ3296tK3fTVw
sub_0637,FeunQSMTPBXcbjR0YGg_nMfJGJ_tLtBMI19jf1_O1ks
sub_0638,Fkomw39WQwKtgdywx2IAbDRxGY4m0WaDoPdce714Y6s
sub_0639,FmgyxUyfXZdhV2BlpOlISUa68okBmPEVJi6Ny8eqygk
sub_0640,FnZ7ZEVzWD_YNIjEdmg-2auiUS4_Z_NMpQXf_I9_dRg
sub_0641,FqXWVse9UG8RiotqnTxIYLZ5ILjuqw3owUBqr1BLAHA
sub_0642,FtkKahQT8PBxplm9wrVH-dSoQTvozlx_jTfWxbcWQnA
sub_0643,FwAVG7nOPd6T1uCC4QKtEfaDCf9KzAoZatrGs55pMFY
sub_0644,FwKn-jm3nCeeL0h6WpYdyUgAQd9jn1r7V1DlVSacAFQ
sub_0645,FyDzLGOBeCwseB9Dgn8gPzMwe_rg1D9yl4kLk_JMwig
sub_0646,Fzkr93_eCi1po-1rOc1iQA7ogk_z_kbMMB9H-M74NM0
sub_0647,G0JQDSEOFc82uzcGLgqG8w9ILqIp4Ue43akzOWs-KJ0
sub_0648,G0ilgccW_OJkq0lraQtSuT_anU-idRoxUedr96glmYI
sub_0649,G1cJvbexZIXKGdvja22JWyvwHdLKKmzp7oKBLC_GU_A
sub_0650,G2--3a1ZbnW54xZrzDhQDiV0ykwTVJPyaXDJqjk77og
sub_0651,G20SP-1En7Quun7441TOxc9maw-RyyniTksdrwPvJg8
sub_0652,G8cSXcCF9RyYdLwbhiH-x6yvLcuXMaK6070kee5v5gg
sub_0653,GDW3GQMSnDpsEPkbYoxPPqofr2Ig0xgMNM7Q67b-_7c
sub_0654,GDYTyheqqqyHQ1V0nV7Bt4XUO_l96BpxQlBLHbAoKC0
sub_0655,GEWn-MPLn3WOANj4qOij0sGoggtdTBgs7syRY0uXul0
sub_0656,GFNADLQ2HDtH5qhFavpu2_jRkAmotWyIsdleATeVNBU
sub_0657,GFy9ZiAZQPteKzU20LglQEdnXUvL6Y3Ho1ScbVkm9xg
sub_0658,GHBbDwaAvfvXX3XyEWZg2vpCJQyH6_xgMKorwr3v_nA
sub_0659,GK2jds8tP3G6PyRZEtetBwDgWLEMWJUaEN_1btjyNrM
sub_0660,GNebjaYXMV8QAquMJ9OpnRBgjYs51iK222J87fnAzYg
sub_0661,GOLoucWiN-1cLXsY2PrXwphcJOT6gdbPR52CYlxPybU
sub_0662,GRN_Ut9EV6Lt-t1yWaiH1AswixEAdR1YCoAJ5YW4Uxc
sub_0663,GU8lJ9LgrxgM63ZPI7aLxUPqFtBQV0GCwrBbd-Q9alc
sub_0664,GUJnXTtkEF7HE4yvdrag3QVGGtje3jTrYtMBhg7Vack
sub_0665,GUs7AZWemh8euI1tdR7BnHQ3M_zQO-TpuTXgcj2YENY
sub_0666,GYTnlaKA2rWl9aSy0W9Jdwv3IV-sh-UTxnNHvGd5IzE
sub_0667,GZz1_lA8IKwVLSHb5fZCKDqucfDREPVT6ljopD4SUtY
sub_0668,GbOk4JbzF5zpkg24rqvg_gA8BAMUKFen4zBSFPCcQVs
sub_0669,GcZhyDSNbtxmLBhHArlnq9FFr5ZheFVWdHOuOCSmcEQ
sub_0670,GdAL26FVkYc_vRMzKGgIyOJBR7pwxqyP1ucDJUvZruk
sub_0671,GiOjWOb8rcgPHXaT_vxWEd-0khAQyWvbbMY6jQ0CMgk
sub_0672,GldAW2Eejab3EXj8xHMXbKx3jWxkUD6SqNszUe1Kkvk
sub_0673,GpkhlpuszLjuM1kxQYLm1dTntansHENN0m19dOGMrZE
sub_0674,GtQ9gP3Za_ZIVIfW-ZMOlEQIafEsUG0g-1U2UbnnD0A
sub_0675,GuzB5sQXsi21wqtnIQdcQI4aEX4Zx4J9P559gAxtV68
sub_0676,GvmMrhkX5kHFNk_H6YOaAozhRse4v5bguiGj7gEHPv4
sub_0677,Gw0YnQkeRT6TNrIYXuJ3RlEFf2CRfeSH1xeGryONI-Y
sub_0678,GwJ56ys5D5VT_bl-eBWoGeGqe-huZ-FDPf8tDLchjb0
sub_0679,GyU3djh8hRxo667iEytXkPFBboVbsHxfQlbDM9X1fMA
sub_0680,H-BOQIk-p4BUA9aTSXwPPf32VpCrBRWxHaToTc0_oRQ
sub_0681,H5BXpapkLoKPOIalTu6xdBS3wVpWYsBDKGhIFDs6-MA
sub_0682,H5bknoN0C0lLje6-NMuSk0boQrWDmbQjhK9OdFBs65c
sub_0683,H6vKec4GaaQYS0-AGcGjN9l6XyTruuvrcUjUDHxowNQ
sub_0684,H96X3Mk2kr5Ok54Lck9oR93rz2WR7maI1yuww5V37Nc
sub_0685,HEEDRE5AM9MDyeb4hMuaRTlXH17-6skZ10r1QDi02BE
sub_0686,HIC3Qs6HRI8zNC-w8L_G9cUrLk7ZyViJ_CbJ7D_pwYk
sub_0687,HIVFr4flHT5mIj9iFPzrQHaYMNLObgz2cUmp3hd8Re4
sub_0688,HJgSywNiNKZPY048xDEr1Y5tGGATF6u-XsTas7G4AkM
sub_0689,HM63rotbsur7xcwJYFHaZnmt1PXSXKkHARPRsNMcLXM
sub_0690,HMwsrG2Hh4AHrLBd0NDL1ZXgEInQRxQGiN2RnT5c2n4
sub_0691,HQb_MpG23dZdT6BgWqDOb5Osk7vO4J8UmoH5wRzN8vY
sub_0692,HTWFKnEXIw05T44MGK2Wj-ti39yrly54SGur7zsyh5Q
sub_0693,HTxLE7dUgdo28d3l443uipc24MX6AMIc9oqgSSelXcE
sub_0694,HUX4yHwQA83GA22ZmJAVAnd_mWc8lMPwOzZthpYFmJw
sub_0695,HYLKMpRR-ZZA0GvRtRs5stQ0mPS1AmH92glIqg1DLpo
sub_0696,HZfMQX6KnquJMJXRitVrl-Wcn840Pu-v-EPxoqxC6PQ
sub_0697,H_2OChxzUXZmq1rWtxnlgVFgwmkkFxDkYbPVNYG3m4M
sub_0698,HfAv5nieC8ev9QiBBg_9Yql7wukmrR4qlsPwCKvkZyc
sub_0699,Hkc5qj2g1SaGLJ82HJpSaojJKyhdF-XXeNxUq0hMZrM
sub_0700,Hkq_WsP5mOrOVNRaYJLjlNihpJ00fORUWuN3zSwUm-o
sub_0701,HrCRAtTKdSCNMXrG7sGjzCQ5_nS9YCfhonwOpx-gYLA
sub_0702,HuaqelKzhTLHBzNK07gjfyWypynwdegHlQ5csd1h1dE
sub_0703,Hy31xfPOxuoBInQX_sziauZLswjtbSy3-mVtPjcpt5c
sub_0704,HzrSqvrAMyVOWeRXPyWhFSSXoRnsCNpdNHbl-RW1o5Q
sub_0705,Hzt2DIA4sSGlDqQG_pWdBb7TmQdslY95FZ0d_1ac2uw
sub_0706,I10ukfr-Y9oCFwgK_PgR9aQN2QJQiUp0RdZ6t-8q6TY
sub_0707,I8BI3wv3aghDCeaSa36TdxzoN8tuvQBE0v4X0ts5EX8
sub_0708,IHApjwticZU7katp9cJaoUDOeGRX7BdEqNS5GEblrmk
sub_0709,IHvdbiJqeuIulm1sbfQvT23TFUdptOvWXTg5oXK729I
sub_0710,IIHoiNOLWvZ9I7UuzbNCmayVsZTvP0prTJiWmC9k27M
sub_0711,IMYB0pKXccbzfVl-qVe3NgiNYe8JtTigArh8EfOW-gk
sub_0712,IN-FCi-cwCWmJlFjgaVL25Lo4ZIk7hTEURYDqRzBKEA
sub_0713,INqS66tGbCRyqtCOklRuhFR-Keg4LlajZfujjvCwH0Y
sub_0714,IQeiBIfv-Kmu0xME8fnRBZePqh290USy8vCYzmI6lLc
sub_0715,IR9AoadLFZ8kAWZ6HWZAC_RTvMzMnqb8NnRZDUHIA6Y
sub_0716,IVZsXcxTQUz90kwtRiKB4GtNs8mtCn6CfhIUT-FImgA
sub_0717,IWvdVOoB64ZWXoz1x6sNBcoyFkEoDnxG43oOK76pElY
sub_0718,I_t_iHa3Pb9mihi3932MMvmki-Gs31ZOj0CiKO-Dw-Y
sub_0719,IaTbCFs4sdnWmB8bXOiGcUq55LAW3OvrB4QCGvpVjMU
sub_0720,IhDJdQLAqc7iFAtk1w3TvnMiaZViF2KeqrZ2-Kul0Ks
sub_0721,IiFA9usnpMOtdgyH3Hw-V13AzQoibMlu8lGGE61x3ng
sub_0722,IkyccBea5QhAAGKh0beMSEPTd5dSn-mS0WrB89edmY8
sub_0723,IobbStbutxAR7KpE4p6lisXd64G60dx3H9W1Wa4_8I0
sub_0724,Iq9BZmJt_Dg-EuoVbU_Q7ttc7RWfR-PyHACAyA_NwHs
sub_0725,IsQFJLfyQDwpkDNLiJ6IBIwizzxKW3YAzl_4qgPap3M
sub_0726,IvCNsbRv3wHMgRl6sQUrzAn36i8TlTm0_4uXheFRrXI
sub_0727,Ivrs8ftoE3vUVDxW8ck98It03rOa_Dv5WI2KKizXFVs
sub_0728,IwQ97eHHgtniQoUQWUyD0qApLlUuFGOA85Nz9kag_1I
sub_0729,J0Jup_UFc6U9x9w-Abi1GBdv3NeMZdE2a4JaUB5gy34
sub_0730,J8vqwp_s55pqSPsvHuWqSgPJ4IaZN06w-8TxCp6c-jw
sub_0731,JAg_vZFKeCSYFw9koOgVKilSrq2EHj1RJfMuWx3zSr4
sub_0732,JIDeRFzpDbcfojQQ6lmOZQMRkTWTOk7Pat0FtOpYyB4
sub_0733,JIkt6wDK1RSR-WaCvrR5uffSpECG1ZBCEhyBNI8-KiM
sub_0734,JMI6dZe3SXbPPLFEC9OW8Q75tqy4KoZME55ABWswq5M
sub_0735,JNvYCjFCVizUSPlVWEiT5RvXAV3AcfPFkpa01Y_3DMQ
sub_0736,JOSOCIcE1LYHt9ifJhWLxEDauQpJHyLkMfHJcOt5Kvc
sub_0737,JQSZX02E8__NgMNlJ_18DT3yhCb5CfLnz_Q4LCunNcU
sub_0738,JQmPkyFc0qT8MKjYXgb_CIdyM9RqtEbhHzmhbv1npY8
sub_0739,JRxWV8PuWURsrbH1Jjs790x8alZ1WhE60DTZF7Sw6GM
sub_0740,JS5KxnxLKa3JbwIPUjnGW8Q4Chu76JJJ5SQBsOape9A
sub_0741,JcG4QthnKpr52tuEa9H_hlFSHDIe03EW93l-5RLsv4E
sub_0742,JcbwYfgh9SOZjvpMdR0ZJfhL21gnv7rVQ3obwyGPsSE
sub_0743,JeRn9LIqbTw372zNLzoLwNV3ICFLHLy2IZh08uDBAFM
sub_0744,JjQ7uHltz74MPCIommgBqYXJ2RvJWdqbPl24d4Z-KcU
sub_0745,Jl7P3QEvzUYthLKj4GKVLYxq4aeEPTe7gpr9L9XksqI
sub_0746,JnUI2MIoEjrYqQ1Iq8nNAmvqYVZrSYlKfxVcc1VtR8o
sub_0747,Jq1XlswzbHZYGtIleoPLVpREae9PGg2X1p7sBaanq_E
sub_0748,Jrj5n1ZRDtJfs5p9dhCAQGIIYkIbmqF4YZs2QdqWE6o
sub_0749,JtJm2KmKqA6oCQqOJJKOflI2bLAHwcc6AsP8PmsTqfo
sub_0750,Jyw0H54SwVNKsb4Bmt1jfwtKuvA1WClTVW8V2JOnAv4
sub_0751,Jz0F-sHOioMB7Z7xayumTURoIaK-p_Vkegld-AlB0oI
sub_0752,JzUFURmryZAOZBJnIl8-sVLCj5Rc9ZuYnP0LZz7podg
sub_0753,K3p89zXx-UsYBby3S4aWeV9R5aM-T_lwmxb2dLf-LNk
sub_0754,K5Qvjusxmth2q7VH-3aw1m0DzCU3KUZbcXIl3SAIdaU
sub_0755,K5UppEJ2C0RnQTWilh3PLrwSvbVlkn6T29I3ZCs1vII
sub_0756,K6AJeEjNFAAABQjy_5cQ96BIGvZhSD5OLDiH003A4HU
sub_0757,K9zkdznI6sNRQAbGZyM9qavlSHz1QjDc4YT_Nk9SxNc
sub_0758,KBAU1rWD43nsok2kcZJkGqqMKRUMIpMURs6n7DiIbAk
sub_0759,KBUxJlqCTBFlf0CqseleLcojg9FJH4ZwOQpLLQElx1Q
sub_0760,KCG4hvKjwCe1hUSKH85GBSCtH0PdZvzTbXqYmr8XjQw
sub_0761,KF4x5qg5axbnchXD1j_iCV4iFgu_9iXzYPt-MK7TyUo
sub_0762,KIL2didw2nNdy66kJxKb6pXjzOtMfl8BG-bWtdlKy-k
sub_0763,KNq9LWzRIJfcCQtM9-zFyifnJQUjTpBQI_cl49HX-Ds
sub_0764,KRhhODp3IdNvOwJrGTgxyFFSajMFzlvI6-oXD7zUB1M
sub_0765,KUNSraIYDWHRcL691_W2GTTD0xKejJUyZHVqdQyezaM
sub_0766,KY1Q2Nc-yvVUEAKwvMMmeuQrSkSgRsQJODlxSLIncyE
sub_0767,K_II_ceJULbMT4-1kDxWSxcLNVQVQ_xXiH2yEzIwerw
sub_0768,K_XRjXOCXSNFbOi6A27GCI9PJMJSmSMRfacbG6YGYtg
sub_0769,KfJBoub1UVszSENTWNIsagcvwmOw2kit8FlHE6vdDgQ
sub_0770,KhUMWnLuJuU_heHssK7sfl737LWj7j90yef1ZIFvoZE
sub_0771,KiK6AcGmaLEwt7mZeZwVpBhirsxCI-QYMA4jBbg-MeE
sub_0772,KiOh1P-1kKbeY_XDdSJX1Dk41-F3YrEAJvwwxj8jVgw
sub_0773,KkcKYV7B1vYaAU3rhnwuJURVMpt_DsVVfOjKhQWyIUY
sub_0774,KlCO_7813pIq4DnmhuGrYTD02wHzS24wjgUoFlvwAJU
sub_0775,Kr1whZRnyXXBfX2Qb68APhgjTqQOJoNCbyiyp8KjOUM
sub_0776,KrH7eR84pfuQ6Ltqaz9Y56lZZfl3veVlIsUHfyNLGs8
sub_0777,Kt0GsE-I7kELdwI9W4UddWf2678GShfelphWFdlEfgs
sub_0778,KuaO0HukXURPXHNjwVlRBX54vTgGoJCgIlE6pJFBjuU
sub_0779,KvF43GWeO49psnYb89NcDMhou4_dR6fTN1nf6ymoWYE
sub_0780,KyUpCvLOaHfJNvUi1UqsGflxRBbyk5O5sHHE4Z3fYs0
sub_0781,Ky_Za0ND8jBPfLFuDU32SxskrabV7a4v3m1vEZipuJE
sub_0782,KzVubtjZ59Pk0KE1g03Exy5v9B9VfsKWtn1oiNfoguQ
sub_0783,L3gOZE9_foSWpEGDymPGZ72xRwNAjs30LgwA2HK5Pck
sub_0784,L5hyLcjEUehth3dkw0b_hcjI6YWRayLrwwg9Cv2G7Fg
sub_0785,L71qKO8OfKBmm1Z7R-XkSlh6-sUkbfN-36XlMGpabXw
sub_0786,L8AV1kOMRp33zMsQyVZeFe95-Hl09uh5wFdYt4BRDZk
sub_0787,LAylutsZzyozv6hpU2zkLc7tSoVn0KA7MHpFSNF31bU
sub_0788,LFcfI7v5U-hNVB1MWf2DyOtRrcv_4FxWEkvqawrnVCc
sub_0789,LG8w5pRNQxAS1OXu32ttcFgCo2x_udBwl4IY-pkH-G0
sub_0790,LIZFonGXPE6zHm2vvXFEn-7NojsZnLo5XQxnYr1eG9c
sub_0791,LM-bO680RqJWmK95UoQxB1LobNP1ZjgYH7MDJOJJxac
sub_0792,LWS7u2dM1oIlDpu0qfB0Fh8kUXtyKa2Bzu2Zy8gx69U
sub_0793,LWmSj6WXNRmjBFn3XHudfNM3LZ2Jw0kSsv0naXOdIlg
sub_0794,LXRxXZEf4KcT-1ZhSPBZnGYn9E4RvBj5eLY0O-yOU40
sub_0795,Las9lyHX8ahvkOTjgNXmDsoVcfV_I00LIW5AiGjrD8U
sub_0796,LhpKk8JN769XdQ3ri6vIcmu9Uu2zEIgxyqbrDnHLQD4
sub_0797,Lj94Dw3tjHhOcMKc7jYuqh4pxx6aGWI_BJ06yNf_IxI
sub_0798,LmpCWk6jQZlA7EPOImRlJpNT_4ON6NgbzEMhwCJa2OU
sub_0799,Ln93h-QpBiCetrCjogBLV0szB4r9JwHItcq7dAbq8Qw
sub_0800,LqwmZFz9Zs0XAy0zY8sJEZuwuRFvikqWWqAZangX8fw
sub_0801,LrAkx-cGKYisCnYZom4wNlYDzVxCmrTznPmszYNooFM
sub_0802,LrpfNxN21F9xcxqSlyJZf0U8AMbWmV16j8m2andBg-Y
sub_0803,Lvkkn8G0hPPSfS6W8tEqFd2e0dtvUIBx2VcoFHLYXEE
sub_0804,Lvom_FFt43plg0Ivl7tsQKD92JSMspb5x6N2wUj3a00
sub_0805,LxZJXKfopLyKPDPE31DluKRZFGvy5sdzmsHks_TyAPM
sub_0806,M1muFKjSI5wj9-wBh5LrgBgLuujJ0hpuesndt7O2Xf0
sub_0807,M4CDQ5dw5yfMbxuejEOqxuSzEnV459VW5flcUAFQg2Q
sub_0808,M6VgD6r_83GpclmUFF5AvByf2g0vZHHJ4KibcKPUz4o
sub_0809,M7AiBl-dRAnhKf1-Xd2twZBBUNLuWe6m6jlJFk3WfQE
sub_0810,M7W3KM6kChC2ZuIEZfASSnpPUwzsXctKnjlTHCvyvZU
sub_0811,M9VAAnHg45vZQEy5PFtkbS_mlS0KKYpuUVM_rbe3jXA
sub_0812,MA9HrkF2LuEC3BSWoQa0ehE1w5CWO0N-ENo7aXTpM0g
sub_0813,MDqQHenu2xxbf_I4_Uo5YARw9wxHCXDSQKgC3ZWHyBM
sub_0814,MEg2fJbKd6vFArod3Em2Yg6Fzg8I_UVysW9tVVNJXuU
sub_0815,MFV5XDGBbcmrL2_oAiUxMEUXndPT6vSThBnnjr7q6A4
sub_0816,MHSlcWpQY97n0ULNVud6441kEWnV1ZhIUSXp_LdRAwk
sub_0817,MMs_PLZrw4WHD4-VB07Gvngcg35zIqnb2ECVjvNBcDU
sub_0818,MOqbYtj3KR1NJkIQUzq-XXifDNs8yYgBo684NtXOzzo
sub_0819,MQmecK4FIS6uznz3n2Wv8DediRJd_EZqDsKh5J9C_2E
sub_0820,MRRpwL1LnxGuSlgB75qZkvbiwBOg7an478NWRRJhFZg
sub_0821,MTXbtemM3j9GYgqgOkhXXNyNs1NVodSfuPageeXGSXk
sub_0822,MVP0z6Ij0LwHU-_FCzaVhOsRr9_OCwlc9ElSSK2vwAI
sub_0823,MWcbN_WLcKpMM3QvM_9zIBses2-kdsq-PPVRQnUOLR8
sub_0824,MXUlhOjVoV_HNle6KaT8iuziR-K1aHdN0PVTxvjFiG4
sub_0825,MY3CwjtZZyuG5LA3zEnBVMp4G0PiQJo5xyLOZQ2OsO0
sub_0826,M_VIme6ZNwUHowz1e0dEdO7dB4CUb4nq2g5LJrboM_8
sub_0827,Mb3jqMAc-x1zRUhGxkpbGYT-zSWg4PPvzVTWtPamncU
sub_0828,MbI0nuaGlMFelp1gYz2NnBZ3E9Kqgno4bxUrxlZczOA
sub_0829,Md6eQCCm8UBwwAjbEGLGWo_BFp4J32v4fs91HF2j7z4
sub_0830,MjvyiQerHJp4LNFaYjErBuE5gZXzJTTBxjRPbdaIkX8
sub_0831,MjymGihCG7nyeic8DITCiZw4B1jxJ3mfz7RoNe_CpRA
sub_0832,MmRBl84BUdcDlTs0CEh8xV-h9eSBn5T8Tza1cLdxxdQ
sub_0833,MmlaGbcovUveI_4bIkPI7PtbtuIXmJXEuh7PcWd1vs4
sub_0834,MoVC8zaNHbXveUHEwDF-a7ohr17YeOCTHW_iDKwpc5A
sub_0835,MtEI3iPNMiPKY5npP-NwXFGmNv4wL5fmJm_gz3w1gaM
sub_0836,Mu1N5LbjXgT8Uo3YyCZQyaNuPv0xZXHaE16PInhyIi4
sub_0837,MwMONmjsedY2zn7rz5oIR5erkxm4cYrNOgDVcm4n0o0
sub_0838,MyfWZFbdaoAyalT_KRfL_POdoeNK5jBv71Dq2iP2Kno
sub_0839,N-HpjhR4e4pv_lil_breZsD2Zl6rchnUYp6CN-OId00
sub_0840,N3qD-Pa-IRbfFudTncQZbBY1Kkna0y7-mxiFH8AcNv4
sub_0841,N73xUItebJGioWcFOIhTaSe_9DJboDfYZXXASeeTx3E
sub_0842,N8vHFsQaGtPOz7hgeAexKpIMTsng3dMarv19O_VhSjU
sub_0843,NEr3m-lLFRiiCG6tPxjgLaH3ba0fslVxrYNc-pn-zFI
sub_0844,NHYTWvYxeqGl68vqemGdwryhfk8YKDAAT6yHGpcYTMU
sub_0845,NMF25R019iMg46ITv51G7T57n1OQ-0PqjDBBaBM-KeY
sub_0846,NNvVzvXn13EFNgBJH5L-wp-YioymHGFolmYyJL3R01k
sub_0847,NPC5AE7iwKfWfpBfXabJrkmqPUFfC93c-kUzJxIlRpI
sub_0848,NRix4qIfHXJwy9P3neEGfvsHPAmqyGbqdV8GnbE5Tus
sub_0849,NSXAJhcfnGd2bD-3e2mGLkcb92TrafN8kMMQe4cqEK8
sub_0850,NT9pVYCYjVJUv93rGE-RcIZ1SXERnAOVnaUgOW501eg
sub_0851,NTGz9mxeuZY_IFQNIw4t7t7mBvDUI4L_WFVzASO4gLk
sub_0852,NTmudVTq3KXZsMxKbzh7FZ_Cwidx_LNAFffrMFwhizk
sub_0853,NVE9XUtowWXyTkBoYYC2zJkcJKp8Mwf2QbGc9D5CDGw
sub_0854,NXeAR8_-o_dyyX6WZjfWxsZu1A-ubHRXI1TGILQSsgQ
sub_0855,NXmoPHhsDXHFFY9qBe87PNHfINaJfDwlbacZeImZi1U
sub_0856,Nd9tQGPzZWHmXztXwfqP_CNNVoQ5a-YgEhcOnNMObTQ
sub_0857,NeEHJxFxG632zWy6Ar6Jyr7TNtJglor-PW8tlqoHAPs
sub_0858,NeyszvHjJ3aJ--cxUOQR12-MFqZA82Uityzo5zWJNRM
sub_0859,NjDOX-RO3P2kO5oGbEG7fVRbxCOr9Rq3XMAKqle1qYs
sub_0860,NmMb13HMjQsx3SPyqROE0QXqq26gamkQav-ThPHADnw
sub_0861,Nny-tpFBmQu8scLMjvgDlOS__2jOgH-RSkx_JZE48Bg
sub_0862,NoP839tHlvR8LC8EAmB4xEvLRjJUrRrhc0_oIuwEBM0
sub_0863,NouXHWoRzvEgh1xxM89HpU4qFetVsC_Ib7DzixCIMQ4
sub_0864,NqNHgXJ-FnZz5ve2PHKKTHsACmQgTiZyRSFJs4BHXWs
sub_0865,NtGhhuJmxasrSRLy3LsguIRU14n0gjoJg_Qr7Ct7-aA
sub_0866,Nu5Z5HISeZzUc04Yl7_s7jAd_lVljDYKZEnHkj7wqG8
sub_0867,NuXfnD6BDa9t-UxAqHbYWS36vC5ynKDL9-C_Uj8U0OA
sub_0868,O-D1OAwTqCs1SY-zv-CDSEtUTSUZ0SepKK0-ypBzEoc
sub_0869,O-a4oET_iJqLxoOnYsGNvUt67P20sS3-0h4-JYT_VUM
sub_0870,O36GvQdvm9ASza-DXBK3ccl-dGsikNceCPoSlbITJxU
sub_0871,O4seCrLSEagQp6BGJTsPYovKuLedF1KiXDYJjsxHV0w
sub_0872,O8Q12m9aQL8_V0h2VNlUGSRNZmbsbcusAC3-MFXLUk0
sub_0873,OAbrCqaAW3pJE5CZ4IQFZbVuacN5J6rhE7eBJqme8HA
sub_0874,OEVYdNtZzji0-PRO4EFc_6Q_ValSmp9OOEMJylOUfOg
sub_0875,OG9Sg6chAt62VpE1YhaBQcIQ1Qv22fYUHRPndomcxz0
sub_0876,OHJbKBoYWYD-m6mpQi8Xw4zXuMKQe0g8APH6z__VLv8
sub_0877,OLBWnedUwa0ARUg1ZVSXNvBuk5yLHZrgyB84RGKdYeA
sub_0878,ONExtjPuO-BP4G0Mxy8Hnm5snWhuR8xoomIwRPxkGXc
sub_0879,OOQDFUlKiJhPaGZZJT2DZho_zF3PUgznbuIKXXuZcts
sub_0880,OSK2OpdvdiHXzX-5IyZVXyqrqIC4TbkGTeUWo2A55jY
sub_0881,OW69pCNzvuyn4IDrAvGcRw6BjIQPd71jXCOtNPWpKIg
sub_0882,OXlS2SZWh3sRr98QBvGxTZKQBDa5h0TQOcSKd00noQ0
sub_0883,Ob8vB_biehhDu_hwzWjueaELAjJL7v-22Ijby72Up8w
sub_0884,OkD_s5l3lVIhaNKIZPzRPwKaGobxBEXGVQ0qW86r5A0
sub_0885,Oou9zXqnLOriTu0LP3ndMcnjJTQb2i5674RjAxO-t7I
sub_0886,Op7RQ5cjwd583mhbwbcgJgBkiOvpIBlAVzi07o2-69I
sub_0887,Op8r02niR4ewKbhCNlxQ0bbj9lntsw2SLCKTfXOjsc0
sub_0888,OpsAHKwX0vH2qhmJul_yqJDkZ6aEfgL7JmQXapmG43k
sub_0889,OqLpAk-EBo2DigLIIYoSlGrjDjh-RTYpCfUDAyV12Iw
sub_0890,Orbyk3iPXYvSdz9sJJC_no7TvLkGljXwfgP7phGtk0I
sub_0891,OuqGc3iTumHR0ki5YB_FgsSlcIE4r70wUppri1uf9HI
sub_0892,OxK_g9JOUf-B_yRb4AQliy76liI7Zz3uhIW8dbpOTQw
sub_0893,Oy8RHBJN9tp8RgpUs4Pg2x7ALbud1MPkfbF64WxpE2Y
sub_0894,P04VOrUsLTX6SIW5Iogjg7m40YuLGUqVBqRSEFya9GI
sub_0895,P1aEQqvvzL2pKMO4Pq17rpAPVgluY9Op1dqv_caiRJM
sub_0896,P2napCkrkVITcwLhUfdanIOl4ysctsqjd_4DRNa4dus
sub_0897,P7Fj7Yam-B8N2UIU2PCCVq3wZNCVx43pbvCaLr6Jahk
sub_0898,P7PpDV6HKTYXWgAL-1kAoYYPIrFdsoOAa8Xl7rfXUWI
sub_0899,P8HjcpmrkvjCE8bRSLOeAp0dccbVIhGqff_ua4RKIac
sub_0900,P9xEH1gTLHYiXIPkKlGqZ63y1rExLqOPPSkimNdQsYc
sub_0901,PEHN1aqxst83Z9A4dsV9vlx4izfDR4pcnR-j3mGZQFY
sub_0902,POrRNKsiJroy26MF_45GMYIj9GSQYqT1FHIh9ZmkcQI
sub_0903,PSWXWb1JMr1NXcxjGIGDSeYOT6YZLvclRRYBZT5AkzI
sub_0904,PTlHUsHV7o9UT252M5WVnZ4UHD70AB2ki2h3-WTeFBg
sub_0905,PW8dOnlNQSNB1pH0OLBgp93-V6uCLs6ks9WS6Vg_2HA
sub_0906,Pefs-r0yS1ClcRpjUKi5FU1NC7w920QUrokdZ0c4fiw
sub_0907,PhWGxRdPqcxq4ZCkS_EgGaro9Nq3krfllRS9EsD7ppg
sub_0908,PmWdX9mWtv6pOPuX7h0jfjLFLxlbiA7-5BonJDLNV5M
sub_0909,Po01HpDqWRcl6Y8hblHM1rATImORptJPZ4SeIfk_UjE
sub_0910,PsNriiQw43ZxP6OA1jYF0Ie-2PGjrntpETaX69ye71c
sub_0911,PvvWNiET5hz701BDbx_LMXCRHnH7W94qby9EuCVLxs8
sub_0912,PxsFhzWWdGKMvqMtrMiu7ToUSSZa4rcZ46ryRS8Z1ds
sub_0913,PzOCTMEqFNW_m0El8kk94x5NoGcA-L_d65TiAJe5p68
sub_0914,Q-y1oIbsoe4Rqzy9N4iKyG8Asqb6CI_dA39f6Xayv6s
sub_0915,Q0xb8LF0NL5XCdHFaoOj5XHT0p5Do8Ei9-IDRuNYOd4
sub_0916,Q1mrhkvdeveFY2PVxxtCrR57IGVzOJsBhBJqR3bVL8c
sub_0917,Q7mU0hXmoLdyNJep0JFlulz3lLODrEnGPuKc8TMdcx0
sub_0918,Q8EWvJHo7ZjvwLJNpaJxCxZAky0rrnvcmYsTvGSOPFg
sub_0919,QCS_XzowNPVZ6LaRgVS6VUwPbRWnZ8G6G8Jy4ABnbFs
sub_0920,QD6ovtOw9zxOZ6WdyfubnDySb43N6CMB70x5nzS257U
sub_0921,QGyEU_F-3up3kln0_3lsdpz562p0ad8DRgCzf_iViGk
sub_0922,QJjnm8eqcTWclApiqQ3yU8OmtAc6DsXvX5ysML60mZA
sub_0923,QLWl4hAxVhedj3BGM7HyF5my3GJnKsXc51wfIX553Qs
sub_0924,QN6awL28K1oOGTfvrs6JaebgAll0DiBRUmVZiVuZx2k
sub_0925,QScXtldfJ1arhceGOcY92H3vhIyajsSdzOOCEp6zZc8
sub_0926,QTYeuzfnNXU4trG76LSA8XR3m8gbpDRBEhaLvMffJ1w
sub_0927,QVqq2Hw45tSfwmA9HO7AxeBnonmAaUIEM7yz8UnYktc
sub_0928,QW2Nv2ELci-jrh1F22pctTT58FcUFls-aiIrbIm5Usg
sub_0929,QaLad0bdqMYb9vpplgK_scMV6Z2tuAJ04pxEsdXFOMA
sub_0930,QcyYsF0UTeV4WWk7qMtvs6QaTRvMuiW4mCCjXb3wL2Q
sub_0931,Qdp6TYwkdxbX5uoZpl2PtFjq4Vq5PnUV4j5xrz-ZQ6Y
sub_0932,QeM2XorlxNq4QlazMs-7rhh0gSmxLTaOiQHR6S0dxxA
sub_0933,QfKpuP6dZQy-hOYNYE5Unp5XJ0g0H2AU6yLy8KASKNg
sub_0934,Qft8SrjkyOiUJE2WWGWi5qioxAL6RfK9cpCKkzYBGtU
sub_0935,QgfeuOOze8IVivTFjCA5CjmcZ2J87GUFLIq9O1Ruy80
sub_0936,Qhq5WBZPQIcW7PhH7-lgUiX7qqU3fjqH1CD-Bf2j13k
sub_0937,QhxNLGGNPt_CLAWdS2v9-VV6QzaYIjd0kYa2TSu167Y
sub_0938,QiAADJFrx4hH-ORJ7WLmTlPpW1IS1vQ19Paf_BEVYPE
sub_0939,Qj2g7jzcDOidGBcyG5ZtqGApt97vV1BkLsdju4fRFSE
sub_0940,QjI7V3xOO1AI6u5KD4WeyvLAaS_pr4ZsGG6xDhzHRpY
sub_0941,QjnGzy-1LuyPq1STjAITAM5lIyPavydwCFsdj0JzYRA
sub_0942,Qq9NaLjx3iFSgN4IO9FFHNQhM-HniE8cy7GXNWpJVtk
sub_0943,QsfW9r37rNEuvlI7R89pMY3WbI0itD-PML1D28QCAEg
sub_0944,QvECcBK0DBGDO8AfvTxS9NtMSJ8-kzMGM_rv7NeO3SU
sub_0945,QvvspmnbMFsvetheLFMmqbxPuYhuz7z2HpKC_jXBj0o
sub_0946,R1D_E6s-GP4mOhzN9yvgHcF-8vXl9GVKmbq1XL_g5_o
sub_0947,R2dKfCDJQHFZH_8b0YP1p0k_uYowFNx37BmijYalB7M
sub_0948,R2oQsZsj0aVNB5JF8rS1AwZranVfJ3b5YWVVZ1etG7A
sub_0949,R4S5zQac3r9UwZ_mkT3I2J0p1Y842bOqrn8bjy7pbYs
sub_0950,R6OR4DPv36jHJz2ItpP30U5G0lKe8AwmpmbIRVOScHw
sub_0951,R6lI4XrZv80ND_JSygPq0gmxy-AJ3FqmuLPssZXEWrA
sub_0952,R8TAI3oDN4eue22DWUjf6d5aU1hYX4gK1FnF5-F1CtA
sub_0953,RCvBZwL6ySv9VZVZ5BZjlncUxRBCExRk8cLHIXkL2mc
sub_0954,RDxjKtYfF_820cUZ7zkbxP4f10QxD7eeLywY15TzAgY
sub_0955,RImghWGquKp-Ol8otUz5nMKMoeJEmd9skki_80D5NXI
sub_0956,RK5u73TC2KMl2qXLHIRhgKpCbt9AOfntD0lnBYWCxQo
sub_0957,ROnYLg06pCSJ47L9kbpeqFAMv8uY2SC0csYHqPwlvUI
sub_0958,RQq_cqoXxjRz_clDrc-_WzDZjYVR7-wSKqcbn4WSwSE
sub_0959,RUO2J9Y34xvK2dxHt2CHiRdfWwsZ5el7VQMIuf_FIJI
sub_0960,RZGVhoCaP47IHpVlPgcaB8_FpevNIj4qwzBE3mqIJ-s
sub_0961,R_Xg4Nh-OYq6AJspZUtA0VXq04NHInTcUqlNXvVr1iE
sub_0962,Ranix2Ep61ZJ4Q0aWteK6smrMAD3jzKDODGy4mvFk_c
sub_0963,Rb3Q0-p0ODVkC7J0Y-Ab6Hz1m-Zyhq_Oa51zsq5_AiI
sub_0964,ReU8t8rSsjxvbMQftiQxiI6xkDiQBKQkO1jJZTYJxOg
sub_0965,ReXksxD2slcyWPByLyLntNmLGJITrJkkgxHefm7FCSw
sub_0966,RepVnNXP8Ro--nW_dI7-Mzee4h7Uz7Zm2iQjOdl50Q0
sub_0967,RgHFQC0AYP9O4OaJAasa1xVK6RznfIPHAI0nmCFiehA
sub_0968,RgxA2NY_qUQsfbRylNa2EkHdu8oWMuR0BVjVSkCMw80
sub_0969,RjXw5CEZ1E-C2dyiHBaoTiE-7wvIySfKHUAORkxwNF4
sub_0970,RmX_Gxh2RmFdRfFMJEwqaRRoqhcuFpqhG-ZjiKprUmM
sub_0971,RtKCT7Vv4B2-hjY1uFTiLCA4OBe30BT7_rgFeDPrxq4
sub_0972,RxMNb3gTmoISfrr8Bq66_Y6mab1irN7S3JkFj2MxYCE
sub_0973,S0K6y-KfAfl0vF2ldf5Uu5ISSEF_Z3Kznu1p6VUX9sY
sub_0974,S15tQ15Us0X6SmjBk8n1rSFhgtMbZ3kSb8R-ABuo0ww
sub_0975,S2mmeg781MZQc-lUFAQ7ShYJ6xh3LhzmNqNSN5xCu34
sub_0976,S45BGG7fwwStlMSiUGTnZJTJYx3izNJXWKNQ5fsxIlg
sub_0977,S7yKMTRDnBadwqQLxj-YxnZ7tUY-sxd7zBKF-N-laAg
sub_0978,S8DNkHWYnqSYrSKVjzT48pSx5KnBvkPR9YANe3OxRNk
sub_0979,S9GE5Oya-CqVSz_DNHS-sQr_2CemlLY7amKdVrsk2e4
sub_0980,S9Nv2Cy4a9bOgizxQsboycFVmZZROIA22x4QwiRfPRE
sub_0981,S9zKF4YjHsOv9MC2NLaW4o0k8o84LWICxS8BJ5wsQnk
sub_0982,SBAJJtSt30mW6d7I0tcNAfCArXRNzOABCb1TY4qq9N4
sub_0983,SCrgJSZYcGAKjmC780rJme0Zww5HMuPWH1vGrplVehc
sub_0984,SDeiJFKVmRceC3qDqcpQTyDnNDOrSB2SriupQya166k
sub_0985,SEmnk4jlSmg3QtnZMtmBa-LkBg--17VtCby5OBK99YY
sub_0986,SGYSr86YAIQ-rG6imvNMUUDbP-rLA3m8pglajFBEf7o
sub_0987,SHGPO9XrEnt07sVVxc95eNNyzpV_I8R_E5KFtMNABpQ
sub_0988,SOBDbKkRyVnde0LsY4ekKIEN8FK8nlUfpvoUmD1tZyI
sub_0989,SPNzQXP6J5sNtZRUepCJSwqxWzJrf-oJlQYaASJQeRQ
sub_0990,SU8ajtC4J0BylhJPVO6XHvhNND-cN0bNSyioea-I1r8
sub_0991,SZ8fMi9suHoMg8MZm5RigqiTy9G3tQGkYjSO_Tb-LMQ
sub_0992,SZmnW-xc6SrqiqDHJsWld1yYThhr489nBwJCqzYIh-A
sub_0993,SeU7Oa1_lbmjnPf7Ia-FHrIGFRH9rMXzK6XlsB8wg6I
sub_0994,SgDusbluaGnu0xOboeb-2JPm-kNIjM8SOLqNrFdhnrw
sub_0995,SiuORojzbHGW8rsuEbvKA_geBv_0RAciTzfgntReouU
sub_0996,SkFvQRL3yL17aFJkb6GvdhrubzW4I2nvNAhIZ4JkauE
sub_0997,SnRufUG41gyAnwY8mh8ci8O3iUbshtmaQkXebwXadkQ
sub_0998,SoXRD34VppK94SA4pQ4frEtTDnoL0JHro9MzZmPSJfg
sub_0999,So__VCY_i8yV16N2gU6_7dHN_WwZHMxxjcUHsNU574A
sub_1000,SqTmoUOeRjG1RbZSxonfRdS_8B1Voibyz8Xfwl2JoUk
sub_1001,St1RAwweLXux_N5x-LD02AOSmWj34hxrjeg3q8SQhxo
sub_1002,SvkY2Ysx3MDO_ExWKwetY7tv7FMNABQ7lWEi89y1res
sub_1003,SwdoheNdtbyXKHsPtVSV6G-OOC3MuPRGDwlN6zqYhLQ
sub_1004,SyUN7XbznL_hdItMdq9aDC_2Qt1BgkgQITNB7IdKPWU
sub_1005,T0HhbFzQ60gsY-H0qpRQ_jECuCQI87t72Yo5A8thRMI
sub_1006,T5MA0-DqcnegkRCcyq0d2SrdrGndkkeB4kc0Z_V_Kcg
sub_1007,T5qOIIFa4FfGskIBVM5n3NdjF0HG7GMhg8i-xyq7wcY
sub_1008,T7e25wwki0I_vszINgAJrfkfH2MTO1FLgHf0y3eokg4
sub_1009,T9eqjcfGhH1yU4l5GYiDDm7Psqkghqz0Ijd4Ycsdgdo
sub_1010,TB9sPWPGjbzUOXgBYGT78c0KJMB60oIDhYD-jGOIFmc
sub_1011,TCrzWF7EcyvrBbCU3rIqA3vv-wkBBnFpBR-BXZGOqss
sub_1012,TDhc1vcvsVwx-I9BuzL105aN-d8RWvn3vp549zbjSgc
sub_1013,TEKyW0xeFLuNWII77xyC3bbGe8AylP5D14B-s2Om_QQ
sub_1014,TFIecvIbX-tK0pUO3SJc4RL3hHQ8ybyG6IIvoTX5Wl0
sub_1015,TH0MiV9KcajD00Dm4oCUNaMx14p36PTQyxhJcUUN3Cg
sub_1016,THEwqU40js1n9THdzHKyVX6jgnrohfzOOWqALF-UYFA
sub_1017,THUIi-yI_DMbICZ5Y5MQkdUrNBlEn1rP7WoVbMOk10U
sub_1018,THyMoUbPS8923SdTi_Nw19p3_ivBGhcZKjHw-IKT-pU
sub_1019,TJjX3J-3iPEpXzXvRTGzscpZesSkq8B20bxBlVHSY-0
sub_1020,TK6EBuLQbWBIE_w6NKPVidYrw3SD_s-_6brVS6a41j8
sub_1021,TKll-RyU4HX19igR4WPoDasfvSupSAHzE55GmliHne0
sub_1022,TLI5z5j7y9XIr6a-acw6-gcpuKN6bHj9IOq0Z4CdvN0
sub_1023,TPEFC770c-_JCFBm69zaW6mwzy_cDoLe7CouTJkeK54
sub_1024,TPVBpaYELi7ENqmqo8NHztlKE0bYPQNK8mflHJTIv_8
sub_1025,TRtNqwFvqbRB7dP5iAW0CPCyC254XwlLQdNNTtOZ4j0
sub_1026,TRuxsXb-D62dw0s-4nnUWMPAirz75DlxLhpiTE34d90
sub_1027,TW6ZaAGWau_uKoWlAo0V68CkLwuOtK7LynFsYNKLZNo
sub_1028,TXB0Ee-2h2L6uQJlso0-tsOjvxq3Gyo8w4p8piLs4M8
sub_1029,TYHuMlCy8XKYKTcIHJLBnTlXFuvAqSJY2ASuQMrN3s4
sub_1030,TcEwxKJzyORPCfIGtbLyAakaUVieu5B21POby_KHJ9U
sub_1031,Tcsl1T7nm2w9g_-EcckeB3erb9nyXx-zel-M7_f-6Gg
sub_1032,Td4mIqilWGsvkJvnFS4iNgYNa1DPtYC1niRK-azjLvE
sub_1033,TfE6yAvo7J83eJR47_Iv9O-elKbAPbvCbsEykF-GyoI
sub_1034,TgS_yYcLOuY7Of8dI9_BSUucaGg0t0RTQETeUmtMiio
sub_1035,TjUvH8GaZcADOnXQwNaajoaDp6G_sEk-R_cEFXjm-Oc
sub_1036,Tl1DIq7LCXOu6GG9TyJKbI3an7F3dSdeVdjao5faPfw
sub_1037,Tmr6CYfbPz6eFTe9n_GhgP1TyZ9sCQryAXkgPFrO1J8
sub_1038,Toz0icy6zg4N3sYsq5kQ4LbEARl-JPPctQSFRY8WgBw
sub_1039,Tr9EBfdrAl5oDHRK1sNYpdXqj_CFjAL4kChmViUgVvQ
sub_1040,TszWqWftIyEOXwJ4495NROUPn2ui88j8RdJrMy5eFKk
sub_1041,TtC5LgtzmDEqh2FvMAvgRCzBpCOWSYgrDs0S1vQ3i_M
sub_1042,TvPLietnYNztbsCXuzZoZQlAFfGmiZkfW_EM4Qzd8Hc
sub_1043,TvWsHx0TePJqwHc9gERhvxdvitxWMiUd62zA6G6Td58
sub_1044,TxXk8vYaUjs-OZCkoa4VOl7qEsR2l6-WPcHoRJbfxhs
sub_1045,U1ohsWBuEi2UBf804eKk5bN06_uDIRHjXA3rLbWQYHA
sub_1046,U9zvsIGhLB99ZZ54-NosYTTsxb9HOdvgcAIR9Hd0Pxg
sub_1047,UAE7Hyh70ooJw9sM-KQdlQNz7alojnEAxsOlpFU-UcU
sub_1048,UBZXwmfAzOn4BKFQbN0SuZdg3d_OGwPuM8VlsXhZ8F4
sub_1049,UC1I12kxQeO1gqcJ0WoDNe108hjucXhn851HyEXzVFQ
sub_1050,UD4C_0aOFgXZOQev3RxDO_cdPtRCnlmUxIA5YFM78Pc
sub_1051,UHx7qMqO-OHAWMSgjcrcrnJOIo7vRx3QOizllotU2oE
sub_1052,UJ-lC5Qr0xris1r9m23uwU-CY5wGgUnWIaa3GuPQXlI
sub_1053,UJSmriR4qVLH4cT84OmuMXkZSr5FVGZv7D6GCFqHuvw
sub_1054,UJrdm9giorML-PfhB543ZlhkbGFzXA3BH8saXg0PWVw
sub_1055,ULAkWQQSnY297whLCEaFWc3LYv1EBLria6tOxBRiKaY
sub_1056,UNiJMD29Emwoq3_ykdCVehh3mPaRpfVhbRP12sXgHhA
sub_1057,UQ2GM1XaDd8CXhISjirrgITujA48e9-JNBkpT5crPkM
sub_1058,USmhBn8O9THhhyAypEL9u68iMWV7Qmy7TR-1EV_jZZQ
sub_1059,UVMzcuNGL27V5zxla6MePU3qTsKddVZxCu0I4JlEq6Y
sub_1060,UWASPgFJuSCTGcnhDbYA1z5msuGUFK9E6KGdBVxT4yw
sub_1061,UZdY-KuWhdK1t0H-PbopQu2nhsyPOPXHt70KLbsf5P4
sub_1062,UbhnstuOupSLqT1wAnBu3Ffc5cqLOsYBH9aZPeibkUw
sub_1063,UbixyJ3QdnK9uOm6YjoaGHrNwsTpwNaeuWEuEOs9nsc
sub_1064,Ucf-qtgMeZvQRaFlibfSZjYzSkrIPBEgBsCjvwrpYtY
sub_1065,Ui_Dpv3jMApR72n2QtS3X1QSc5yCx6Sx9J0V76Yt5zQ
sub_1066,UjvZMasZoqSqVVnhakbHto4-ofRI8W2Pje-D-5NcuHI
sub_1067,Uk7zGibxh5H429fo1NWaD4S4eolNYAamBxfa4ojXqhA
sub_1068,UmHgIHN4PrnkAQWznf9jPexwHD8dDbfWe28wIuSDECM
sub_1069,UpKByUk0R-xH0de_VHTP1DIbIf7IHrNBIUPzD6YQth0
sub_1070,UrAHCa4DNuGJIlUJGe225VozWBkZpRce2dmQCRDbHfQ
sub_1071,UsHxK4GM1sZ4DfjJJoR4coooeTeEHL9c9wv6eapiPmQ
sub_1072,Usg9Weoa-4xNT9Yqfx3_HYX57YiZEHCggyVLu61dt6I
sub_1073,UueDSYaaKwwE0UEq27l9nzA6p5xEn76jwy0yla549PI
sub_1074,Uv0m2CsOMq4Ll7gVXkA9zRMJOIu13kj44KrnuOq91jU
sub_1075,UwbYVNhUg-Z7Vg1xyCMcWSFRj4AOQGpk5LtRS-kOwP4
sub_1076,UwnIrAKE3fgYAZAsGCbzm-2v2HpGfkO_9oQWLkH4X8E
sub_1077,UyHRmAs0a9DkqUIdvMM6H2DZZt8poOp0yppXVqiqei8
sub_1078,V0JG36keRQG-3TKu70Ld1BreyXf7fSPxXTO7VfH1cC0
sub_1079,V4GbYnb5S_zYEiyQG08Buh_3gBaQq7uLKEV-FiGV0TA
sub_1080,VBCbaA2ifumchk5h2MAWC8fZCUk7bvaoHAKmJKFkRMY
sub_1081,VC5vjhYIXGp2eb-WoJztwd0prfmLEp5aCeLQQDfwn10
sub_1082,VCZBbYfbLtmQWeydeVulgudrHg83qDlmEdDkDmpXXoc
sub_1083,VF9pumeaSDFTvECpCCUuDxIBHBxSJo4RBKSD_rdK3xI
sub_1084,VHLIPbcRe5x3iwaZVF-ekZ9xkVnaQE37epSez8LaHpI
sub_1085,VN8XgNOE24ghLuTPTSjPZfsE2oAJaUvwNmHUCehe7EY
sub_1086,VQDsKkfK8ABIqEsMta11j61WsZK6VYMZBo1Kv7NmoJI
sub_1087,VWGaeW4ZpPs6vpLJuTm5F31ZTiy6uytwHmWmwPx2fF0
sub_1088,VXOk0Gz0hSa_xh-GNz2o_qnPXriyWKoOKiCJEktL79A
sub_1089,VZOdwErQEssn2GRi01V-Co76MIZb7JUCjyshSGFvTyI
sub_1090,V_0sGaklZkDdzIbLXXah4By9WGnaX1cyo3uSLJjvl1I
sub_1091,V_k10O70CXqxv0hbcoia6T1Jd44tYlJ20TzaInUo3ZU
sub_1092,VbArPJgfiazy--dHRifBZpNMtFsJ4sL_Yb5YGRMn70E
sub_1093,VchxmPjbff2Q9NFkNAM-ZcomUss3G4RYAwc_pryTIQw
sub_1094,VciGgAmp0kdjRlNdT5Rdysbj_YhowDsssmYFbiLuuTc
sub_1095,VcmahEYVpQrUE-nues0J-16TIGPVG1bCIpDG8YOLRSI
sub_1096,VdIFFZDkEosz7ovVl1I36Bl1-5UQ86n3MrTNOn7bbYE
sub_1097,VdlO5OvevKp6LkWjHyDKuTOZ2LTdcB0a8yigC5evDjA
sub_1098,Ve_FT5dVazanjRifMYJoMRRL3LBDF0Wjg_X6YyNcXzM
sub_1099,Vf7Yx7KhVWQ4JpCSpF5g5eBpDiVa3guZqMhUyzJfvnA
sub_1100,ViL7uZ5TDBNxeTDud_le7mx5BJATJAISdNwBe0OcDXI
sub_1101,VjEJp8YS_CGPJPOt_p1XwjNWq9Vf0RMko6nOToPZ4Vc
sub_1102,Vlfc4F6gFYKkpCJux4gxVJzSrlubik60_HDkzkwcIqI
sub_1103,VoN45rmK1MdMFGVMbMMY5sS5AZxznZl1BFput-G8gdQ
sub_1104,VoRwylOhzaK94MfUvYDcqvzUjivRhBwzDjaYxQQ9ZyM
sub_1105,Vs2eI7lYPCCR4N3jdBO4G9tBuKpH0ZXT3qpzOCmG9QA
sub_1106,VsiJfD1bRvlb7thKBwmHA0K49XJdQo13c8XIvacYLX8
sub_1107,VyPaujzgH47Au8wX0TP8Dhzpn2eD-6nt0au_A0ilpd0
sub_1108,W-RQY1z606QE2NMPkSyI5ONAW-hoIDGqmNBQI-XYinY
sub_1109,W2KMv_S0_4Hsm2X-rx_6MSBFcpHEivib5C4E4eOnBzY
sub_1110,W2V7D9jBYEP2HOxd90RBHhoOYhg7U2aijsvn1YJuWKA
sub_1111,W2fLwg08JPv_ss2ekmFaLRwOy2yWqg1Ktl6tf7Y7tHI
sub_1112,W3FOvAMFzRvX69f3yEiJx9I9ZfTBVn1258um2EFnZeQ
sub_1113,W7Wa2Zmxp6o0xmaxd-SKC4XZTO6yZ--O-V5dZb1JILY
sub_1114,W7t2YT8d182AnmwgJckYy-NcxdhHFQV9iHSQu3EVUoo
sub_1115,W81GbQDdBYQMT5l7mDPGD9UkM1szFi6brOnMm0QZT18
sub_1116,WBiAmI8mUEJbHRBA9fz4cixw2gSRkyEg2wIu1tXTHe8
sub_1117,WE20rjmm2CWU7RMyJrkGe2OthnP6RSvVxq8cLneGO_g
sub_1118,WHDczZcoVMaf0R3uyGmU6rQO3uolcyFIWaeQJxgLVVI
sub_1119,WHLyN1BmsXGjyZxBL6HVN-lq4TLZtDYyOvqlk5HxI4w
sub_1120,WHORlP5ldqUSBwo1nrbHrtxQReTE1yMNz9uZg49y-H8
sub_1121,WI1vl-ZFYxHye2KnzTcSJtBF-i2LXmzx5-qrdr8NSsY
sub_1122,WN5vfoa5N3L_TefOY_LT6EtCWhKor__7LmepFzJPudQ
sub_1123,WNQyyeojkUOV5tQv_Ll1rcY4DmbtclEFk1uJgbZ1h50
sub_1124,WONQcdsVSwAdOGdbQ6TwU4Mu2vHCr3To_k1lFiQn7Sk
sub_1125,WQCNmdegEjLJopGh4wnLhlB59ODC54Nioo42UEKXxSY
sub_1126,WSmLCYanBD88H3OW0ST0yj-TJHwWO7HApk-ZJX-A71E
sub_1127,WVAT8JT-hegMDjWoKRevML3YbI7mDVtSXlQB0J3ec70
sub_1128,WWRWI5zvrgDBIFY0RAY7NEVaRNVtdxVW_Vn9CiBJS-c
sub_1129,W_F3KSfslhBqdPufXu4utZpQzzYipDr0O7YAUGR3VS4
sub_1130,Wd8nygvDtDRTxX3Jom1rKIp_h31fMc-Yo7UueR_elsk
sub_1131,WeeTLunjnmwHVaWcpCGbyYSoLZWKH9CPWmYM5lBzCys
sub_1132,WfEyscr3BgX5veF7fb5Mj0lfu6YSDsZGL3GwPMuVyQw
sub_1133,WfGr_MS0K0pPWOJNdTxvWHVyCEhHJ3ZPNJ9W8wfCuAI
sub_1134,WhU8VaDLnxRm1FAXSFk_z3b00WFeaxuraFMJ6fn9w48
sub_1135,WiLlmi5NWoSW3MbBNMNt7ZmBu-wivficyavg2i4ryhM
sub_1136,WiSXmPXCqXdb6gVTtmwgDi4_tWZ4pOJw9ueu5aVA824
sub_1137,WkY6iDAhg3Eh1yJR8r8iqXHcB97FwlqYVc2al5-oTBU
sub_1138,Wkfwp2rGuRysmKYmeIPaCQ8oChBz3aE-R4ywK6Uczys
sub_1139,WnKXOTsT_HOrsCimdLNQ0avrn593cJCE7N3fCWGn9H4
sub_1140,WnZKFDS9gUiYrJqouYB06J9iuJMktVcAU08SLCFahuQ
sub_1141,WpGCuir1SZ-mwFiDAsTdaB-71ihtRn5pHJ3Xt9Iifi4
sub_1142,WpN_vJWJQyUl-xcQ22hQiEgW_Df1Cjs4wR0LsN_Ye9M
sub_1143,WqLeG39SwFanNS47fW7V8DfBEODEH6TXt0eU7eGJiCs
sub_1144,Wqssl24T6OXtJNCKzlxZ7tvg3Z4fGvEb3Qq3bnt1QDg
sub_1145,WrxffaQ938YfkO0xe9HgpYw8Y-mhYejMi3zzX9cNO30
sub_1146,WsV_q-4hgeDa4aT-Gelcn-TsU3zBZ4KIpk_aHZAG8aI
sub_1147,WvGQBBNpSe532EEM3AMJdoxUoTyST19JL_SBR2urNRk
sub_1148,Wx1Lwfo7sxMWqawYX02arJQ4mrLCJ0Tf-X_zSQ4LV3s
sub_1149,WxgF-VrsRPvUJAT1Zf4iKHupnntfcecT7lRCbzNWw3Q
sub_1150,WzKj_ING7wAOgTVE1DtvzhKEd0flOChvV03k0uXF1kY
sub_1151,X-q9VE1Jm8Nt7O3_HYRJe_Xask4oljYK2_N6kA3TUKE
sub_1152,X1GE1aJVNlCd0S4_q8lq1f_3U6W6FV4dxxMBZiAZ_No
sub_1153,X3IgwE33Fglksdvp53AKTMnTL1txWK09MjhB-g_tOA8
sub_1154,X7QJfh5duqzyVbHswhKojrhX5VXtZo2i4F-79kLhQv8
sub_1155,X8KiU13fy-6-RBYbFhILEDl7ebVX3D4VGVVHBXmM9S4
sub_1156,X8sPQq2DiGRGqQnhd9-T-hF-NpLLBPgXIxgWOBdGgI8
sub_1157,X9EvMDlRRxrSSbfyeMHZYyeQmEP7PI0L7syGe6xLda4
sub_1158,X9PXsR-6P0aJrApLb5U99rVuj-a7ZEg3cT4_ZsPdjhY
sub_1159,XAzH8SCVMskROSgnRfbBEfk7xKkGQAnoauOQ1QfPFYg
sub_1160,XChq7P1lqOo--lFR5_wmw1iL9KE3a4-ARks2xlDKFD4
sub_1161,XDlLYeoupIRBh03sGL43Yc5pEgEXmwIRT9kSIddJTFA
sub_1162,XEZADDKDBLJGE2CnGdVG5VddU29ffGpipjQ5QCUyMtc
sub_1163,XI1sGfmvQgCa3yNalqQWwxatqzp90nppgjh9rTRyVE4
sub_1164,XPaYQ7o49xQ7tBIAY1re6nIrNvsp5F3Oej5tc1kjLFM
sub_1165,XQ9oTSilzfX8uWF7Rag31Id5EpP8gwWa0S2VV9Zqu44
sub_1166,XQPQgHelREBwnQgFtuYTglK4y1O-uOrnV_XD7c4OfoQ
sub_1167,XQQ7uvi1ayiZmZ-ZTGywFjff9JKwiM-S18uL_-Y1hbA
sub_1168,XY5IBUxnQ981n3UvFegHkU9lz5ho3m7QETaeJ6BJlwo
sub_1169,XamuJRfS7TbUL9xuzcC8WPJd0bcYi0IL58BCQN8JYZY
sub_1170,XbtZkUysOe4F1PjI7R9xyAdu6z40H9L4h_UzcOjimXw
sub_1171,XeDRaHj5d6BauYMYPwEltTG_rY04QrkDj7AP0WuqOzA
sub_1172,XgcPgqthLt1PRFuXfxp0O7nZeHNQffA4Ma-2ByOeckM
sub_1173,Xgshyw2K_FeeM3GNCyfoS5pJoTNIfEGMf1qKQxiO5YU
sub_1174,Xh60cQvKbDrqtBGVd8w99ZGaHI-9LOZnuYADjpDVlaA
sub_1175,XhdYYyUbTJ6rCqfosof2q-xfn99gTX2LjiYqYPTsc2Y
sub_1176,Xiq7H0tR2jKOsenxgZ_sTgGAzQ67--ylXN1BuU5WMdM
sub_1177,Xl9uwh-makzoHjeCE5tBxDx0-XX1fuByLwBP3KZPjGs
sub_1178,Xn7NtaFEYyZdpRrtXOZi1OYAbNai8SzVNBNh-T6E08M
sub_1179,XogI1DmnfMrkWivE4-SbeIxbPeTbm5XhnCaR45EwPWA
sub_1180,Xpl_TrpKfelndMt69vi8OE1UHBWiE8uzV6Y8IJPuUs0
sub_1181,Xs1k95LUvS_o-PlyPIppzxN6t_qt3oPuTjBvwInL9hA
sub_1182,XuM3SKR54GXLjDZVb4yyD5GBVte57nBqWiDbcZS2798
sub_1183,Xvtc1yn6vhpXIvF6FClUiuuE0lTTIgw6qR807od8xgo
sub_1184,XxCUXp4Q15kjEVTx1Zauuc1bmw9VLShiAj0sif75dIk
sub_1185,XyC-42yzJtW5_oFycRwQAdJjJnXQZQdSdSqcwyv6NCA
sub_1186,XzIIbdAvug_HTiA25PW5MFyFyt7QzCVA5lNnmZN6BIU
sub_1187,Y-AXGeJT2vKhNAbxii5kPW-HYR5ETEUi-8ER8qr8u8U
sub_1188,Y06QSv4VqI5OVtqO18kqviSdmguh1MNiJvt7aCnSkNA
sub_1189,Y9QaPA3yA5D9aXJrkhkQhG_ho7pRkx8VTd8FNYNPTfo
sub_1190,YA0piHl32MSDrXwwYSzw0xZkgZhEQ-dT0fbo7jC59FU
sub_1191,YCYZfuKdUfWrvD0Wa_bpzqRO2pV06RuSS-4SSZOavSY
sub_1192,YFiBSxT698Q22i9C09EjlFp3LZMxGLDdGWP5Hb_2E2s
sub_1193,YGcZ3h3vEPJuVKDUTJ5H3JOD0o7baVKmYJC6y1TpMto
sub_1194,YK5kKZSFwbHezYTwzNsNiQG56io_IhgEHbS2KAlDE6k
sub_1195,YLD1EXD6oxZqpDO1ANkUnEjZKFGKXusbpe7E_AZEZDE
sub_1196,YNI8EEAK2R7YYv0plROGkwwCB3MasGFzshlOxqXdv0Q
sub_1197,YNozXLwjPy9Sdb5-zMK9U5XVCoQWjPM-HJT-pJAVCjM
sub_1198,YPnEHWxacMD5_r53OqT0dhhIxX5EtqxwWA2t5NNIQFI
sub_1199,YPz4NM-Qc1eTi_-HSz5bGAq0Fz1uc-s6OPD3FuQ1Osg
sub_1200,YQxrhrxpKSH8xTQqkGhjwmNJa1alqHlCTHJXHAJ5mS0
sub_1201,YS5aGZA0BXTamVHrllyaxu1KEQY8N3OSp5T7T4SMRvA
sub_1202,YSj1PU4BApztzlYwlSH_C6pUGl1ZqLjjbvu8rUJpp-8
sub_1203,YUkWClmyzjpdyT2OoHUfL6OAWqCImFUUrQfyN4YUNJ8
sub_1204,Y_xxkYPv18Sja73N2MQ0jDOxFRHMiZsTrIZ6t5xuiec
sub_1205,YcxwHCr2YlJ9tIzVXoGqQiwAelfG9ffDLwbxkcNxA0c
sub_1206,YdgaL6W4QcBWv68YQvn23Gf_BRFXHfgIhuabwIVr6fE
sub_1207,YfDcP1ZRHwE52-DyoUNJZ_xr4BI0sgaEwoKRa9PRbH0
sub_1208,Yg6_L_MC6dMGToXCswTysntAHvOmLR-s5n-xW6m_6AY
sub_1209,Ygv8bachxIhg_xghC8vaHDGzMJJoVjbR7WylgU_yclo
sub_1210,Yh-qLSNf_zUb88HuGuaWR7XwkpX-en5HAzgxqPoC2TM
sub_1211,Yh22y8IODiEOzkqcbn5wAXce0UTSvGGd6Tm2WuSkGwA
sub_1212,Yl8U2SSkkWDw2ewoGQLfj0P-Y_wwwe28W6ltWa6OE5k
sub_1213,YmnKabDNETBQrZXEQj_XU089YldxO-iwR9fNSCDU9Ig
sub_1214,Yra2feUI-2uuD76XffsCRnFuMlr7G8G0Dt1P0GlZNUo
sub_1215,YuapuxxpDZqKov-vAinXdgH-uPBI6nXC76DZ8gBfVmo
sub_1216,YvYK1i7nQjZwJgogdWxaua_UVKjXRw5cEpR12I3i3XQ
sub_1217,YwW6NRscPkhUEJcdRaXcc4IPtxUnWRvbayE_BzLpBZc
sub_1218,YyjnHZS606s2dZorhsH75c7VXJCLRZj-cB-4GLn9X90
sub_1219,YyufckRxZ8zPpf4cXMTEiB6hKuQTMli4KLLm-HIIa_s
sub_1220,YzN7_E2tbgGxlrCU1ZDHJw9ylm4CpIRPmr2cyPHkl6o
sub_1221,Z-8Kf8plKOeLHunn8BXCu8LVt1aS7oh04rmWR9-TimM
sub_1222,Z-AaC65JmtFlUW8a_nGt5PiDBr-Z0WziwmuQMp0W03k
sub_1223,Z-g2MFyi63K-yqzGH-3_zgDuR0ceW84OSOoGZWbYSD4
sub_1224,Z06eP0fGE6r4C4mNVvfMny0ZwN8WwHX5W10iRv6cmU8
sub_1225,Z40UWDKpGeBI1I6HZD_VwgBMKwHxMIVn7tBiOghsZ6E
sub_1226,Z44aeANozeUEr6RnkOhnfuz4xUWmXEKVzbMiR-_ojW4
sub_1227,Z5ntNTIvmbC8CIfxJ0hC-k3JY-9mizxwmaUDuf9givM
sub_1228,Z7FpMcPLaDwI4f9GtEyWYCCWgCHJ6aaN1OFzWMlTa6k
sub_1229,Z7fkTe67cfrHsJ3PSoVuhD-K3EcFO6HATvSnOK-kbPg
sub_1230,ZBQJg_JdaSMt2lMru1d1MZNNA1waMUIEbPppFScmQlQ
sub_1231,ZBxQIUTRT9IZJ2O5m306CNiiM4hbKU3YtdHVfzOyfko
sub_1232,ZCo4kyD0JMVyA-kFfcwHsmIxExT4ii6WM2DS2JYSlcA
sub_1233,ZDJfjgwr6IbHhwMp9M7N-RtFhGdAn3_wcp46mWWuao8
sub_1234,ZDMsZj0pYkVmeSNPYeL7HvTEVgo1YmJpUhH6mNDjIOk
sub_1235,ZDukDpUhq-XJdgUN_E8gup7rIeIgAAC3fCidsBGSTi8
sub_1236,ZG-ukcsU--7WfpbWk9E54gMvxvEt0zSUy_EQB3Lsivk
sub_1237,ZMzqnKx9IEB7ltrIt44-76BTn0aauxEmHijcPu4l3Ws
sub_1238,ZNGNCePYeJ8WkZFu-d5LHrMkuzGvEKDkF2--LrkNSLY
sub_1239,ZNNtbFL7l2Nxk23nni_CIa9_I9rdkqxjtOCoGKRkQ9o
sub_1240,ZPUhU1XBSYsCKMFjDPcIyP30HQG9zO6zU9OMp4peN_I
sub_1241,ZSmcI_WiuLj6K1aLNTy0YGyMx64G1CtARXwhwYwVhNg
sub_1242,ZU6-LyN0O-VeCvbPNyuqqO-FrAolF1beJ0mq5F-Xzq0
sub_1243,Z_xb49kf5Jbvtr-nRI05H6-6bRk7LeY3ooxRwUkcmTc
sub_1244,Za2gVY9IO7cSatR1s6MlJT2Ym9kjgf5dx5QQ3dqOMjA
sub_1245,Za9rREo_EA88y7nYcGcRqxlKo8Xpkiie0Raizdbntk0
sub_1246,ZbNyhEtasd8OZKHhyFQOwXZGPEo3glRq_b3xc1asgkQ
sub_1247,ZcCzgdDKMPR4oPr0c5GUXYe6fnzYwdUuEMNpbY5dMzc
sub_1248,Zd4gM5Soy9BQMXPyqeH-bbSV_Tl-RAfVSEui_pDGfeU
sub_1249,ZfLObk9jzT5gMkUV1M-Y0HFBX54iXkwgIj25CYL_B20
sub_1250,ZfXnpj9JymrEXySC2mXmPwiAf6u_Vlmu260kJ2iI5Bc
sub_1251,Zgf8WSdMEq24B-CHM6QcJBTrlgGymtFYzrrU1UrzS70
sub_1252,ZhiRUMDjqw1Ngth9OVvEs3Ww5a0DePs8Red70zbdt8s
sub_1253,ZhsVRzpaQ-Y5NcohSeh2fzSisfrk4RquaSLNy3FZxXw
sub_1254,ZiMMtSacpQgQIoioAnwWWaVRYuiFo1DJmxIHJNzHTow
sub_1255,ZpLFQK0XSU0y1zHRXiAKTadYQIaGhB3EjKLv_ByyZ8A
sub_1256,ZpkaybknCIvVhfD4OrVcF4hiLxjFcZSPAmNB4-ZmTUM
sub_1257,ZqIJuZiK5-yL-8aGZHGYuNdHWlmhtbRwfLP8B2nzoO4
sub_1258,ZrQbO5vCwItzIUPEaYJqmF4u5hKFJQpsMU3w2d4l0og
sub_1259,ZvtEAX6rEG_fc23M2kuC0pz8ogojlBROm732DrxiUr8
sub_1260,ZyowiYX8L8XtW0IlnXk11FS3O5ykejtE_AE1Jbn04Vo
sub_1261,_-FcJa_1NhwN2S8RaulW3yaAaBnkDM3lK1rkoiSILT8
sub_1262,_8Xwb8m26YfSLXyT3W3ktgvdeUz2ecTolNqd6uZhCQ0
sub_1263,_9EvlptkqVJhx5r12_olf87n_ct3CrwwDE-g55remZ4
sub_1264,_CwZV7JjweL1bNgowFMabyvvg2zUkljylkh4qYgiQoY
sub_1265,_D1IcG_Q2aE8GS8r6GYMR0DrEwVw4Cz3pyJ00B0maDQ
sub_1266,_FfeVbuKdnPu_iK2drIo6jQFc3BRA1yPCiK0-V51NaI
sub_1267,_GgXggxtTZHMJaQ-QMqtKjHj-yhCTKV9t7B932Dp4Z8
sub_1268,_HX6htU4qfGZb8nNmz4VckuRaH9YVs9bq5JFo89yV2k
sub_1269,_JWBlHYULQvH3q9J0uZpg3AXHUE3AlJSS70jLgBmTw0
sub_1270,_K5muTPRIwizO66b3dVSwsue_HMFWKRbct0hGMlBfHU
sub_1271,_LTk-GvAMkoOAvMETPr_kc7Yn_IwlKCobBCXFW3NxSo
sub_1272,_NDKDZ_FUItQgPACP7sR3Ber_IfOhrcmJUINABjwdkk
sub_1273,_NoqTGuJDuoQWkCe0yvPsiv9VH2Msb5-h4qJGaAHMwA
sub_1274,_O3eWXWBEcfW9uCXMVYkA8quiRcRrSxyU8W8UYsGHqk
sub_1275,_ToIEVbMdssywyK_y8n5Cx3IR8U2zzLK93pBjdJ7Y-8
sub_1276,_UYFK5WvPa-P2sVlG6NW-1Y2qvu3qWvmiJerfsvEcuQ
sub_1277,_VHnxraWanoiApLH0NaIPJqgEKK1kWVxv3nfm8_JNU8
sub_1278,_VOMJJoBpojhwpaLYWGDP6-nJ7byGx6ESNSn1vh_Xyk
sub_1279,_XX21X3rkVOkh-zaEoXpAOzIe48jehTSbz-sUGxhLXU
sub_1280,_Z-4wflkRVuwwIJFfD90T2-ueF0s7HxvY-MdQ_0pFPU
sub_1281,_ZamEJ24dG8_hV3sdbt6iqrWwvT8aUB0zCjq0h6_X-E
sub_1282,_ZbrvhysbFi2QhwTKJwqtb3t3zwDDiMYC01HicsFUWU
sub_1283,_Zl7SW6NXxa8ZF6BALiIQsWPGrAHlI7HP-jlNJJgMDs
sub_1284,___N-yQ2K98VMoiVyAIsDEB-mM-r-eIaMuX0ihKxeyo
sub_1285,_dZv9Lx4QQaErGPVW8IDcAvXFt3o_LYh6fooPl_Gznw
sub_1286,_enn4x5S7iiW8K-ZLHmdBZMHBA2gPAu9l2BYrsrMFws
sub_1287,_h3NxZ4o4i7TmT1GAu3-DlhEa6rVb2VQa_sOWklmwgg
sub_1288,_inbvNfmzAhTXq7VF6CCfnykaeMIB2VlJjOmLKr7TzY
sub_1289,_iqxviX6D8gDSp91KWoSY5DHCpwWwehBckOngn0-M-k
sub_1290,_o3GopuYnrAIwiRGyiLGWHVzEc4E45tSp0AxxXA0n-g
sub_1291,_pb1fpnX8GCmFRnJt71zDr_dzaclZgjSf-HX3-JZ3WM
sub_1292,_qSFk0Ytyn4HHumEZa7orwCzyckqE4t0LYeGipPzHGQ
sub_1293,_qSLVGmt40QMbyc2-29BlaFANus9R6YhfQj7oZuMJo4
sub_1294,_r5m-6Cs1ruZ6VecGYZlSbNSMDLCVT3wYpjoXQ46NQQ
sub_1295,_sM9FNqAgLypOnlQNwAy6z441MNab7HyGq14jMpDabc
sub_1296,_u7Z0BwCME_s7MeKU31grc_GKZakyHju8ixEzhKNvDE
sub_1297,_x-J8YMlFxdNhTxS7CgWEVrwalRrh9fpCt0D-_22pq4
sub_1298,a-H1OgNxOqXwXvD_Jg-JNYDUgS-PMNt5pngm9qcmivg
sub_1299,a-HTa9SAriNkAGXwse-2uoHH41eWrPaygLHxsSLhZRw
sub_1300,a27zN_rxs9_WUzl4TsrXOg6W3ztO8D7OlEVSLVa9Or0
sub_1301,a6C0JXb3FwINuo4m9L-eq9Nql4ky28br0h7l3MZd12s
sub_1302,a8AaG8a_59K81mG6htxwIf-f84E4WlpalCZ7YEJTDbI
sub_1303,aDIGoV4dmZ8dlSTK8l6BYJQxuysdXbYGDq00PApk7xY
sub_1304,aGPoP5addhEekZoCrreB0QhnZHUI2dhvKWwRvgrG38w
sub_1305,aG_54Gu9ePArDNEocde5SJNO6j6uCeQkV7knx7MdUrk
sub_1306,aJzcJm15vAVWTYJqf9xuaqZRu-31GQoQ25Q6Zt4Ms8A
sub_1307,aKB0RnP0mTI3AsASzVPKhsZqvkJrAFVqcTwXTCCWojU
sub_1308,aKCbIlgkgwR0Tv0hD5Y3Reox0bJEgCiqJMVSaIrRKRQ
sub_1309,aKKwnxgz6__q6Gsnu5h10ZMvUieiKrZxPbNZI2Cqlvs
sub_1310,aLu6gFXmE9MOBg_BCBJk3IrcDewI4c1P2Nzs5jCcxHk
sub_1311,aOP-obSvqI8vPM2V-KklKO9GJyyF8Cp8QLA1u9qXe9U
sub_1312,aPk9GVQJl8LQpsO32x2Ge7h-yysVmZYxKhRcDy0eT_s
sub_1313,aQi5H1JMXIQnBkyvEMYEDMKBcnEDIG87oSli0BVn0XQ
sub_1314,aUXNEjfJ4oGoLEHnbX48nwPpMortiu4TuutuZZ3jm4M
sub_1315,aZWLWFUx4uySFGQJReSn05sW29GSinEAuFl5IoqieDo
sub_1316,a_a3ejfYizcRKWqDSs54iUVtKnYhGq2gywiOGeCSr8A
sub_1317,ab7bRafyY04i5PWb5TQgQVwYse8vy_gLByZw3b5_FYk
sub_1318,ahM-DNugLEwCHl26HWvwVtvrNnBKnV_YqWeKXVgOVpo
sub_1319,ahT7MEennmiPiDIj0sLEf1_dsYkz2sNdiHVxaYAClRM
sub_1320,ahbimrk50aFcgnJMEcMICxXsz1m2pNVIgrFLyMKhBiA
sub_1321,akyAS_GhX2cXENx2vaAIO6YpIbz0uleQzFh63PFBN58
sub_1322,alqJXcX3mknvjkZRqUwW2rl3GtU0acNIHRLdJ5HpROg
sub_1323,alvViEXcpt6DTJMCIgxAwfPXlieyPGTGoJs62yCtXlc
sub_1324,amEDnKtN0mlVtFnGUdW68D52yrYHkxLH_-SZ1ALS-sk
sub_1325,ar1ZBYi08jgVt4YXjcmSLIyjF8WrnbPa6z4ANSX5KAg
sub_1326,asvnnWHmuQD7uWcz24d8iuATkuH7HrdUgv9un6xmb8M
sub_1327,atGuTnEF7KvrxEVHkLzFTY7gdAZ36gghFPcJHudLqXI
sub_1328,atmWbiB7j1MyuIJnlsoDwdzSuv_0eqKCnLECAKK3vcg
sub_1329,avnvzZqP3rqGl9DaZIZwQYzRVryZMGrNRvQkmsxyjTw
sub_1330,azlJZ02N1pu_ft2SXlHSyrLOu3BXofPu2BsKi-6HRe8
sub_1331,b16ug50trBiVBhO5sDcOlQMEDAwPtoRsOHhEljfHcg4
sub_1332,b5Z7tIgVJTK8Y9EE5EN6InOm2QkZ8qa3kiIb2B1DvDk
sub_1333,b8QMVZASbEi0rhVc6keOvzhxxr-kWjjm6k2WH7f9jVI
sub_1334,bEEVIiPPqqwP38kdKJrb5pnbM5L3-1-Q4K0D5R-Xp10
sub_1335,bIYd-jCYfbKxkqHlHXNsuCyscyetcLfFIq6bm1hcJrU
sub_1336,bKG2xwP1AuFbvdV60lDpmzX4eLm3aqfkBXsNxXa5pvY
sub_1337,bKYofWY1P4a3avGH_z1BsSWftlVHu9rhanSrNZ4w_lE
sub_1338,bMHM7SdGME-vAeg4QMc9bvY3jgg3t360D0VHzjHE3jI
sub_1339,bPt8_7wDTzCAdQrWWxgdyMntD60mmdc0K5qKNu8RR7o
sub_1340,bR3I1yOGXZCEzApk8vSz1Aa2WcJKCj578kyuYRIw79c
sub_1341,bTO9-q8-ZZ32ReA59kcI8FjaZ3tN5I8dQqG8oPjuvZE
sub_1342,bXNDG5yJPPqTKSoMPxTrhFaT_slKtuG76Sdd4dNxySg
sub_1343,bYlXPEY7IZJStZHWG77crdDUu2cB9JoZg7PtUrIYBHo
sub_1344,b_F1041yxqa7dNVpLoTnMQECDX6dKk3eewENECpi4Pg
sub_1345,baIjIMo2nxUwvkkIMLjkKabTsXMforHuPWVGupIQu9g
sub_1346,be8CgGUva4wFWAGzIJyfHXyYyZxcVMUK9IXmJ90JEug
sub_1347,bePP8GwB1nKVlVvjZvSDz-7IT8NHanHkLYuCqETpods
sub_1348,bex37IMbrhQV1IpuDKpSyH_R2vyC2D2q97YN3GIr7Ow
sub_1349,bj-RhGWY5BnTcaxjvNYJlI6BlEvTlAdZs91pmyQSn4I
sub_1350,bkb-fupdaF5Pw5XyQD3odpG7PbWBbt70t3J6CuYSiVk
sub_1351,blo8SH72yux-Yb9SmnP4WcN_94yo9OwgUZLxhb6lyOg
sub_1352,bnNv7T2_7hux7IqxXjaSdDR8jubko2wVev2GAwrRKUk
sub_1353,bpyWGHqAZ_F8jjeg0pH3UeLMZ0Hp2Afwy9pnuLsQiN0
sub_1354,bt83HhrkEtECc5zsfh3QLofyfGKlq3pMdRJAASFAkP4
sub_1355,btEn7I6xi14utKM_CN9CqdnrCP-4yq6egUsBHfS3WdI
sub_1356,bv5BM24TYdQTIAiXow05WgedRo2huSkBOGlxlVIt2rc
sub_1357,bxaHd4R8VtYmihv1nY_tH_aBpzVjqNQydX1k9M6y_lQ
sub_1358,by41W0nzxt4Gf5nAI9Z0Tn6nAkLxmqj1XMQ8thKuxHU
sub_1359,bzAAtfEYTvcUwHDx_a0yjF5OQfTSli80mnRsIYujCns
sub_1360,c2B5JStYPEIlJ2AETYXBTXjztLgcpF1YZXsbwBJ1fuw
sub_1361,cB1LJQT8xAi1V-c-rFvxa8CRqUwaWEofqmVwNAQP3PU
sub_1362,cOGgTX0WHaayG9fR8O4uXOpyGT9RF7Zilq5MaqHP48w
sub_1363,cVytttxSLrJkJZfDS7mqNACCPRKwCk7a978wWualrew
sub_1364,cW9CuaPVbwpK3I1tAfdxvXBqVxfqOng7igmvP1zVy-M
sub_1365,cXSxzUabb0JDPlCDbrdV9_JCKvd0rSEG27KGN5i7G6s
sub_1366,c_1UDas9yf7FqgqP9DCFj-eLe7xzmCro_DUwx51MaD4
sub_1367,c_RN0nF9LW71ZYJQnSp8mUN88GQlyQ_zc3QrUUqerRM
sub_1368,cbi5o8uB6vm_EucKeEnWr7tLbEpxDuXkedWMJRE8bVs
sub_1369,cbjjtLZbo_7PsSANaVivPt4VzDbVPABwLMt0z0R0qhY
sub_1370,ccXAcqc28YYhNE3hRsOjttyRS5g7nHe4BqkS0IWwxyw
sub_1371,cegx8Fn3pezIoR4wbP37mAbFvOYTTx4kZrcNnq73cDM
sub_1372,ciLRduStcoRnAQ-__Qs6QLQWSGY8dxjjK1d0PyYwF-Q
sub_1373,ciob9bPgUpBxkXNd5QvZSR_TBtrxFuvmhpKmAUTEs4M
sub_1374,cnkorkfNKDJlkeRFQnrTlNRnjAGO07WOzS-IsHQFOnU
sub_1375,co0d6u57HACMwsmPG-Ijr-xDUrvpBRkEl3L_bIDrWHg
sub_1376,cpKOli1Bfoz9jqNHdyc5ByeeJs_Dweb6JvtOS7FqQok
sub_1377,cpO6yRB1L2n-PLWT8a8Dlx1fTqWZw-KVtRFn1lkoYHk
sub_1378,cqGsjHQXbJ1x_kF1tBkpOIAet5Re-zBmMsy4uLVhAHo
sub_1379,croSqECZMhZcVQsRyX4yRDtyImfD-P7uDuvbaNo08hE
sub_1380,csaAIT3E5P3uy8GXAdLV3OsjNls_Y-_K2rYyutGUcFg
sub_1381,cts6sjxMJvpX1LXTK5l0orU4IVjqzFjaYIeAchvtqn0
sub_1382,cwqYfrGaQlGVOCmAywhQpB1MSITNma9hzvJGq6g6deM
sub_1383,cx7H9JmRginjnpfFsEmrbkaeORyIyI6HnIfHMHDqKKY
sub_1384,d-D6hRvXeP68ivQLxyl4KmYSzEyzUS5qcqsxrfwl_4M
sub_1385,d1WLDI3NCUrqzgXr5gPLsIQAsnllGwuegVQZHJENrTA
sub_1386,d2xqnAOrGaPfe9I4-9-7pWpEua2KD7e84_fzJ30lB4E
sub_1387,d8IIxfYkAh0K6SNriZdI0YWz_6NhefE3nzvLfIMQqaQ
sub_1388,d8kAWxZMRdnHRXcIU8akC0q2BCpzHElm3KyDjAgV_3c
sub_1389,d8ssqeq9ARBrTL-SwXkbI3vDGH_FheA5lAGX8cxbOU4
sub_1390,dARixgPkbGTv_EP1s8nlBQMlBOoIDsqD_9ry93ScTWU
sub_1391,dH_zwnKxaYTy0WnxdzsTP7jzIsP7tpPewqI8hBghTsA
sub_1392,dJc_fihQr7TwgSFRKd-oLUEwjjCbkgWwNxRFTqqWw3M
sub_1393,dJqIe2osBu3bKEUIljV6-vq3Zw5ocjAaaCAqumhc1QU
sub_1394,dMIvH0SpSWeC6Zacl8XcYik4jZEgiv3RjUs-b1f6i3s
sub_1395,dMMJpDQu0tntRZkNqPITTKJ6p8grMut0NyX0vF4pzw8
sub_1396,dPRinhZqztN_Hf264QHnP_0Wg121yQ90oKTvePLyM8o
sub_1397,dYwFFnHu3CgATW4fXv--p6MO_X6EVYkslaxCBEaJfUI
sub_1398,dbt18VXZsn32dZboXFWZcnvkrxQT_J1t_swsv7rIUww
sub_1399,dcIPWB3L2cJm56L4j2ZV2B3eoHu1erjLcYjtxT9DcIE
sub_1400,dfAi3WWpAhDCTklcMbrId_SBtZBCRCiJz-E2GUW5kbU
sub_1401,dfL6a6t-yBs9tnc-sZs5Wmuq2lyNNzzf3PkHC2PDdUI
sub_1402,dkeGTec-id-KqQ6ZACRKErpnr5BkwGwe2KPKxnpIVn0
sub_1403,dmaVWureMDf6zGzvuffPz9SCsgwxBEXj17dfX6-ilJg
sub_1404,dx17OuwfKm5FocfCZ66tMZbAu9cwDFy4bgR-Pdkl6U0
sub_1405,dx4U9AbZLiHj6R0G_NVAZDWQyZYuhiR7AstECCFnlSs
sub_1406,e-0lza77JKC-xvdfzGUtaX732xERpAyfyWYVzpbQGdk
sub_1407,e6nsYuQGF3wxDTjS-XbnKQlX_A45JrZ_IYwO9lA0hZA
sub_1408,e7kJVrTl7RY1OlQBLCaoKeodTVpcv_hDbj0YT7b0vrw
sub_1409,e8lDA0HLFpkX9iGmxvFk-rGQdj-Hd2QK_C05x7Bff0E
sub_1410,eAc4UBuYWDs825J9RBHSvCUU8ZsVLfB_OzFepwasORw
sub_1411,eGqpwq4C8Q0UwSePXwyWeFMs3EPklDWH9OahJW7YafY
sub_1412,eK6B2j-oqVYLvrMxZs7P5QDCWM1XxRB30IfeNv_hlDI
sub_1413,eLjIgnMlJKfK6MIRaGa3HCfnXpM04E09QXkGiCxKJAg
sub_1414,eRj17yv-E6_O8A3DNw8_DiHgSG1QmP5ztJVJRGBrca4
sub_1415,eS_E3lqz755Y5RVVv3xILlAD9JMgrqLwWnDkGdehwrc
sub_1416,eUQaVsLyGr_zoE6EwWwpU6Ww9q5aO932Y5LxH0ViKQo
sub_1417,eaJoNIErQRATPzMdDYaFMDm48na6oTqp46Z2a_Ttfnk
sub_1418,ebP8gLwO1dYeohE2_RA3GKGiJLLPFp6M7Ly_YH2ndJc
sub_1419,ebzW4IRAtta9xnF_UqpCR6znOTmH6xo4Hp02dO2uo-c
sub_1420,ecK-7LRnTbmywHKx0VYAePVNJhTeZGmqWMXu__3SdnQ
sub_1421,ecUGjMFkvAwtcVwM1IeTNbM5pYu2xRc_lYlPYb0qAXA
sub_1422,eeu2YVfRnEjO9xiVJcnfdYoBq9PQnhywDYR6jE3iuWw
sub_1423,ei7kFGHHZpMP_8LU1tqqDxQxHmXgMeidPgIlpsON-JQ
sub_1424,ej3aqsW_KwyK-t33WvvoI5EJwiY5wE575Q270H7CMRs
sub_1425,enOqRteWy9sBYoAJJFatZC4hglVw_YtG_wRJ_lfJp18
sub_1426,eobh4GkSZqjIfsl2yotyzV-BA3p6VSbviGaSzeRTmZ4
sub_1427,eonoXwy9pT922SStHe7phTF9E1OmovMGwf4MRYSZ_gk
sub_1428,epRvNO5VxduN0Jq6Rmz08wIpJyFizXVYOM-7tFJTGOU
sub_1429,evbmLnGTgdGrLQwykEt7tJyebh5S3_QoLcXsMYyZ0cc
sub_1430,extNk1CQ8sO6YQ6w9Rj31axV4wJTI-n__UbDEtCsGdA
sub_1431,ezYciku_K4N8OZ9VlDPm8fli_c-tGTxARSIx-ee--yI
sub_1432,f-Kbe4rli-4P_CBF1ZG6rJ6QAHJ-Sx811nCShZKP28k
sub_1433,f1baT5QGLKGZMyiGgz7r96aLKSeyfC9kkDozNlGuNJY
sub_1434,f2UZJQyHw_NOKUw53m3X4NjIFZRCHcWTZ5MQZwdgCQ4
sub_1435,f62_eizzmbPnIL3GPy72UA4uhPHb4b8eMwfg3-BDTbQ
sub_1436,f6YHzuyvYmsyWW_ymqXmA_nbnCaSh8JxKKP72hyt1Aw
sub_1437,f9px04DYsdWpsWM-8X31bHjQKI1s7OU3IzYqUACuGrE
sub_1438,fFrDCPtjMVOQo6lhZX1j8YB4DI96KbJWvHj9Cfql690
sub_1439,fLk2rh4oSbNSv6Vr58BjFk_Qf21Bjlbg7V6-ayJiLAM
sub_1440,fLxvU_dTtBOzidz7xh99ICzTaz4wuNFk0oLjCZ8HedA
sub_1441,fNCOPEb3eRNLm061I1hzsThiLSHHdsN6CYo1mqmjxjI
sub_1442,fO2jnSR3u6zmkSHUY9WmMNpn0EAiZOuAGDwzKfoWQJI
sub_1443,fOCheDvo1LbFwYLyHekXDBh1b3ph4qo4v8rQKfe4kWQ
sub_1444,fP2vEUIYYHAiW-jnii4IznyuUyDDHIdgSqyKv3OZEW0
sub_1445,fP5sarrUu7-n8UtbrC-v1DK-c3H4Qpp9iDDoM1SxyTs
sub_1446,fThetEGzg5QWmpMHSnjGRYQXYXPH6UXYBpMxZd-0_Wc
sub_1447,fXAVRAvJxNQVKYTuT_YpnJiF36hIZF5FwwZWhhCjkd4
sub_1448,fXGd__IePZib86LwRbqUjSqYohYbZ0-AVQHIM-NVhI0
sub_1449,fXrC0KJ2PpFzE1H0FhCsgv10A-8lJGNewatmpT4y2p8
sub_1450,f_1_PpS5zJTfwdV7c_wdLRNRFeMVKc-ZYCKQzjRbFAc
sub_1451,ff2l0wVduQecDKJ93xnEw-4iZAPEvERfvny-h7kmCIQ
sub_1452,fhoVCLEfdAeNjmGgLycsAVQemJsS1YVm35I2w3Z_C0g
sub_1453,fkq68ww6bdyKT16FavI1x_G-u7YZ9SoT1GNMUTSJUek
sub_1454,flOHDS_DHCemPHEzby_5QJYwe8nU3q3p6fF68BOUyR4
sub_1455,fn8p7rW-oWRAM_Vaa4_QI5LosHcB8iBuH4NCL6sa-xE
sub_1456,fnpNSXIAebizUnAre0llggSxShXClKsiboSZ2QbELNY
sub_1457,foAXsyM76uW2KP7tYzPGq3CpbaAb0YYl-0ByjoGVKrA
sub_1458,fvqectXDzHYCNvs7Qe0MbuYcppwMaAzkcNTbJlrVHDk
sub_1459,fzWAV3k0x3JqWMieJthp9mwOPXafwkry2mpHJZ6pk70
sub_1460,g3YGKQa6zFM7cQzJbnBwcGIr4nG2UTYLwW6KRj6fIYo
sub_1461,g6Hmr85PdUW_mFEj4Z6MvlTH6rz548RNd8KDtX7k0hY
sub_1462,g9j8ZQyw5DBZuJAB5unfmqJDFczHNCsOvSMI1LdWaOU
sub_1463,gA27ObOs0JZs_558iL3nBrqSuHe5mMMa9QYPsw9bjjs
sub_1464,gAFJ_eBlTPO1L3oJ8cwt6BjuTI2yYCbLZmDvT5wn9LE
sub_1465,gB-Pgucmml-LBU6kRRKUxrgaAFk2wWj2sgnJyRl8QZg
sub_1466,gFbNzyPb2KlCUleWkbVt6EJPfHih0db8IM98FlbN3VU
sub_1467,gFblhzof-gC7PAXXnQ-foacnYnSX9YdOYVOS3h2Anwo
sub_1468,gLRWSeb6dMtb4PyJ2oOWeJbCMR0rjm29vXEr3NLba1U
sub_1469,gUk_2kICkEADy9i8itZo5qQ5UaACL4vcexkA8s-cnzM
sub_1470,gVaFww_QRFR61Dd3IjpZzlsqmmNHOuwACc1wztI9ixI
sub_1471,gW8ZU5f2ddM1YXRNfiBgrdKaao8aZCnOxMnILg1AvFU
sub_1472,gYUig33g91bGHlDv7hMbbsZaExw64mAP4JziIM_kX2Y
sub_1473,gaGMzDO-n92VMbVCqFxhJgMd59Jm5zyMLFbhKhT_3G0
sub_1474,gawPz65AmfNlonEDdqvmqqVgcnaJ9lGZ9t9PLMSYX8A
sub_1475,gb9KcVIn3anG3dT6UNCP1gdxfN-qcS2Rr0i5Ii6chW8
sub_1476,gbKNI-wfsvgJR32_PRt5qTLSQhZQyNixqRLFGSrsfc4
sub_1477,goHc9Rc3JYmvKwlVvNOj_rReVQAEb6augswlammHYfY
sub_1478,gq5TL3FqUYvo3zmUkYEPcq1MDM1zyKyP6AvpkDkN5-c
sub_1479,gqRxIgVyMryllBt0Bt3VPL5xjK_HM0aHda70g05Y2y4
sub_1480,gr1bdyPSd39J9DjfhT4jKHtLR5r4BEmLALNMf0_Kic4
sub_1481,groYznJWvyAz-DVhjBx0e_GsqOjzWjWwfQLkrVaAbjI
sub_1482,gsZ4AD4rXODGlXubweBxMZnk8Q1CpnZKTbRsuG2tPQA
sub_1483,guxJ1sm0teV6wejF0hpQD_A5jpAbaNhxWHfUn3_caic
sub_1484,gvFN9-oZ1kTVAlIyBYj0VsEMgoW6NojEmFUY1cB83lQ
sub_1485,gvTI9Qv-vBw1YWxXKa8cCivktkaSfS5Si30Hbm2hc8I
sub_1486,gxdL3v4FMMviG6lBMBdruqmXxZpzpKt1y_ztwGGGfhQ
sub_1487,gxiflT_j768yMiHgM2ekhrYdsUIwEqBzY3o-otW5yNI
sub_1488,gz_EHhI5Chmv0cZhqr2LV4h7hWIFSBFVml9Nbd58qxM
sub_1489,h2KiedXPLm4R8tqzxd3t9Q8GE77z1QMHtQCQGObkMzs
sub_1490,h5qYr_SxRQirhf-7Oqw30zv1y95gIFcFe-nh0I4vCdU
sub_1491,h6dLO_4PhgepvgtNkD46WhnTIxOsTrxyASLvODgcGk0
sub_1492,h9CrV4Bja5J7GcDHh1nhtwlNL-G2dstWVh1H9MVcwMo
sub_1493,h9Iv8yUNjdiBTby36_NmjHc9e1y_bo2R34lgZW7EVOw
sub_1494,hAjtL0vRWlY3-AgvjiphhV__7HHDECKI5J7E35ypAPc
sub_1495,hBi52O-rU6sLf4l6F44AS7sOOiCsbTcnQG8s2iUGJT4
sub_1496,hE7KFBMgARfu6_0zBBt6QDRaF1pKI0Gp4kzm2RGlICI
sub_1497,hGgSaHyBt7a7xEgYBWqhBjRr7XOtPmII-whSqQMTzxE
sub_1498,hHL5Lxcqd34jCxO2g45S16J3J9dqVWxJmM5B0HEmULE
sub_1499,hT25vKHsmc84oqfyJtFsrtgKxEg0TuJTiaOOu6-mtGw
sub_1500,hT5OLBkxFGOwz0k5698gB1lUhTpIkc_vHyBA8Ca1iZY
sub_1501,hW2nKkigYEBoUOo14i3BHifQZLX6rw35VSPoWZxPNN4
sub_1502,hcr41wOhrcxY1NAgTiJ_50lotLfEnhCxj0h8iMEjJlo
sub_1503,he2J46C3Yu3aEUjwSZiGDffpiIUYTjC2eiFlZld3Dzg
sub_1504,heu0Y7S4gPbcK1MOY4nTN5hnH7u7Y8YQ3_-A1_QwPtg
sub_1505,hi6qlhy777TGbwo57JVAK1IwxCpuku2Ks7x4qbVzvUM
sub_1506,hiJRhc9sOlslmIb-Rp3XAguhcRYFpTGuTvMD6JvjDaI
sub_1507,hiLbPtVcyMMB3zUdzjdhu-M78PXMUByh506hkZpqzgY
sub_1508,hjX3l7ri3GYLUjX_BG6mAdOGDvG6fEUEKHDOeqbPUZI
sub_1509,hlYBLwY-wUvLCWi6fGccF18xQgfPH6O55mBqbjlNjL0
sub_1510,hlmzuLA4xyQUXDr-oK3IABc-jhnEPobq0j_8qazKNNI
sub_1511,hmYxW39dKkjA6Un1wW5rzTdlT-pfUWyHwnAzQuDRZ5o
sub_1512,hp_iPWTohmd-ODH0MNibX9tib22G-FJ4OdnSHJqhPio
sub_1513,hsBaJx117F-ZlugN6j5r1xKiwRRVFk4hvIgx1MxylpE
sub_1514,hybbM8CSpwClt-tvvDJrHNq3KB1fPpkISYRyqHnHny0
sub_1515,i1m42dBATWv5brrfK1nzbEo4BlF7jkYn1vIrHFfE78U
sub_1516,i3SvfU4QENc_5cPFWOb7r5iNEumdNOYuj28e-Qw4J54
sub_1517,i45bbTSs4418BrHmSgp2-1cYp3Yj9BI6em6C9m4yCsQ
sub_1518,i4DL4-DHZELmYD09WqN366geaJQCOSt1TeXKhCGeoH0
sub_1519,i5alF92czhmefg8Huuwf-PVqyc2K0YNqgyQNP4sKMPs
sub_1520,iAId7twJViYUsBFd2uVqfBelqyHlDID2sG1XfGguFHw
sub_1521,iFpd5co3UXPjUAe6mbPsoFh9aAhq2rYS3p58myDMEPQ
sub_1522,iGQZ89E77m1umT-jDsz6zAS5T6qSB8b8acq6YsHFfeg
sub_1523,iSY6QWcZ0CbHmm_7nqSi1q3KcF0uW2PlHGiD4LQcJY0
sub_1524,iU2sVInCtVunrailm4rEZk2Dsnrij1z_DGfKVvjgNUs
sub_1525,iVZJ9LLOQ63cM0IDdxu91zkaTJ0XhUPfIvP6pWpttcA
sub_1526,iZp1TSwjH76ryDe4NzXD3zZYZ_KDqkTP6MRqBLslvrI
sub_1527,ic_H1vAwhyhu8jurY__s2TgnwYZSHE810g3qbgJEglI
sub_1528,icoAL0V4eLYR2ZXjKFajM7zpX2c2NoyM-ZOkRzXkJUs
sub_1529,if8bNB7-hVwhguP4rJr4q3frJ--di4y6zogDzHXRY3k
sub_1530,igR2UxyMOcZV8E2hxoVHsrJDwGEv4mOPcIYYL8kgCA0
sub_1531,iiW5QiSF0xKXDec2Xb2K9oFXLrQz70LWXUs0LezwEFY
sub_1532,ilRKRNq8J_jHdPlMvzPJfgEy6-hTFLYdE4p42w1BsWs
sub_1533,imr_d2YgYcSBs3v8LjlBHqG0HS9ACezVaKNvEk9esgI
sub_1534,imuiUv8YPQ3dlNu6BmbAghuxOMm1hG-rabvRQfDMkPM
sub_1535,inY_mR33JNY4yJzJZ5xwZfjlkUYiS9ZzFQ7VKbxGuA4
sub_1536,iqh-P4vqGKCTAkySq9mt7oqpEujpSiENp6W7piq4iNg
sub_1537,ir2bDyTnv-Kqq31VJM8H81onNCX-ZLfcRSJLOTHTHvI
sub_1538,irp9xnYo9ZcKWpPaJUa56QEJ16_8WXAyFIWaB99KIqU
sub_1539,ixUxwoOqsP_X2vyVERFWgsytvW-LnVNKzsGH0qyqMIs
sub_1540,j1H6kmxPR1dumtto_waJe5rCygfk9sNE5DkzIuzL4DQ
sub_1541,j3scOr7Agpc6mqX7390w1Nn1DSd35AU-mcbecE0rfZU
sub_1542,j5ZQTc3egpjSyxfrcbPk7BrH4xBHq_obmQYR6URiBWU
sub_1543,jBEj27AHI5lyQmg5G-Ecna-VHLx6BnjoQJihBJIcpes
sub_1544,jEmr6JUw2BDqbGO2XSMF9iFQhX8Zi5cX2_uTMlPm2Ec
sub_1545,jG6426g_B-mAyUsLoyWqhgF7OOBGPUSjYZg4NXjuYlg
sub_1546,jHEARYzMUa9wBdlLcqTJsR05fs8ZnjljE8uwldMt1UU
sub_1547,jHGOnglb7tVQ1lpD405w8reX2c_i8g927RPa5t3dJgA
sub_1548,jJM8rOFZBqQ57LzAPoGBkwlEINFWlCZWQhpY0sMPWlg
sub_1549,jRVVmniEjFboTrGpJxCsUEV58h5yev-85b1Oag7Kgds
sub_1550,jRhOpBiBukCpY54id_vApU4ug-v6ejmZ221XvaO5DBc
sub_1551,jXtJLdJuADKSOOMl8VfKZonbn0KyS1gGcBcUdaURUKM
sub_1552,jZSnwhgdKrST_LKPrB_mkjQ15fZqihhPOuMmXtQPGlM
sub_1553,jZ_TZuGXQhSV1FrFbgIjHBb-F2ze5pZQTjaO46_PZDI
sub_1554,jco-xL-ojiou3JkQazEJeWXXRpdKr6vTUzyqMsHdXVc
sub_1555,jdhg9PKmWBxkNy650MTXu772t02kM12qnAqhuVe8vKc
sub_1556,jdzOAe8rM_L8GfeiqwYr9xgWfIuoC7G6TmENCBf1xvU
sub_1557,jfI-wKSa1Vzx_qrubhAmxjuohcN_Jm7qnmOgg8Bfz5Y
sub_1558,jgZVDpdG6tLTkZXoAq80mPzizScTJEG7n1vuu76jn9o
sub_1559,jj-ymAlKRw4gwssTUjghlxgUc4OSZPQuaAgrGKJGcQA
sub_1560,jnqncBOcs5waiY4OSoenSOGEQFHVoxdQNVbP4Hu1d3g
sub_1561,jpgaGazUIlQUQgPVb9GkoI4MehoxzzBuqz8lg4qIKjs
sub_1562,jrtkeqXLR65d5x4mh91pYX5oauB0Kp0BMjZwE6nwSWA
sub_1563,k1ak5kJA8W_T3qmJJva8VQBsV4oCHmWFj_uaxq9zE9I
sub_1564,k1hi20BJAqls5jIB-NeHd2OqMOb27kUQyoZbB18qx80
sub_1565,k5LWbctDJYS1eaO_DTHL0-AZhtik4Xcs13GYVAXpj5s
sub_1566,k6mUYQ--EsUFkUXes7CyUrDDVR0TGGdy3JesOw4muuo
sub_1567,k882U8w3gMLFKWB3D9a3W5DsMBYXoCuZPXFJxIDU38w
sub_1568,kClw6T0Yv79VtY48DiyFMfsuuOMwBprL3Low-oY3uFs
sub_1569,kFQWHdudWw32Mboxwem7R_l1Ac7AfRDq8lXvnYA85hM
sub_1570,kIosKBvrouT2CfUkiqjmsqqm4UXFJ411t3NDPSJ8HpI
sub_1571,kIylnWWgtxbfedUMpfR5Ot3-iuysBKh-wHxw0Qwh46c
sub_1572,kJbq4rY7KCtD0ik0QWdzgPTcAAt4SXHnOOMEstRxGQw
sub_1573,kLbxk6RYyVTXN9utH5phVjw6H7lc21wfUA1WCZVA7Dc
sub_1574,kOBRGSwc90LmUZQtflmOfNma8UNd25tNaz6gzFDO3Ls
sub_1575,kS2l8BxM3FEOQkITlQkcnXc44EucNbX6pOL0_-l8iZY
sub_1576,kVM9QASz00QiqQUqerI8IdstVAmfwA4h45LsvqAsvcE
sub_1577,k_ALk387TjLFRupaBKTlXxUjpZ-78TijOn7Y3Z_7BVQ
sub_1578,kgpXTC6Xsq50_lio5aem8f1QeSKqK_A9n0inA-1A8B0
sub_1579,kpJsMMDnIW0Iw7oC5zZySsWphjLg40e1PQodDo2j_1U
sub_1580,kudcSOvAnm6tS_fEp0t7nRXTS4beirgkhdIMB6YNHSo
sub_1581,kxH9CwuvoCoy93lDhjDtkA6vwDpKxRo1t6KirECKe5k
sub_1582,kyz1oqvKhlrRuTU_bXVI1qgTBQkB6FqPDJLRCm7WysU
sub_1583,kz9ZsjGgGBk7YU59d-1Ng5TuoWc72Bzj7y2HWR_FbmU
sub_1584,l-5tHrJ09gaRXgd1b8cMr5g2RmzK6SdUzAuxCkpoMIc
sub_1585,l-gXZnHsBFmj5EGlgipMjF_8Mfbdh_tzYy30j5weOzc
sub_1586,l2351wsWOcvkR_MfXQ3uI5_DS5U2eMCkNQcxw-qyfFg
sub_1587,l2okRHurs3xMdNqHEqWFzVB_g4YbGoUUvMCToetp_mA
sub_1588,l3RUA6WnT3ZgHcRQ26cTjxHwJhdd1CZhG52_CZR6k1I
sub_1589,l5EVWtfrpHCHEhPFyIVQ4ukpQPaWTCD4A8xKKWVC_-0
sub_1590,l6-GeBGVeOEiQXIVpFg1JdGUeQFiZmjSiDr0ThLKCFQ
sub_1591,lBh94k4B_fpqFfHMS_pw_1jthlieAw2E4LfK4UlD1tM
sub_1592,lIMBdxq-hL2x3khzzweWS3Utwae_OMRtc6VCQFBZzok
sub_1593,lLaKUu8T6XGcAi6D6SUxeHWcwyyaBqLr1ZV9QWhll-8
sub_1594,lSIFy0ZBtOHtmpFgVEDMYk5Zt4ev4CTcC0Ua3LAI4q4
sub_1595,lUxLaupdCSzNw8q4fe14GroR2HfT3VHUrsgXRzrxlTo
sub_1596,lWTWAj_8Ggp1KXmvc5DKmTkDhb-mVN_oM5CnGCvo5GA
sub_1597,lWgtN-d-x97h9wtIUhzbOUqyZJ7pa6pGy2HlAIlKbm0
sub_1598,lWosDwk9v0WlDhLh-pvR_9YLzzzL9T3SmzEIt54NWpg
sub_1599,lYIW_RGcYd5D7RCfzAn0ZadwEJnbSCD8p-_uq8W4-8Q
sub_1600,lYnZlP0DOfYTeYfFIaR6gxDDuamKtDqT6LX0fHjC8bk
sub_1601,lboDkkqmFWE6Hd7B441lqe_tT2edIVK71nk-nuYJ_CA
sub_1602,lcbLSCufzIJ9vFTUNBi49vnsYb84DQiJlrX1v6a2wqw
sub_1603,lciKkBG-mwiMmZ1T6ANT6F5n0r4yrRqOU7BkqpkFgQE
sub_1604,lf1daDsTtl1HzV9Oozra0F_D4_8v6DaFaGXiFHp7pGQ
sub_1605,lfhlyIu2R0DVbQGuCpr1KScCz8_CLUPpzwyD3tc18Co
sub_1606,lkyhBZH_7_G8UcWiTqBujEauc0CA5LBqBVijmmk50uw
sub_1607,llo3NTj2etefabjXxPXIDQOi885hqO0iww42r4iSggs
sub_1608,lnaW5eQLv61loM0r1xTxYJ8wylCmL2XFYwqONdjUpx4
sub_1609,lnscEWH45_MGVPJYyOncmppFc7Ujvf_LH2hvl_MGtOM
sub_1610,loDW8BPQvxL-u20OmdRtorKTBUD3qagDBzTDsJvnZTs
sub_1611,lr54cFjU6elmXH8qEEp2x-Lrk8CumglhWnKIoyQQfdE
sub_1612,ls9fUnK1573pT7Fyf45tVpKpCusT2RsB8UyhMmloWSs
sub_1613,ltfgjZ159mAtD6e8s-nXozz-iUWaVDJ0WrHt8ogs4aM
sub_1614,lyUguDtiZsg3Gf3UTGaXEJUEbOxRj8I7FhzS6dRdi8o
sub_1615,m2Z2lux39g4KvRFrEB5ZT93C6Z2l6ZiXUDnVqL3JDR0
sub_1616,m3-xxrOtkDHwzPWWmH0k2JhHuxoCvZySmVljoy4F8JI
sub_1617,m4x6xWTQBST-ZnQXosv-NbuU8LBARkSV8RUqkyp5wbI
sub_1618,m5iE5ONAl9oOehQUPESjjt3iAA68qXS_JJKffnRNnjE
sub_1619,m6bnnhstozF5e3qocMoIjdCFW_yH6vh1K68T40-77SE
sub_1620,m70ndgfKAM_jHaYlk3InxW-JioR7M7Jrv51fu-wGer4
sub_1621,m99OQllmKlgocAaVE09co8PhQIg6T-MxzDlrm-0Cjm4
sub_1622,mCSg7N-JBEONi5Nx2883EbRygYErTNtcAgsroNR3-hg
sub_1623,mDACIlaNmQ7lp0TMSe1FistXFwAFa2uKV4Hry8vADdQ
sub_1624,mKjtVtOlfAQeMaoAtJ6HVmzy2PiT2kqcn3ihTmy3rU0
sub_1625,mOF2Iw3AQtVD-ztvPCXD16TRq_eNshWti4w2kxpGzuo
sub_1626,mPEeKV6ayBP8AZEpSrOlZH52Y5hGFzTp28UEVFaivvc
sub_1627,mS42ublMqtTjVWM-sw8on9NbezTgnSeBQSqv7IXUOss
sub_1628,mTsjIVTuExMqDOs4rgUWzVrk_s-3Y2syQl4NyccrLbI
sub_1629,mU1drvS29MI7Z3LXMpudK_NMTUwuBHDFilo491kDmqQ
sub_1630,mXzX-SN8OC8EIWwSxv7P_JmQIr68tP1bgpx1EW04xNA
sub_1631,mZBum4Ul2F5DEsR19mBgDeFkIXu1udjoMSO9uRHC9h0
sub_1632,mZ_PauayAxDb37B_M6Ztfwe1OCaxEISjEWn4byIMrYQ
sub_1633,m_DzcHW_ROvQU3vvfw3fLwgO75zkB80mZj8paA3DUME
sub_1634,mbIqw88mdJ0jLoDKoLWng-VdsE3YW3oncjIckgb9dsk
sub_1635,me6W9DDi6oFf_-XnSWBG6DodoIp9UmCyc4sX73d9NUk
sub_1636,meW7irc04rTSjma1qnGWxm0czU9rn_s-d2g8j1DczZE
sub_1637,mggKD_qrTacSXiWfJBlKFW_9UubvJYtbeJVGPXz_ScE
sub_1638,mh64Ub_1zlkscJ7gqBynMC8kLMrOcR35SBwCas8jBi4
sub_1639,mnuSQko5b3nfT6pXHFHQCfqFEfgbT-1Ejvb3Ywt_Gxs
sub_1640,moSoucNK9FIMD5_Tg6E9GIyDO-hh_E7PZOgFMRoOu1w
sub_1641,muEJNrFoTT_vtClaQ-QbYu1poMnNlzel_d1gPHXf264
sub_1642,mv17v5Yut6vxJ99d7SMo7-yJ5OG02y9QWcAUvlYwN9A
sub_1643,mxHdyqO0muEOOY8F9RPm4GeZqhWO1pjThEJFK1dkjHU
sub_1644,n-Is4aWHtDfGrZqpwWVO7YjFIZx2yEw2oyt9J8kCks4
sub_1645,n0KH7rUQ0xDsKC2jKU1jnzAUJkk2qOWyDQP0EJFd6-k
sub_1646,n0yOtw6cF3IUIEvaR2AhQHWDOeeF7ZRxRTaGIh8Osj4
sub_1647,n4BK7cRJclRIbsDzzYnvMCsuAwJrnvrM8RS8dgUrkyQ
sub_1648,n7A7slctUm4MtbuaSIKO2lyqaHxpjkbyfD_02oUtQFs
sub_1649,n8freJbl-muE-nAC5QYGmba7phosloMOyFMeOxo_BCw
sub_1650,nABobY93RIm5CgL2YfJ3aZnXF6_za1yd1oNPrC3bszI
sub_1651,nGpf1Fh-VHoyFqv87PtGf1hj-nrupvL6qdTafPpuTgU
sub_1652,nICeaDBtO_qgPeDvXMpKKieTd16GzfPSMb50AhP5828
sub_1653,nJFMmSoZs5Zs5-RgDcZZn8YTMctB5tHfa-q-Xv1CEaw
sub_1654,nJJBOqgWjpSrrS1KLVLLXOYuWUq284qw6hLwLsyZZAA
sub_1655,nL8SIHTjONEByo1JztFA9AVcjrXz9wOHW4yzRYwF_J8
sub_1656,nMMHWDost2iUl31BLvWh4NSJXHyJYOwmCtahSJmyiSI
sub_1657,nMxtSMqdaQ8vFXyyv3RjKPaq6_NYNtochvAYm1MyzrM
sub_1658,nNXq0IilU2cZKESnWGn-mUPihDLruYCPSvRXfQaaV8U
sub_1659,nNupwm_XMGtXuPI0XoKClyBSW0F_x8ghtyggcx0P4Z0
sub_1660,nPHamFdUaSXyGPPAPw-ILDnnHjvnHkP-T5IiOOC0Q_k
sub_1661,nPU_MwQ8y7tbsYl3ae8_1bhuRhlK1IZGMWEPZRe9Gpk
sub_1662,nRatvgqbYTN77typTgGm4bAurxzpvf5nYg2Mb3gdh8c
sub_1663,nUWW4_KfZICmN5fvwIGIwD0ZCRB5Um_URm1-dET6r-Y
sub_1664,nU_YrRd67Uyc4OjJ9yonyyfzsYLBPYVuQq3ACDVJJ-M
sub_1665,nV9DFb-Q2_nOAvjVsdQfU8k4fFb7czvAhHHP-qkAxFY
sub_1666,nVpOVrjB1lX9c-PX6KRkqdy4OFCNZVUXPMt0NrbfYcE
sub_1667,nZUlJ3oSfVH51kquU28D-F9NwL3UjnLsxtsY2y6qXts
sub_1668,nZ_F3FPNpkjfMK-1_NaNvBYB7i3g8W6RuBgWnBRgTfM
sub_1669,nba34fQdYxD3Bxj1y5BEd1fPxufvWVy9DhQtUfaIH9M
sub_1670,nby1eL0lqv5vd4YvP53ZyxxZIYlwHkES820Jiiz0opo
sub_1671,nh_ZxN4DvGlwanngZgV37T3RcojuHQnZE11sWsIw6h8
sub_1672,nkdZDs67o3e0aM_zZaUqTtkeEM60_ss65FaulUeepFM
sub_1673,nmwUdkQwCmcQiJyo6rrCHuV28ZxXdzKhtDLzrY831HQ
sub_1674,no9mEnb8NFxLiMBVByg8fUEehgDTcxNt4M7NPIi_gVw
sub_1675,nqv6bwK1uqNLONZs9FpR9thlIWuTS1qH6GJE7dMkFQg
sub_1676,nsbnyeVNqGE6igHc_yqwmJajcmsYZYWjB0nxkVqAZxk
sub_1677,nvr64DIUTZJbg86q3FJTr-oLxmPJ55Cm24d-XIPwzyY
sub_1678,nz2mzZAjLRJlu4yf3pLDwxKY9gL_sw_FVCWP8PyNSRE
sub_1679,nz721hZrCwq7GrpohgBOLERaZ2oP-ABupauvqlS45fI
sub_1680,nzXOIrME2nqNezEfWx5KEho04ts4yIAklDSTuurjdZ8
sub_1681,o-_gWQyCnze7uTFo_sg8XmTniRktMdxB4P0EGtKaMY8
sub_1682,o22WPLRUOVf1tlPThlczPc5xAAx1WMdRP-Xn_MhHUGI
sub_1683,o4H4g9fCPDr3Xo2y94JrLOdXILEkFoThmXshoJIlXNA
sub_1684,o7s58PUTsT5yQd8DXsSetqhtl2BHn-coxbDQIC4PKL0
sub_1685,o8I7BC05vsyAYnyPOuAj4_XmXRQ9jB_gHDSlzU4zXUU
sub_1686,o8_091aPCfhmP8-DLu5nr5RXd-uGjUUZSX7Bqj-DcIA
sub_1687,o9nOvUoHnwP2VDsgiu6eWZT9-w2k3xcdrXzS_3USI6c
sub_1688,oCR2_jIGeAq0IqYJOiompcg3HuhvGx3G8cstwrxai7o
sub_1689,oD8YJ6R_haD-1PxgZIfodoEgImW0px7SWqq-p-r64dI
sub_1690,oGloXV80eCkx0G3DK31azJi7hXg0OWlgkMxLf1UTyzQ
sub_1691,oHv-WsmLya2pGjXGy7Mwj9Zcw_Wh1D7VjiZDysIuTL4
sub_1692,oI_BOnigfzo5Jsd5owKqNQ1kATGsx3AM4knkcu9Uato
sub_1693,oMB3E-44PX48RlnlBdI5NDIZr6gNJHUvT_ttGa6SGi0
sub_1694,oP0OgazySv5ASkVhP55xjlxtlUkANhXAiKB876Y898s
sub_1695,oP_caYV94VClEmcKqdXPcwfMeQYmYdeW5LbFijNGoDE
sub_1696,oPk9abx21incMw-PVVX2KFDa_-S5yjwVTV6p77DB46M
sub_1697,oS_C1MttlvoWAwgApjtE5SKqUsaolFgKCOnaqaBlijY
sub_1698,oSmR2EI7gSPSK6CMthxoVUFU3BJ93YaAMVnCF4EmSz8
sub_1699,oT7XIx-YigVXnuotaCPDB23dc_zQ6hb0UyWUf_Y2tnk
sub_1700,oTn7L_Kt7bdAz045HTeD7Y2ttCliS8s4ZEbzic1Uj7g
sub_1701,oUuBVZfCJazF-eHB_8vEqHuLJsp_EpzDzEM_ipglDEo
sub_1702,oWFBFFV2dtIyJFBBpNkjkPQ5nQBChrUWbW6wxMrxYWE
sub_1703,o_P4XZjstn1eM91yD9l-jZt4i4zQRxyWh2IjXFPvc3U
sub_1704,oc2h59m5ItO-p044Geg0H9hF4F70AXkcfA-88K7Zh7A
sub_1705,ocXcj8WETZi5Gd2VKpBnoNe8WFBcro0dRSKIaAWp7g4
sub_1706,oenot-0aaDdOZghQnGD7HJUBTM0mLIfdHyxN_IsrTCU
sub_1707,okmi0_4jJE4x4oUzQGWqaUr7qAXVZmr0M0sWv-wRfCw
sub_1708,olb1KgewwcknV3nvvfqj3tJrItnXb0boVYwQGAC6dAI
sub_1709,olebiZEFHBIYnjmdGYj2D11Xweg7woG3LoXZ3xeSfIA
sub_1710,opf_R-6m4iNqlLydoA2fqsvTWLcCUJAUaY0T8OQlZuc
sub_1711,oqyH_veC46ItEB8qeSDlvqg4-GdVD74zXF5Ntiqju_c
sub_1712,os8rca5LifuemvkzoB9-axuU67-vtctY_IUwtoC3oQY
sub_1713,otv0DP1zrEXrxW55YauWB0pfe7NayeXsvMyzJFUmwfw
sub_1714,ovNyxkRrq34hkn8P45dbvUPCZg6t3Qb6Iphtrxeqd1Y
sub_1715,ovnBSPqpMWFe7XvT7u5nWpfi6FqnMUN45JfWEPw5ieY
sub_1716,oxkxGp4O5kRM_yq45ZJMHouX_gxIjQnW3X0DzFAgbx0
sub_1717,oxzahShpwTQze5nBX1K1MEam1UYQO9hhMx1zr0E08cs
sub_1718,oz15nKHCHoQdBfn6TI7s2hgG__qe6NVVjwNYEKf8uLU
sub_1719,p2B4yI1jryEWWbCCxGaBlXZf-6KhftowvESTZC8Sk-c
sub_1720,p6OY-E1DhH9SvcX_Qzm8cEniMCLJxRAWANGHBaikc9c
sub_1721,p86gFKi4pupsfPfBKxQfGWFRh8bDdRQ7MFJFmDT9b6Y
sub_1722,p9UBBzONdLw1-ebQJIVkn4mDOHLN0qQx1RnWnqksvu4
sub_1723,pK4RpWfdiM4ahJRpUMBX0C1RAg8HoB1Q9L2SO13tW4I
sub_1724,pKRLPLEKQlOAYkS3cSoDzCvwIHDUu83thaeib6rgK9M
sub_1725,pLH84ObNWBL9AUJx-t3hJIuOr9T3qpFJFHnXtfrgNmY
sub_1726,pMnXRR4wol-MqJYDEWJNQo91TG9sdN2LJPzQEZjnroc
sub_1727,pPjzmrsxYBEszhwDcZQV900uT3FQYYtzNqwFhyGZB6o
sub_1728,pRw9geCWNea0tK6RKkIE92d7e9FJl6Yz7t14twoTQPo
sub_1729,pUBjnp1v-_G6KQHymv70x4a8qg_r_f-L7RbMKnMbNC4
sub_1730,p_yVcHIa8_0dKhYnZw7I5Ye4ilVTfGUp4pwqdcjGKZg
sub_1731,pcSg5EC6_9nB-gF5hay8T1OenZX3-08HESOONNxdlFE
sub_1732,pdXpp5PYFQJ7GLK53JO7ASvIMtofhcr8LJNqMCS4YWo
sub_1733,pencMfrIHPxVhUCSU46MG-GTnQQ2Wi7TADySsumy80E
sub_1734,peqbN0eHFV0JIsHpIDwxcN9iRKDbQRyZj8Z9LX12cO0
sub_1735,pfP1nZB-5-E3EXZwDe2oFWA8ymDVcLt0kfV2IQOmGlQ
sub_1736,pgaplaTaTizCWwkyY-h3YOyc7DjT3EYcLoZ7Y-wKaR4
sub_1737,pgzn5uA5mmZ0azyffDXXtJb5jnJMN_NeZL3kbGoCnvw
sub_1738,pkM5J5U7Np7qVseeF6PLdqZWQdOcDRVOqPo96OiweP8
sub_1739,pqOj_7-f3y7QFL8czSo4PF7CyeEAuJctuGbMvsnm4I0
sub_1740,pyuLlOYPSylmUA3brMMlIpsuuizSfDnj7U_OmaMT1A4
sub_1741,q-Kf4CuidPFk5_kK6wmkeYfRrU4pfRvIgdkDeUAS-bs
sub_1742,q29Ka7U5AnBBzFK_CLTWyiYURy4qRpXDfow3l0wt7Is
sub_1743,q68ers8KpX1SPgX0jbGF-cK0SOLGfikQ_tJlyhVGO_Y
sub_1744,q7AXDs_MHxY00kv_zS7RiWNhO5PT44Dq9WdTIg4vJOQ
sub_1745,q8H1M2ZEMD0L5qVG6bYCYULEM9nJ1AnGfSwVD3ZHqzY
sub_1746,q9BBi3lldQ6SpNgO0ZLVR1HF0zJ02OowzMoPc03_sAM
sub_1747,qC0CjHxBS8YG9nJlbKCjTagOLAuGjeh88yhjMdpJTPk
sub_1748,qKH6FInPqriy3flix8U2ftN-0-jcGKl24kiwk9ZTZwM
sub_1749,qMSCpa4ImZX2Xq_Lxv5Dk_6kC9ky4gHUuXH-B2vJ0nw
sub_1750,qO2JJJ3Ee8e_vihSLCUd_lLPfQfBkBsw3tFVMmy94MI
sub_1751,qQOTtZI_-c558xi6ylqreJDMn_bffPbdd1ZmKGJTKvA
sub_1752,qQo_oIPiQ5oiU6FKlKj0rQl95bc57Mf2fx4ZfLoCMsg
sub_1753,qS2_LwZ498JjhCo8GH05WxJwGZ0obuoTjp3ZbGZEKWo
sub_1754,qS9bgiy-nVA3MQvrhB5ffqRlkn7njLlUgue_gZbHF6Y
sub_1755,qUc9UKQvP2c1JVM4aDHOEkXlKASHf1cXEEvpw-jAlxY
sub_1756,qVgPlaShYxE8kMc1gKBzUkgjkKwH67HD-I489HIo_Is
sub_1757,qYlb2EfOLZbw-sluXUOq5gcJJqpWXrFDdguVbtfB6Z0
sub_1758,qZ7bhYR_ffKpcpSwBqoIIKCnWKb1wcGqnJaP-iBdGIY
sub_1759,qZXI0SfrYMQ8UCci1ry2-9K98F_CxJ8Pg67dqwe3a9E
sub_1760,qc3FfHbr8eUQpyG0rmJ-RY_9IBS_Y5HiPO6S5hmvdIY
sub_1761,qczUZadyi4UuYVWLLDxHzbgY7ijckkCjpCx8k3lj2DE
sub_1762,qdsEw-Dvb_xmFa6q7s-GuqdxNzWLX7xR7e3PQfehp4o
sub_1763,qeRW33RGf_zYM3td6IuiK2CDD_9-kpNG12W6DWZ991A
sub_1764,qep3n84aaCKasBgO2BeR31QM8ZpVgzLqezLOAO_k3tU
sub_1765,qg64n2zB1ne740AL2hZHPDEyZg-bZ-55iWscPgYh74o
sub_1766,qj0NOy4kSIpFvObGgE8skb1QToexAhxbWYMp1-UVgX8
sub_1767,qjI5gzFZD5ngTks54SsoluCXKJzmR0yh7utNvmupAvA
sub_1768,qkz_UfSXcjp8o00AfqoYSjbNMb-eyPPlCHaTQFRoo5s
sub_1769,qlh6EoNuOlq4KifOwd7sb0yK_jvvb0iPEOngcregPcc
sub_1770,qqTK7jXl6nUoy-hIAa5PKc0PZpdTZ5l8PHtodgNN_Eo
sub_1771,qrVKaC58VtESle4b_JRoEpCYYt6Kmyooh4yY5RpFmkM
sub_1772,qsGuLS0t2DexoLPkV8YHaP83ZOSZRpFyk19opV6sfrQ
sub_1773,qte7wJiIBIyLyRkpph7yIEKvsPSFXWsx1rKn4K4KNjk
sub_1774,qxaAxeRsvyxj304VJr5dNo6GRTvgg9Bdp_kozDvu6o8
sub_1775,r07mJnfLAzgEyz5m_Y10pk_bmMwES4T4UiAqeD8petY
sub_1776,r0LT9iFmm69nvU2IOfa2IqEOmYvLbJ_kwZF2xw4CcxM
sub_1777,r1QbDZDoHtvpjsh3VrHS3khZg6_tDrsNZaR8OsoT_So
sub_1778,r51xiWOSHi5mURV_03yspWiI8q1wvlXqwlVn88NNcb0
sub_1779,r53IS9V3EcytvMNW2hk3t_CiKvIdj6AphqbbiMy7rSc
sub_1780,r67a1MX5mFytfJ6cLSrl30wQyc19CYcYWr5wuoz8GV4
sub_1781,r6LX8wM1sDhOh00gUNbyvkIxaMi_IjeFBIPyT4nH2eU
sub_1782,rBm27O5ZrP9rBC42jUthUitX75oq8ro6WrJdzyjKx_g
sub_1783,rFUJ4sAg0xJpMiKyCvjFG1t15y-fUlnBwpCJyti9lHU
sub_1784,rK2atJFxHpSGXjwbvuYsSDsE9FuZYBY1-pTFM4NfxIE
sub_1785,rLy5q5GzDMlUYUv7CAo2X89t0qncU_-j15zxHuxCHoQ
sub_1786,rOQGLF0OBGELMkPJY-JjgIMCcUO2PYAMdhMRVi_kpBw
sub_1787,rQEW2xANPRFnYpwxbKMqPRbLJhObWL6LuXKOnJQmaWw
sub_1788,rUaxG5kxy4etiiPjgxnSoJG7w6cotHpyuuo-nHkSccE
sub_1789,rUc4yxBryYIYNvtwQfEXmFbgPyKVjeyD2wBIvez1ybA
sub_1790,rUi9LOZOzNvEIft3iJ1Upf8rNtLDXnwD18IAqudZ2aU
sub_1791,r_M-e-dMjS9OIngF7UjeJnmTDwuFUh-8Qdfz1B-W7X8
sub_1792,rb3jDSFUBedt6RwCFpsqYMWbUev_VfQHdsgl53MsB-s
sub_1793,rbqXSO8r3ptq7WprPA1JX6__MhYsUVsfts58LQjoBfk
sub_1794,rhUrMSeO7Nb-lPQHSDizeYFdm1ZkYzFozoaL92zkAZ0
sub_1795,rnCbgkcKJEpmQCBF_ZhCFcTMWiXF7AL4txLtprZ-rS8
sub_1796,rnKJYS0diYIKNKmo0QhQfu6Y1RNxQE909ig7dvEnhPY
sub_1797,rn_dgos7KqrbFrABkiPVEAjWMn-tIOqu53KliC4yzus
sub_1798,ro7fbgrTpvIYxNOi6U2xNVTW0NgXJavWXzbY2gww5DE
sub_1799,rp_bxD01AdOZy0FS06mBgDSM5Dl6OnRh8IhfyUTeY04
sub_1800,rqtGE9A1rD3A4SmA9Yqwi30ipbXcpspJpBDoRyiBUR0
sub_1801,rsEsfaP1dnCyh9yJzWRO0Ku08gXboR0XWeXMM2BiiGI
sub_1802,rtGBTi9ZE83FssWFBZJvFi5v52WDBjqIzHJqfhYaDRM
sub_1803,ruUChlhWH6x7TjiSLy_KREcgFsU0wQEcCf25PKt10OA
sub_1804,rwNErR4KYZAKDumaBGC0fMvhVtJa46wtR7SNo1CmNew
sub_1805,rzu2ZrU0Un51iqokosFv06qyd8NnxkFc2PtpHTqQmOU
sub_1806,s4AP8XbPAce8ZoyzTFFkrlAfLcAQqQu_H2hmMfICdoE
sub_1807,s54yIZNewRa3lzGAm5m3geWsbCp6MKlTEJ-t5WEeY8k
sub_1808,s7ogioDf1U8mqqsD7r99clapeOQQfyr55h2X3ap3XJE
sub_1809,sCEkfbrKxA6OqB5WZ6HKBdaoenNQrFoQxjlt8xdjO68
sub_1810,sGpcX0Yq8iMy7jj5gJEpMC-1YcvbNWitT5S6X5YYhJI
sub_1811,sMKDTMq0K_2kq4Rm3JYEPP9XgLwkcLoEBSBREGgpWWI
sub_1812,sUCS7u8WIN8oyROc76GB5lrMQKk-ihfjZysBJn0EG2M
sub_1813,sV2bCzbq3Km3o9m2k5DndlwmYwylBErPqag8rRhOh8w
sub_1814,sXMhWLtO-Da_hqX7tZlbP-bn59Js2Y0HD97v0XootWU
sub_1815,s_KuB0FTrJowaJCSsCAvl-4zKP_oPTv3VjKQlyXI1z4
sub_1816,sbQvj1s6jkDVhXgQ-r25lf6vvSl0TrHiz6OjVrWpd9g
sub_1817,sjwyDUSvxsLtz0E-a3Nj5d5-qcL0R4MQiS0oFjPKacE
sub_1818,skzGOYxbS_sPEDnG9T6PZwaVNso_jWK6KnpeznXfw4k
sub_1819,slOKLPyTsRXyhmLtpNxjwCKXUf5GBV51jreHY4MUjZ8
sub_1820,sm5DOefQNnBRCVEsUVAvSZyhkEMTrcTwh3hFc2m8v0s
sub_1821,soXWSXWzuNg6DNTf3hkD4MDkxGtFx-78TcSQW-9HcC8
sub_1822,sorxnN9FtKKvZrZlIhYfhuPZY_CS5YNxCbNyso5F0Qo
sub_1823,srU1eubj5ULw4Y7MtBKwsu2tWtaUfME6nFF6iczt9hM
sub_1824,szjnIheGm31ZBT1qQVdtNiD8j9DEbpXX49lUJGGoy70
sub_1825,t1LgFtJQwjF0iR-F2AVrdzeNojWERTSEnwPfxDQwfkU
sub_1826,t6xJLdAOh8IwlmY-KssZFvfWFossDWgDBdGj16s_NWg
sub_1827,t8e5FBXCLjG2YndD7s8U4bOme2PDNMrXqjETMJPc154
sub_1828,t9Z1V2IlcVb9SWtnnR1JSTL06q7FCxEuYMrMETTOcyo
sub_1829,tEKuOjDmwBoCevtE4mx2nbBN_cLFn20UlJKJR3qwlyM
sub_1830,tHlUh9CpvOLylJ9a7HQxa6tAoaZSpk3JaUOB9RRfHCY
sub_1831,tIzeDx_VLh7QRmoai5gxMBmGeEtLIWKgsYivC1LNF8A
sub_1832,tKHi87qSvJrSlso55catxSZkeH2nTfQJ-omJ_79mJJ0
sub_1833,tL__KpRuQb31MRz99wg-6vFhlMCBokmPAMPJfORkXKY
sub_1834,tQF4H5bqlHtSHmmClQxq0JkZ1Rom7piv5U_OutDWA5c
sub_1835,tQIti8gz6zcsHCpM00XkYvmMoKu0psXq-m-vSKBiUjw
sub_1836,tSmlCyLORH6VB-Q3-KA93xMd9htfy-YeQytwIAsApCc
sub_1837,tUXZCS0cx7bOR3x4zowjYasfwlwLZfwh6XaJ2ki7RO4
sub_1838,tUYlv4GX0ZmahKhPdKkB63BAfZ0-5z048-POR9ivZdc
sub_1839,tVXeCNIuCZXePbPiwmPWaUWgIaHLU_yCxFoWUn6T-8Y
sub_1840,tZGSxqVqjMexWpvXsaOAWmJ3GEFkyAoaw7mRLLqs5HE
sub_1841,t_z08NlVzfrSwudfkajr6oQ6Ba2O4h6Xy31nB_12220
sub_1842,taHC-Pu6QIN7Hwnm8L-LKUT1djCbnSzOxBA9OiofoDA
sub_1843,taNdJwWqZQkNVTvamZvpGL-2JtXXAHxTeSdir1wkvCc
sub_1844,taY0el3_XhjW7ijwqSr1qz5BLr32IGP4RnWVV54M6mw
sub_1845,tb08T2fxSToJ6i-7Xh8ezs1aDkWoYFOOSqqI7AVSUQU
sub_1846,tdtyaZRYmZKM-bdblH0FfyZkcbUtz1EvV_2e5HyXCR0
sub_1847,thTDLlx0MuTg3IqWfgAJQPPWksOt-6n3bnTpjJiuUrg
sub_1848,ti2fvqxhFjIFuLhF23WHc7MpXMuWw4g4ccLAz9ztE-8
sub_1849,tiAYJnzByCVYjn5nAAVLhmzkaAWwbwxrudscG6replM
sub_1850,tibhUXl23UjFiLcOCFF99gGi_lX0XzBwAGIwDOE6Pt8
sub_1851,tjR9iE3QtSNttTqJPH28TUHKj4DXuNznzeziAR3t1Ko
sub_1852,tkPLFpLLTXN1pQHJLlKRp9ei3qB-rlFviG-8NlZux6c
sub_1853,tk_IQHyKKnSaRC7JnLs-wuJPSlb-vArUTnfOWsgSapQ
sub_1854,tnGB-cg-_pSmt7YQ3y3GNnX1smqoOnZBoYvHhIxFHQQ
sub_1855,tnzCZ2q_Aej8gIWj11YPJLlkCDOEqmDvuLwqyliQL4A
sub_1856,tr0fHdMMfA31TbERAMt8AbVSEaqUoip0rGkh7_UZp8o
sub_1857,txX1Tky6J40Ji5FT5YmG2djk7o5r_LxjNrosBNqKwso
sub_1858,tygLRr1E8gG_s_W-M_TJ45C09ekCUmSmmMfxWpCvKsg
sub_1859,tyn9j47LY8cGgO8IP8uP1Vm5Fl6erJ8NlugiCYYaIps
sub_1860,tyssJGCMBYb9oc9HA0srm3Wn-pmvkuZcYOwGJZ-QTxU
sub_1861,u-19n5ZqWqhr06xLR-DOLpXuTZ45cUnyQKTNCI5HuYk
sub_1862,u07G5TYMFbF4QzK63kMFsfARkajwYnT-rdQme1PYiSY
sub_1863,u0MjoQ1vUciA1ahHpgs9v5JLbXFvWMHrdb6ZHmooDH8
sub_1864,u1lneePh9BHam7nXq3UOqovz5yG5yp7Rtrw1iJd-R9o
sub_1865,u2VX_rR-b9Ygp5ToLLA8grPCNIFtLlV7lY34UmeWmAs
sub_1866,uAOOOjHPJ3RXlBmGW_om8GdJtFFic0Iz8IdGGMtit7w
sub_1867,uBAsKRfRm5MXsOWXJqfSC1WAeKWdaj0Oo6x4F_eWJbo
sub_1868,uJfbAqPkg2Okh3LwSwVvQlZs4GIYC-RuCTgisPy4J6Q
sub_1869,uLc90kNvde_PqSGhEhwm7s-hpzM4y8fj5cu2OcSZxIM
sub_1870,uO_qALgHkLxiy5tnJbwoiRdQpWO7uAdVNfIcPOzdLho
sub_1871,uOfQmgHgLvsAS6ox9WwBuVyGBbYap1_IrTCV6VWgsao
sub_1872,uOvuHjwJCj0pqWmNVTjcbprS1h6pPRfNxdFvEVCkxfE
sub_1873,uS4Nlsd6VQjC_MbPDR76MiYZCfgKQsrZG_UwbKzH20A
sub_1874,uWNpWS7y4dopu_NEgKaaddY0E1Ij2OHO_HGyMEBUNkM
sub_1875,uXi436Vjox-vnD9lTjC-PjqqrwtRzTOmhLa4bhkuljg
sub_1876,ubVAitnCo_I9HO37k8svKgawcY__4zv3ELSGh0ktRL0
sub_1877,uc-v1U8HMj6nz2aVav24MAHM1D6plrOqyrGqpU7EfTs
sub_1878,uc1Re61ht1q4VOQ-3zxfqpcHB5S6a9Xv5Sba5zlfCus
sub_1879,ue3P1rds2SorwiUP4tCm0-7FzgMFwMCRwqVvbKo9jwc
sub_1880,uhpH2ejZMnSrQig1lYQYnAR1oADqLRP4gk1gxc7uUVg
sub_1881,uiYjbCk669ecxx2gO_QOYEwq_tM2ysdwnJYC6LCPHws
sub_1882,uicBrPyYRi1_A7BeIUg6-tDnn2xFKcLQ1QNKXW341-M
sub_1883,uk-CtxwNfL2uxYjW-QCuXNC66fHWCTOCB8AmchLLHZk
sub_1884,ukP5jeVth41W49uCDHzCO9ZPBR4srWQKb6qG9Onwlzg
sub_1885,un8lHY8pzv7e8SOSo44QLNdPD_PcMp_hHnBEvkCNALg
sub_1886,unOs3TADGhrMFaKkg4_Eo5MgwiFhSjq2QKcXlW71pII
sub_1887,upa6foQNb8RjG3rcyAiG0Np9ls0JeJ_nBr0CRoL6I5g
sub_1888,uq1O6X0Y9q7pFMxvqbCnoSiEGqIGFzL9cptWlRaGfT8
sub_1889,uq4DCL_ezHJURMKCNyYgyF1N2J36sYaBy-zQsrYfIhA
sub_1890,uq8_zsy7waIFa6uIbv9oNPTu8sxth0AoEiFRAP62_M4
sub_1891,v1iwkawHa_mvcyShDuvDxHmLngn9qbkak_27bN022NA
sub_1892,v3PCZT6uKPNea1CY7sdEt32T9eMiuouaGXUx1nwp134
sub_1893,v82IZNN3sKt0SWeSUQM7c4TOAsem_w9oplTgAyvo6qg
sub_1894,v99TYhN-aL9jS37fT7K_87UxZ3DOZ9NikUOlfjWTfWc
sub_1895,vHjdwaRY5naOAXKux5fSUNFfUgRqIqfRUXY8v35nVaU
sub_1896,vK1-RUhICFZPQ66-rt3Ee3pOShmpzuq2ubSV1I_hdio
sub_1897,vMhSzosefiIYlQfyz1333UaP8cQszXJlLOgMkb5EEwA
sub_1898,vNlwWGtfiLjEZWc0BgWoeM6Bcbr6ZtdORMQSCuEovfI
sub_1899,vP1Sh-jJNg7AjHabR7sf1WRlUEiFa-Gke4hTuQkzhmQ
sub_1900,vPGGI_Lz5wep4ejoZaE88tytVmP1T_qOEZNtcjmxwT4
sub_1901,vTUMTWfXk8YXmiaksxKYyFQNIi0ThhUPaIoydVb21cY
sub_1902,vTYEdUF_1GnwMHC1j4X8J8i3IhfRvoxxQGvNTA4S3W8
sub_1903,vWFlbLfTUjToEddPoRHL53oszliCsgJnRA3DrfUfNZo
sub_1904,vbZZsZ3TYtTI253SiLaYLGYn-BT6NSlnN-B60PQzdHw
sub_1905,vdvTDSjhRKHZHLUlzHJioKgrnnNDEyfmvq1ao3LurbA
sub_1906,vesmBd6hOemqIxjvfj8NGFOgFQK5hcE4IiD-ZtifN3A
sub_1907,vgF_c42OznlpdGNkmuL10jZlnGamSbMLTtCRMA90hOY
sub_1908,vhwKWKR4nWlKpBiQxP1iKM7y7_URvtNrJMGwH2pLZpk
sub_1909,vjdssqMEzyDoZ89vb54P5mL3DbNpgZKbqM9hsT_33jQ
sub_1910,vk6NsCmopCC5j-Vi3Nb78pAEVsYNk6O2NkFueyEZyDs
sub_1911,vkHvQ67UHL3a7kq-fUCZkcjhWNCgRWnBFf36aZiyJ7o
sub_1912,vkksn2RCSbypUytk-hVipm2siTrFOOo4ThunldZNHEQ
sub_1913,vnohRvRete12wDp7zCI0rTWOjQO1NU48ZzyOXpEI_uk
sub_1914,vtUetlQRnFggW0gU19iG8wdTL-KlWikPJFIEMbsIWvw
sub_1915,vyv9RXH_n0ECpHdz6y7XqIDfyU0zqZ-g3xweaBQUHoI
sub_1916,w-YeNUe-dKCz4cUR9xfHme26fV_mCW8c1dldhYJX7fg
sub_1917,w0478BRgZeaZDHTp1jKrUoDgcAfnjTpVDHhWvxJHWIc
sub_1918,w07I5jNdD1zi2AlywjFYFhZ8pktMXikWmJ_XfIDvEzY
sub_1919,w1iNAbmo8qiJ7wnf4IPgadm4T5UJ-BUAqXNTItzYiqE
sub_1920,w4QLak14sViFntYhExx0tM4wy1u7Gp2VWqSbHOgO_Zc
sub_1921,w76W76Ab73IGN31Vw6kDRj-8VR_KOJsTO-UW1jFFRZM
sub_1922,wBNl8HpFrh4wxxJm-3LU1sbkM34RPMlF1qlBFb9FWhg
sub_1923,wEiE2pV4k1O3W5w6TXxcEU_zZGThKzJz5cV8M4nMpjo
sub_1924,wF2Klo0rth7qh_o1oCnMTyv4ApfQTKluNJS2gQqqtFs
sub_1925,wI9uiIebpGwG8SPPz4OvQbeNmnjoo9usVaFVBmE77KQ
sub_1926,wJ6EIiaq6fF357kTbqLVwrFTMl8jXk0rjW4MUbmJDX0
sub_1927,wTawr8HsdMVLaNEu2ZOTHUIRFivR018bEUH54zGumB8
sub_1928,wWnuKBtfD0TJTzw07s5OxNkw_Zewroc0oIVouE_-0iU
sub_1929,wXVCq4nyO3JYzDSQb9wB_wYHSmWme3NJAJQ1aPf75Co
sub_1930,wc_azdFhT2iyOCRehcDzjenKjCu6_V2YUqa2Ef0OyrU
sub_1931,weWJRVmjDv_3bFVt1lnvOCUgMHld2PnPtKmuacm6ryI
sub_1932,wfK9NCsWMRzQ9jWY63Sm2F3GCV3420MkC2-UolPBAR4
sub_1933,wo1RxJr9GOOIJx-_rCq-eYHvTzhqR4QfEtxMqNiXSGo
sub_1934,wrDOCu7G07S5kJa1UNP7ol5UvBk_emF2JM7U3KQNJjc
sub_1935,wsh4PsTD-ZDGz0KGlgGwVpROjGkHUQhaNcHVMhPH2fw
sub_1936,wtG3VS1hbhCZ1uA_tfz0jjFmWwxHJlmT38Kf-6if8kM
sub_1937,wutFWbhih-orG3VCpSMZt-I-xZoTqfsFuJUDON0YUlE
sub_1938,wwRfbgJAoL-ClUneDMns80rl281NIQN8Vbg9gKbz68w
sub_1939,wyo56gHJyQO26BfciyAHy7U9Tx2QnhxCIv0tK_rDou4
sub_1940,wyzXYq1mCO53i8GE8uTF583tYOYGA7-eQOjJp1xBalI
sub_1941,wz-umYA1NHwsOVajgrrmL1RBo6f2Fx3FSVvr1KonBHA
sub_1942,wzelHnijeJR7FMP8UAwRHF40JQ-Z9EWkpHSa5MgxcPU
sub_1943,wzwVXZAO8tOG3nnjGoThbsv99F8lsarVgpB_bXMiTo4
sub_1944,x1f2s_UJaYPGwtUbwUWwA_KRu6TkqUbomKd-l04lF2M
sub_1945,x2fmUbzATJufaVIBNNEQHrtOCRFX3gQ6l9yZVZxvVFU
sub_1946,x54NmPF4cjmqTnA9SQHIL7zgFvkWMNIZw9MebTrPTn0
sub_1947,x7LgGXIftB0_VojHFSS80SnGLd2l2y2U-Tsp9wpqHcY
sub_1948,x9ThblNEs0d1SG65yjmPYY_sX3fjXL4C2XO5HI-dkP0
sub_1949,xBVdQpbiLJF3BxoZtzn-OHZMPcIQMvkLWLdOaCfZ5AE
sub_1950,xDkDn9i-PtqwB0-IudO0JVam7FDXjLNto_iyXDEfjg8
sub_1951,xKwQ25X_cBlo4v_7JJoYN9jWSY-MyA4C9QMM5xviELs
sub_1952,xMFmbjiky0uXbBCujAGXQHvXJz0nLCam1Ns4e2gC3eg
sub_1953,xUJD6pwIk3G3gwoDJV04spXq6fmrbl1jdbowhPrYk8k
sub_1954,xVVI5tmT-bXqckfISkHkOJJRxYvEMcoifHlX6gYmDnA
sub_1955,xaq2jlOyjHdkBcpihC9DT-AGTxF1GGU24i63T3VewWU
sub_1956,xcfe_6tpoBQhft1CICK_W65_X7M06TELdwCdWN6mX30
sub_1957,xiBzAG7Q6N9aw84ZIBPdKRaXxnpQWmIqPbNjkEfsuMI
sub_1958,xiIlFtub_tYSYAbklHkKFncM7qOhs6GkeRP1ftvw8h4
sub_1959,xmH69ldFvRNLGcaQLwW_bCUUU5H_GIuskbslCoMFw4Q
sub_1960,xnQIR5LnabjOmeUaRTnWw5ZrUNFbPAdXtagrBEqeDcE
sub_1961,xoNAmboD80UChuSRkEHzXPFIkh5Fcg2iclcsYL3C01o
sub_1962,xoetielk-jHR7YRaEhqDYaudPd0mWBXe3g4tx7BWn2k
sub_1963,xpLRSBTmbLquELZomksgYN0fN_-2EZ7NANEQHBOeGKo
sub_1964,xpPDaeqa7cFWYsOIUOk7-R9bijKBZszTk0YAStFyPdk
sub_1965,xq2OIh27XzHoWNtRfbtljxw4I9km2YNi_ANqzt_i5bU
sub_1966,xqSrD3kKSH0jt-tGr4oooGvGQfZkbplgahtlxiuWCIo
sub_1967,xrH6w3yGFfb_NKebLBvPplwbxT6R0LVLf5541a4hfN4
sub_1968,y32dEeA-iZr8Pt91kD30sOJRmugAdCm-jzF6aHYt_oE
sub_1969,y4MtxKNHf0hQ0LL3MpeaEF591MsPNqJtnbGj6FHH0wA
sub_1970,y78aCJqEaOUdDgPOeezXi7umAHL2m3duCPT9hBX1wnM
sub_1971,y7hSR5UpX8vKoYm6nR5r0qusD8pl-sTK-O7owV0VIPM
sub_1972,yB7E9wkbObCx2IbnItNECZraH370SZGu-Xm4n-hpxB0
sub_1973,yDKNHjVVLnOxD_oBdXqQW1d9SwZDDiKn-VdTJGev_T0
sub_1974,yFwn7aVInJZ3B8jS-mJhWYPwTVQHndSgQiahVTBh5fk
sub_1975,yG8urEXMQwYxRedKdQ0PzhAnG6wRRQ3Qhkcivj4uxSo
sub_1976,yI3ggbDDMGbpyUyqLMB2ESSttV7sTcq4Q3sljzli3-w
sub_1977,yNUzyGgE8w454leAPUJyfK-QivWU01bhmGRzYivMA_0
sub_1978,yQJHEnCXuh-Rkejoihhlb5cQH_Px67F8YR5GqeEs2Sw
sub_1979,yR175FYo-5EKEoza-5iE6JVKBmUVtYKlk6q_5C1nXrI
sub_1980,yUrfQDl6hedEUzSVmkWyRNjuuQUiNhjZlcAY9t-kWI4
sub_1981,yZU_zkLPyhJZVu9TszgzRx5eBR1gqAyaRarQj5M1b-Q
sub_1982,ycUM0ZvcGbWhQZfMY8CsUGDEeKHCVveSPSBvhkmkmv8
sub_1983,ykOqpg61ldXvylQ93x3YB33HI7oTavy301qEtZXWwHo
sub_1984,ylydQRqBfuQBAQhD2gWLuWSASwd-yNHmeB7ptrhMz5k
sub_1985,yq5Scc358deZ0smPM5s1QdKaSGCVrRPCoBDb5d7lRiQ
sub_1986,ysjUTkYsWk2w5-l05KpGpo41quzoU-YWRTZCrndNlLI
sub_1987,ytf4AiJs29Zl0YhmcryHTenc9awbx5rimRO5Xixg4Po
sub_1988,ywu7NoRMwxOcXB9tQxzQzTgwNkxYgGDaNan_jVqaI6M
sub_1989,yx3NAQN1gDhX5hDcrgZmzaIy5w_yyO9dcNkhFlcz_RQ
sub_1990,z-FjBHDB8lRvDHsxjblsHCwQlIrJX2ASn4RnA4icPCY
sub_1991,z0o7aFFYBEOC_-IjkRmJDhQhXZMvQnU-KGDfHH61XKc
sub_1992,z1Cj8-tPo7XuylEL1c1i8tcUCuQqRBQpmxaGq6HXPG8
sub_1993,z1q8vxM-R9ncP6uRoloYvCN3ntreu125l3OOpki5mOA
sub_1994,z4s4b8bsC7hQF46iowvWZErMqEkCg5FbcD3UBMBDuAg
sub_1995,z6ry-gQzsSjp1Cd3uRse3JdreAawUiaFUYlCqHTxEbI
sub_1996,z83O6aUc1qpDFMp7wl3jtTLGvDJX4jwrSOT6frHt0aQ
sub_1997,z8g60Y6KbwOUy4E9IISAHFzScXC51KTI7rzdiJ7bcek
sub_1998,zBZvrEemVw2x6OUbjBouVqzyGVLxsL6CvNNDYFOsKLI
sub_1999,zD8Kt_2XqRhXRFHZpvkIk57EYMtTCLWPALjAbFIKfo4
sub_2000,zEfVsePe7jAH5Sp23gybvRDHGq88LOP8Yg8asBY2Dec
sub_2001,zIJRdWHg4VGII2gi6UYcgGCRvU9TTPYwZgytyyDF_FY
sub_2002,zKE0XxJMySFUqByIqFZOiN0NKULgwCHvcKlXlLmBoYA
sub_2003,zK_20ZVlXng8zxikFeTQvkc3iNhxviWNE6NP7UqQZa0
sub_2004,zR93Dv0ufOhGfFtrHxUthSgsVuzRNlpav-GnIY9bXkc
sub_2005,z_dRmGW8VHAWcCqRqeHDiBPbeOEhjNbGnEmR2QMscJQ
sub_2006,zaGYbH8QUOj6VhRSv2ibTYSKUZ05kNNObVcy3GTtOsQ
sub_2007,zdbQ1prRzbkf5E4QCkM63hRWBbYPFmzD9k2QtFgYI6Y
sub_2008,zds1X5WYB1qKkZepOtxgzod7uPtX-dghjHUf5GGazOU
sub_2009,zgG3ULK--fwWdzIzXGYheAzod3MxKp9Zsgke2_a3kq4
sub_2010,ziKUi7f3SOKFW8Dqoz7x6j1zwCUn5mVMVWSb98wL_co
sub_2011,zmRG_1E_Nn8ySy4abP899E_O-HTwWNDrt0Me4kyaRm4
sub_2012,znV8NwKr-DTODq7msa0VSj5UNzp0auGG11oGWYIzWlo
sub_2013,znrHG0kR6ihoDtVJ3hKtsEv7efH8IcFOYL5va2Qqkv4
sub_2014,zqMxSbvyEBwZg0jFcfMR1B9fAq86pFKwQuOQ_Kjz_Lo
sub_2015,zrydWW1YldsSPK0Dey0YMyjPCF0jOvwBTfofxzTnNQI
sub_2016,ztF-PzganuRaZfhRBc44RANbhV4ff1VVXHRe6MgDYrI
sub_2017,ztYNUlq8M2d58t-fX1vsG5-JWNdZgtlUwYSBhDuryf8
sub_2018,zxWNGv-MTZSuC0Nx6fzyCJKLlpsfXZ-MDRmMX7pIKo0
